series_id,source,category,category_name,country_iso2,variable_name,dataset,key,filters_json,unit_measure_filter,frequency,start_period
AT_IP_001,eurostat,1,Industrial_production,AT,IP total industry excl construction (B-D),STS_INPR_M,,"{""geo"": ""AT"", ""s_adj"": ""SCA"", ""unit"": ""I21"", ""startPeriod"": 2003, ""nace_r2"": ""B-D""}",,,2003-01
BE_IP_001,eurostat,1,Industrial_production,BE,IP total industry excl construction (B-D),STS_INPR_M,,"{""geo"": ""BE"", ""s_adj"": ""SCA"", ""unit"": ""I21"", ""startPeriod"": 2003, ""nace_r2"": ""B-D""}",,,2003-01
CY_IP_001,eurostat,1,Industrial_production,CY,IP total industry excl construction (B-D),STS_INPR_M,,"{""geo"": ""CY"", ""s_adj"": ""SCA"", ""unit"": ""I21"", ""startPeriod"": 2003, ""nace_r2"": ""B-D""}",,,2003-01
DE_IP_001,eurostat,1,Industrial_production,DE,IP total industry excl construction (B-D),STS_INPR_M,,"{""geo"": ""DE"", ""s_adj"": ""SCA"", ""unit"": ""I21"", ""startPeriod"": 2003, ""nace_r2"": ""B-D""}",,,2003-01
EE_IP_001,eurostat,1,Industrial_production,EE,IP total industry excl construction (B-D),STS_INPR_M,,"{""geo"": ""EE"", ""s_adj"": ""SCA"", ""unit"": ""I21"", ""startPeriod"": 2003, ""nace_r2"": ""B-D""}",,,2003-01
ES_IP_001,eurostat,1,Industrial_production,ES,IP total industry excl construction (B-D),STS_INPR_M,,"{""geo"": ""ES"", ""s_adj"": ""SCA"", ""unit"": ""I21"", ""startPeriod"": 2003, ""nace_r2"": ""B-D""}",,,2003-01
FI_IP_001,eurostat,1,Industrial_production,FI,IP total industry excl construction (B-D),STS_INPR_M,,"{""geo"": ""FI"", ""s_adj"": ""SCA"", ""unit"": ""I21"", ""startPeriod"": 2003, ""nace_r2"": ""B-D""}",,,2003-01
FR_IP_001,eurostat,1,Industrial_production,FR,IP total industry excl construction (B-D),STS_INPR_M,,"{""geo"": ""FR"", ""s_adj"": ""SCA"", ""unit"": ""I21"", ""startPeriod"": 2003, ""nace_r2"": ""B-D""}",,,2003-01
GR_IP_001,eurostat,1,Industrial_production,GR,IP total industry excl construction (B-D),STS_INPR_M,,"{""geo"": ""EL"", ""s_adj"": ""SCA"", ""unit"": ""I21"", ""startPeriod"": 2003, ""nace_r2"": ""B-D""}",,,2003-01
IE_IP_001,eurostat,1,Industrial_production,IE,IP total industry excl construction (B-D),STS_INPR_M,,"{""geo"": ""IE"", ""s_adj"": ""SCA"", ""unit"": ""I21"", ""startPeriod"": 2003, ""nace_r2"": ""B-D""}",,,2003-01
IT_IP_001,eurostat,1,Industrial_production,IT,IP total industry excl construction (B-D),STS_INPR_M,,"{""geo"": ""IT"", ""s_adj"": ""SCA"", ""unit"": ""I21"", ""startPeriod"": 2003, ""nace_r2"": ""B-D""}",,,2003-01
LT_IP_001,eurostat,1,Industrial_production,LT,IP total industry excl construction (B-D),STS_INPR_M,,"{""geo"": ""LT"", ""s_adj"": ""SCA"", ""unit"": ""I21"", ""startPeriod"": 2003, ""nace_r2"": ""B-D""}",,,2003-01
LU_IP_001,eurostat,1,Industrial_production,LU,IP total industry excl construction (B-D),STS_INPR_M,,"{""geo"": ""LU"", ""s_adj"": ""SCA"", ""unit"": ""I21"", ""startPeriod"": 2003, ""nace_r2"": ""B-D""}",,,2003-01
LV_IP_001,eurostat,1,Industrial_production,LV,IP total industry excl construction (B-D),STS_INPR_M,,"{""geo"": ""LV"", ""s_adj"": ""SCA"", ""unit"": ""I21"", ""startPeriod"": 2003, ""nace_r2"": ""B-D""}",,,2003-01
MT_IP_001,eurostat,1,Industrial_production,MT,IP total industry excl construction (B-D),STS_INPR_M,,"{""geo"": ""MT"", ""s_adj"": ""SCA"", ""unit"": ""I21"", ""startPeriod"": 2003, ""nace_r2"": ""B-D""}",,,2003-01
NL_IP_001,eurostat,1,Industrial_production,NL,IP total industry excl construction (B-D),STS_INPR_M,,"{""geo"": ""NL"", ""s_adj"": ""SCA"", ""unit"": ""I21"", ""startPeriod"": 2003, ""nace_r2"": ""B-D""}",,,2003-01
PT_IP_001,eurostat,1,Industrial_production,PT,IP total industry excl construction (B-D),STS_INPR_M,,"{""geo"": ""PT"", ""s_adj"": ""SCA"", ""unit"": ""I21"", ""startPeriod"": 2003, ""nace_r2"": ""B-D""}",,,2003-01
SI_IP_001,eurostat,1,Industrial_production,SI,IP total industry excl construction (B-D),STS_INPR_M,,"{""geo"": ""SI"", ""s_adj"": ""SCA"", ""unit"": ""I21"", ""startPeriod"": 2003, ""nace_r2"": ""B-D""}",,,2003-01
SK_IP_001,eurostat,1,Industrial_production,SK,IP total industry excl construction (B-D),STS_INPR_M,,"{""geo"": ""SK"", ""s_adj"": ""SCA"", ""unit"": ""I21"", ""startPeriod"": 2003, ""nace_r2"": ""B-D""}",,,2003-01
AT_IP_003,eurostat,1,Industrial_production,AT,IP mining and quarrying (B),STS_INPR_M,,"{""geo"": ""AT"", ""s_adj"": ""SCA"", ""unit"": ""I21"", ""startPeriod"": 2003, ""nace_r2"": ""B""}",,,2003-01
BE_IP_003,eurostat,1,Industrial_production,BE,IP mining and quarrying (B),STS_INPR_M,,"{""geo"": ""BE"", ""s_adj"": ""SCA"", ""unit"": ""I21"", ""startPeriod"": 2003, ""nace_r2"": ""B""}",,,2003-01
CY_IP_003,eurostat,1,Industrial_production,CY,IP mining and quarrying (B),STS_INPR_M,,"{""geo"": ""CY"", ""s_adj"": ""SCA"", ""unit"": ""I21"", ""startPeriod"": 2003, ""nace_r2"": ""B""}",,,2003-01
DE_IP_003,eurostat,1,Industrial_production,DE,IP mining and quarrying (B),STS_INPR_M,,"{""geo"": ""DE"", ""s_adj"": ""SCA"", ""unit"": ""I21"", ""startPeriod"": 2003, ""nace_r2"": ""B""}",,,2003-01
EE_IP_003,eurostat,1,Industrial_production,EE,IP mining and quarrying (B),STS_INPR_M,,"{""geo"": ""EE"", ""s_adj"": ""SCA"", ""unit"": ""I21"", ""startPeriod"": 2003, ""nace_r2"": ""B""}",,,2003-01
ES_IP_003,eurostat,1,Industrial_production,ES,IP mining and quarrying (B),STS_INPR_M,,"{""geo"": ""ES"", ""s_adj"": ""SCA"", ""unit"": ""I21"", ""startPeriod"": 2003, ""nace_r2"": ""B""}",,,2003-01
FI_IP_003,eurostat,1,Industrial_production,FI,IP mining and quarrying (B),STS_INPR_M,,"{""geo"": ""FI"", ""s_adj"": ""SCA"", ""unit"": ""I21"", ""startPeriod"": 2003, ""nace_r2"": ""B""}",,,2003-01
FR_IP_003,eurostat,1,Industrial_production,FR,IP mining and quarrying (B),STS_INPR_M,,"{""geo"": ""FR"", ""s_adj"": ""SCA"", ""unit"": ""I21"", ""startPeriod"": 2003, ""nace_r2"": ""B""}",,,2003-01
GR_IP_003,eurostat,1,Industrial_production,GR,IP mining and quarrying (B),STS_INPR_M,,"{""geo"": ""EL"", ""s_adj"": ""SCA"", ""unit"": ""I21"", ""startPeriod"": 2003, ""nace_r2"": ""B""}",,,2003-01
IE_IP_003,eurostat,1,Industrial_production,IE,IP mining and quarrying (B),STS_INPR_M,,"{""geo"": ""IE"", ""s_adj"": ""SCA"", ""unit"": ""I21"", ""startPeriod"": 2003, ""nace_r2"": ""B""}",,,2003-01
IT_IP_003,eurostat,1,Industrial_production,IT,IP mining and quarrying (B),STS_INPR_M,,"{""geo"": ""IT"", ""s_adj"": ""SCA"", ""unit"": ""I21"", ""startPeriod"": 2003, ""nace_r2"": ""B""}",,,2003-01
LT_IP_003,eurostat,1,Industrial_production,LT,IP mining and quarrying (B),STS_INPR_M,,"{""geo"": ""LT"", ""s_adj"": ""SCA"", ""unit"": ""I21"", ""startPeriod"": 2003, ""nace_r2"": ""B""}",,,2003-01
LU_IP_003,eurostat,1,Industrial_production,LU,IP mining and quarrying (B),STS_INPR_M,,"{""geo"": ""LU"", ""s_adj"": ""SCA"", ""unit"": ""I21"", ""startPeriod"": 2003, ""nace_r2"": ""B""}",,,2003-01
LV_IP_003,eurostat,1,Industrial_production,LV,IP mining and quarrying (B),STS_INPR_M,,"{""geo"": ""LV"", ""s_adj"": ""SCA"", ""unit"": ""I21"", ""startPeriod"": 2003, ""nace_r2"": ""B""}",,,2003-01
MT_IP_003,eurostat,1,Industrial_production,MT,IP mining and quarrying (B),STS_INPR_M,,"{""geo"": ""MT"", ""s_adj"": ""SCA"", ""unit"": ""I21"", ""startPeriod"": 2003, ""nace_r2"": ""B""}",,,2003-01
NL_IP_003,eurostat,1,Industrial_production,NL,IP mining and quarrying (B),STS_INPR_M,,"{""geo"": ""NL"", ""s_adj"": ""SCA"", ""unit"": ""I21"", ""startPeriod"": 2003, ""nace_r2"": ""B""}",,,2003-01
PT_IP_003,eurostat,1,Industrial_production,PT,IP mining and quarrying (B),STS_INPR_M,,"{""geo"": ""PT"", ""s_adj"": ""SCA"", ""unit"": ""I21"", ""startPeriod"": 2003, ""nace_r2"": ""B""}",,,2003-01
SI_IP_003,eurostat,1,Industrial_production,SI,IP mining and quarrying (B),STS_INPR_M,,"{""geo"": ""SI"", ""s_adj"": ""SCA"", ""unit"": ""I21"", ""startPeriod"": 2003, ""nace_r2"": ""B""}",,,2003-01
SK_IP_003,eurostat,1,Industrial_production,SK,IP mining and quarrying (B),STS_INPR_M,,"{""geo"": ""SK"", ""s_adj"": ""SCA"", ""unit"": ""I21"", ""startPeriod"": 2003, ""nace_r2"": ""B""}",,,2003-01
AT_IP_004,eurostat,1,Industrial_production,AT,IP manufacturing (C),STS_INPR_M,,"{""geo"": ""AT"", ""s_adj"": ""SCA"", ""unit"": ""I21"", ""startPeriod"": 2003, ""nace_r2"": ""C""}",,,2003-01
BE_IP_004,eurostat,1,Industrial_production,BE,IP manufacturing (C),STS_INPR_M,,"{""geo"": ""BE"", ""s_adj"": ""SCA"", ""unit"": ""I21"", ""startPeriod"": 2003, ""nace_r2"": ""C""}",,,2003-01
CY_IP_004,eurostat,1,Industrial_production,CY,IP manufacturing (C),STS_INPR_M,,"{""geo"": ""CY"", ""s_adj"": ""SCA"", ""unit"": ""I21"", ""startPeriod"": 2003, ""nace_r2"": ""C""}",,,2003-01
DE_IP_004,eurostat,1,Industrial_production,DE,IP manufacturing (C),STS_INPR_M,,"{""geo"": ""DE"", ""s_adj"": ""SCA"", ""unit"": ""I21"", ""startPeriod"": 2003, ""nace_r2"": ""C""}",,,2003-01
EE_IP_004,eurostat,1,Industrial_production,EE,IP manufacturing (C),STS_INPR_M,,"{""geo"": ""EE"", ""s_adj"": ""SCA"", ""unit"": ""I21"", ""startPeriod"": 2003, ""nace_r2"": ""C""}",,,2003-01
ES_IP_004,eurostat,1,Industrial_production,ES,IP manufacturing (C),STS_INPR_M,,"{""geo"": ""ES"", ""s_adj"": ""SCA"", ""unit"": ""I21"", ""startPeriod"": 2003, ""nace_r2"": ""C""}",,,2003-01
FI_IP_004,eurostat,1,Industrial_production,FI,IP manufacturing (C),STS_INPR_M,,"{""geo"": ""FI"", ""s_adj"": ""SCA"", ""unit"": ""I21"", ""startPeriod"": 2003, ""nace_r2"": ""C""}",,,2003-01
FR_IP_004,eurostat,1,Industrial_production,FR,IP manufacturing (C),STS_INPR_M,,"{""geo"": ""FR"", ""s_adj"": ""SCA"", ""unit"": ""I21"", ""startPeriod"": 2003, ""nace_r2"": ""C""}",,,2003-01
GR_IP_004,eurostat,1,Industrial_production,GR,IP manufacturing (C),STS_INPR_M,,"{""geo"": ""EL"", ""s_adj"": ""SCA"", ""unit"": ""I21"", ""startPeriod"": 2003, ""nace_r2"": ""C""}",,,2003-01
IE_IP_004,eurostat,1,Industrial_production,IE,IP manufacturing (C),STS_INPR_M,,"{""geo"": ""IE"", ""s_adj"": ""SCA"", ""unit"": ""I21"", ""startPeriod"": 2003, ""nace_r2"": ""C""}",,,2003-01
IT_IP_004,eurostat,1,Industrial_production,IT,IP manufacturing (C),STS_INPR_M,,"{""geo"": ""IT"", ""s_adj"": ""SCA"", ""unit"": ""I21"", ""startPeriod"": 2003, ""nace_r2"": ""C""}",,,2003-01
LT_IP_004,eurostat,1,Industrial_production,LT,IP manufacturing (C),STS_INPR_M,,"{""geo"": ""LT"", ""s_adj"": ""SCA"", ""unit"": ""I21"", ""startPeriod"": 2003, ""nace_r2"": ""C""}",,,2003-01
LU_IP_004,eurostat,1,Industrial_production,LU,IP manufacturing (C),STS_INPR_M,,"{""geo"": ""LU"", ""s_adj"": ""SCA"", ""unit"": ""I21"", ""startPeriod"": 2003, ""nace_r2"": ""C""}",,,2003-01
LV_IP_004,eurostat,1,Industrial_production,LV,IP manufacturing (C),STS_INPR_M,,"{""geo"": ""LV"", ""s_adj"": ""SCA"", ""unit"": ""I21"", ""startPeriod"": 2003, ""nace_r2"": ""C""}",,,2003-01
MT_IP_004,eurostat,1,Industrial_production,MT,IP manufacturing (C),STS_INPR_M,,"{""geo"": ""MT"", ""s_adj"": ""SCA"", ""unit"": ""I21"", ""startPeriod"": 2003, ""nace_r2"": ""C""}",,,2003-01
NL_IP_004,eurostat,1,Industrial_production,NL,IP manufacturing (C),STS_INPR_M,,"{""geo"": ""NL"", ""s_adj"": ""SCA"", ""unit"": ""I21"", ""startPeriod"": 2003, ""nace_r2"": ""C""}",,,2003-01
PT_IP_004,eurostat,1,Industrial_production,PT,IP manufacturing (C),STS_INPR_M,,"{""geo"": ""PT"", ""s_adj"": ""SCA"", ""unit"": ""I21"", ""startPeriod"": 2003, ""nace_r2"": ""C""}",,,2003-01
SI_IP_004,eurostat,1,Industrial_production,SI,IP manufacturing (C),STS_INPR_M,,"{""geo"": ""SI"", ""s_adj"": ""SCA"", ""unit"": ""I21"", ""startPeriod"": 2003, ""nace_r2"": ""C""}",,,2003-01
SK_IP_004,eurostat,1,Industrial_production,SK,IP manufacturing (C),STS_INPR_M,,"{""geo"": ""SK"", ""s_adj"": ""SCA"", ""unit"": ""I21"", ""startPeriod"": 2003, ""nace_r2"": ""C""}",,,2003-01
AT_IP_005,eurostat,1,Industrial_production,AT,IP electricity/gas/steam/aircon (D),STS_INPR_M,,"{""geo"": ""AT"", ""s_adj"": ""SCA"", ""unit"": ""I21"", ""startPeriod"": 2003, ""nace_r2"": ""D""}",,,2003-01
BE_IP_005,eurostat,1,Industrial_production,BE,IP electricity/gas/steam/aircon (D),STS_INPR_M,,"{""geo"": ""BE"", ""s_adj"": ""SCA"", ""unit"": ""I21"", ""startPeriod"": 2003, ""nace_r2"": ""D""}",,,2003-01
CY_IP_005,eurostat,1,Industrial_production,CY,IP electricity/gas/steam/aircon (D),STS_INPR_M,,"{""geo"": ""CY"", ""s_adj"": ""SCA"", ""unit"": ""I21"", ""startPeriod"": 2003, ""nace_r2"": ""D""}",,,2003-01
DE_IP_005,eurostat,1,Industrial_production,DE,IP electricity/gas/steam/aircon (D),STS_INPR_M,,"{""geo"": ""DE"", ""s_adj"": ""SCA"", ""unit"": ""I21"", ""startPeriod"": 2003, ""nace_r2"": ""D""}",,,2003-01
EE_IP_005,eurostat,1,Industrial_production,EE,IP electricity/gas/steam/aircon (D),STS_INPR_M,,"{""geo"": ""EE"", ""s_adj"": ""SCA"", ""unit"": ""I21"", ""startPeriod"": 2003, ""nace_r2"": ""D""}",,,2003-01
ES_IP_005,eurostat,1,Industrial_production,ES,IP electricity/gas/steam/aircon (D),STS_INPR_M,,"{""geo"": ""ES"", ""s_adj"": ""SCA"", ""unit"": ""I21"", ""startPeriod"": 2003, ""nace_r2"": ""D""}",,,2003-01
FI_IP_005,eurostat,1,Industrial_production,FI,IP electricity/gas/steam/aircon (D),STS_INPR_M,,"{""geo"": ""FI"", ""s_adj"": ""SCA"", ""unit"": ""I21"", ""startPeriod"": 2003, ""nace_r2"": ""D""}",,,2003-01
FR_IP_005,eurostat,1,Industrial_production,FR,IP electricity/gas/steam/aircon (D),STS_INPR_M,,"{""geo"": ""FR"", ""s_adj"": ""SCA"", ""unit"": ""I21"", ""startPeriod"": 2003, ""nace_r2"": ""D""}",,,2003-01
GR_IP_005,eurostat,1,Industrial_production,GR,IP electricity/gas/steam/aircon (D),STS_INPR_M,,"{""geo"": ""EL"", ""s_adj"": ""SCA"", ""unit"": ""I21"", ""startPeriod"": 2003, ""nace_r2"": ""D""}",,,2003-01
IE_IP_005,eurostat,1,Industrial_production,IE,IP electricity/gas/steam/aircon (D),STS_INPR_M,,"{""geo"": ""IE"", ""s_adj"": ""SCA"", ""unit"": ""I21"", ""startPeriod"": 2003, ""nace_r2"": ""D""}",,,2003-01
IT_IP_005,eurostat,1,Industrial_production,IT,IP electricity/gas/steam/aircon (D),STS_INPR_M,,"{""geo"": ""IT"", ""s_adj"": ""SCA"", ""unit"": ""I21"", ""startPeriod"": 2003, ""nace_r2"": ""D""}",,,2003-01
LT_IP_005,eurostat,1,Industrial_production,LT,IP electricity/gas/steam/aircon (D),STS_INPR_M,,"{""geo"": ""LT"", ""s_adj"": ""SCA"", ""unit"": ""I21"", ""startPeriod"": 2003, ""nace_r2"": ""D""}",,,2003-01
LU_IP_005,eurostat,1,Industrial_production,LU,IP electricity/gas/steam/aircon (D),STS_INPR_M,,"{""geo"": ""LU"", ""s_adj"": ""SCA"", ""unit"": ""I21"", ""startPeriod"": 2003, ""nace_r2"": ""D""}",,,2003-01
LV_IP_005,eurostat,1,Industrial_production,LV,IP electricity/gas/steam/aircon (D),STS_INPR_M,,"{""geo"": ""LV"", ""s_adj"": ""SCA"", ""unit"": ""I21"", ""startPeriod"": 2003, ""nace_r2"": ""D""}",,,2003-01
MT_IP_005,eurostat,1,Industrial_production,MT,IP electricity/gas/steam/aircon (D),STS_INPR_M,,"{""geo"": ""MT"", ""s_adj"": ""SCA"", ""unit"": ""I21"", ""startPeriod"": 2003, ""nace_r2"": ""D""}",,,2003-01
NL_IP_005,eurostat,1,Industrial_production,NL,IP electricity/gas/steam/aircon (D),STS_INPR_M,,"{""geo"": ""NL"", ""s_adj"": ""SCA"", ""unit"": ""I21"", ""startPeriod"": 2003, ""nace_r2"": ""D""}",,,2003-01
PT_IP_005,eurostat,1,Industrial_production,PT,IP electricity/gas/steam/aircon (D),STS_INPR_M,,"{""geo"": ""PT"", ""s_adj"": ""SCA"", ""unit"": ""I21"", ""startPeriod"": 2003, ""nace_r2"": ""D""}",,,2003-01
SI_IP_005,eurostat,1,Industrial_production,SI,IP electricity/gas/steam/aircon (D),STS_INPR_M,,"{""geo"": ""SI"", ""s_adj"": ""SCA"", ""unit"": ""I21"", ""startPeriod"": 2003, ""nace_r2"": ""D""}",,,2003-01
SK_IP_005,eurostat,1,Industrial_production,SK,IP electricity/gas/steam/aircon (D),STS_INPR_M,,"{""geo"": ""SK"", ""s_adj"": ""SCA"", ""unit"": ""I21"", ""startPeriod"": 2003, ""nace_r2"": ""D""}",,,2003-01
AT_IP_007,eurostat,1,Industrial_production,AT,IP MIG intermediate goods,STS_INPR_M,,"{""geo"": ""AT"", ""s_adj"": ""SCA"", ""unit"": ""I21"", ""startPeriod"": 2003, ""nace_r2"": ""MIG_ING""}",,,2003-01
BE_IP_007,eurostat,1,Industrial_production,BE,IP MIG intermediate goods,STS_INPR_M,,"{""geo"": ""BE"", ""s_adj"": ""SCA"", ""unit"": ""I21"", ""startPeriod"": 2003, ""nace_r2"": ""MIG_ING""}",,,2003-01
CY_IP_007,eurostat,1,Industrial_production,CY,IP MIG intermediate goods,STS_INPR_M,,"{""geo"": ""CY"", ""s_adj"": ""SCA"", ""unit"": ""I21"", ""startPeriod"": 2003, ""nace_r2"": ""MIG_ING""}",,,2003-01
DE_IP_007,eurostat,1,Industrial_production,DE,IP MIG intermediate goods,STS_INPR_M,,"{""geo"": ""DE"", ""s_adj"": ""SCA"", ""unit"": ""I21"", ""startPeriod"": 2003, ""nace_r2"": ""MIG_ING""}",,,2003-01
EE_IP_007,eurostat,1,Industrial_production,EE,IP MIG intermediate goods,STS_INPR_M,,"{""geo"": ""EE"", ""s_adj"": ""SCA"", ""unit"": ""I21"", ""startPeriod"": 2003, ""nace_r2"": ""MIG_ING""}",,,2003-01
ES_IP_007,eurostat,1,Industrial_production,ES,IP MIG intermediate goods,STS_INPR_M,,"{""geo"": ""ES"", ""s_adj"": ""SCA"", ""unit"": ""I21"", ""startPeriod"": 2003, ""nace_r2"": ""MIG_ING""}",,,2003-01
FI_IP_007,eurostat,1,Industrial_production,FI,IP MIG intermediate goods,STS_INPR_M,,"{""geo"": ""FI"", ""s_adj"": ""SCA"", ""unit"": ""I21"", ""startPeriod"": 2003, ""nace_r2"": ""MIG_ING""}",,,2003-01
FR_IP_007,eurostat,1,Industrial_production,FR,IP MIG intermediate goods,STS_INPR_M,,"{""geo"": ""FR"", ""s_adj"": ""SCA"", ""unit"": ""I21"", ""startPeriod"": 2003, ""nace_r2"": ""MIG_ING""}",,,2003-01
GR_IP_007,eurostat,1,Industrial_production,GR,IP MIG intermediate goods,STS_INPR_M,,"{""geo"": ""EL"", ""s_adj"": ""SCA"", ""unit"": ""I21"", ""startPeriod"": 2003, ""nace_r2"": ""MIG_ING""}",,,2003-01
IE_IP_007,eurostat,1,Industrial_production,IE,IP MIG intermediate goods,STS_INPR_M,,"{""geo"": ""IE"", ""s_adj"": ""SCA"", ""unit"": ""I21"", ""startPeriod"": 2003, ""nace_r2"": ""MIG_ING""}",,,2003-01
IT_IP_007,eurostat,1,Industrial_production,IT,IP MIG intermediate goods,STS_INPR_M,,"{""geo"": ""IT"", ""s_adj"": ""SCA"", ""unit"": ""I21"", ""startPeriod"": 2003, ""nace_r2"": ""MIG_ING""}",,,2003-01
LT_IP_007,eurostat,1,Industrial_production,LT,IP MIG intermediate goods,STS_INPR_M,,"{""geo"": ""LT"", ""s_adj"": ""SCA"", ""unit"": ""I21"", ""startPeriod"": 2003, ""nace_r2"": ""MIG_ING""}",,,2003-01
LU_IP_007,eurostat,1,Industrial_production,LU,IP MIG intermediate goods,STS_INPR_M,,"{""geo"": ""LU"", ""s_adj"": ""SCA"", ""unit"": ""I21"", ""startPeriod"": 2003, ""nace_r2"": ""MIG_ING""}",,,2003-01
LV_IP_007,eurostat,1,Industrial_production,LV,IP MIG intermediate goods,STS_INPR_M,,"{""geo"": ""LV"", ""s_adj"": ""SCA"", ""unit"": ""I21"", ""startPeriod"": 2003, ""nace_r2"": ""MIG_ING""}",,,2003-01
MT_IP_007,eurostat,1,Industrial_production,MT,IP MIG intermediate goods,STS_INPR_M,,"{""geo"": ""MT"", ""s_adj"": ""SCA"", ""unit"": ""I21"", ""startPeriod"": 2003, ""nace_r2"": ""MIG_ING""}",,,2003-01
NL_IP_007,eurostat,1,Industrial_production,NL,IP MIG intermediate goods,STS_INPR_M,,"{""geo"": ""NL"", ""s_adj"": ""SCA"", ""unit"": ""I21"", ""startPeriod"": 2003, ""nace_r2"": ""MIG_ING""}",,,2003-01
PT_IP_007,eurostat,1,Industrial_production,PT,IP MIG intermediate goods,STS_INPR_M,,"{""geo"": ""PT"", ""s_adj"": ""SCA"", ""unit"": ""I21"", ""startPeriod"": 2003, ""nace_r2"": ""MIG_ING""}",,,2003-01
SI_IP_007,eurostat,1,Industrial_production,SI,IP MIG intermediate goods,STS_INPR_M,,"{""geo"": ""SI"", ""s_adj"": ""SCA"", ""unit"": ""I21"", ""startPeriod"": 2003, ""nace_r2"": ""MIG_ING""}",,,2003-01
SK_IP_007,eurostat,1,Industrial_production,SK,IP MIG intermediate goods,STS_INPR_M,,"{""geo"": ""SK"", ""s_adj"": ""SCA"", ""unit"": ""I21"", ""startPeriod"": 2003, ""nace_r2"": ""MIG_ING""}",,,2003-01
AT_IP_008,eurostat,1,Industrial_production,AT,IP MIG capital goods,STS_INPR_M,,"{""geo"": ""AT"", ""s_adj"": ""SCA"", ""unit"": ""I21"", ""startPeriod"": 2003, ""nace_r2"": ""MIG_CAG""}",,,2003-01
BE_IP_008,eurostat,1,Industrial_production,BE,IP MIG capital goods,STS_INPR_M,,"{""geo"": ""BE"", ""s_adj"": ""SCA"", ""unit"": ""I21"", ""startPeriod"": 2003, ""nace_r2"": ""MIG_CAG""}",,,2003-01
CY_IP_008,eurostat,1,Industrial_production,CY,IP MIG capital goods,STS_INPR_M,,"{""geo"": ""CY"", ""s_adj"": ""SCA"", ""unit"": ""I21"", ""startPeriod"": 2003, ""nace_r2"": ""MIG_CAG""}",,,2003-01
DE_IP_008,eurostat,1,Industrial_production,DE,IP MIG capital goods,STS_INPR_M,,"{""geo"": ""DE"", ""s_adj"": ""SCA"", ""unit"": ""I21"", ""startPeriod"": 2003, ""nace_r2"": ""MIG_CAG""}",,,2003-01
EE_IP_008,eurostat,1,Industrial_production,EE,IP MIG capital goods,STS_INPR_M,,"{""geo"": ""EE"", ""s_adj"": ""SCA"", ""unit"": ""I21"", ""startPeriod"": 2003, ""nace_r2"": ""MIG_CAG""}",,,2003-01
ES_IP_008,eurostat,1,Industrial_production,ES,IP MIG capital goods,STS_INPR_M,,"{""geo"": ""ES"", ""s_adj"": ""SCA"", ""unit"": ""I21"", ""startPeriod"": 2003, ""nace_r2"": ""MIG_CAG""}",,,2003-01
FI_IP_008,eurostat,1,Industrial_production,FI,IP MIG capital goods,STS_INPR_M,,"{""geo"": ""FI"", ""s_adj"": ""SCA"", ""unit"": ""I21"", ""startPeriod"": 2003, ""nace_r2"": ""MIG_CAG""}",,,2003-01
FR_IP_008,eurostat,1,Industrial_production,FR,IP MIG capital goods,STS_INPR_M,,"{""geo"": ""FR"", ""s_adj"": ""SCA"", ""unit"": ""I21"", ""startPeriod"": 2003, ""nace_r2"": ""MIG_CAG""}",,,2003-01
GR_IP_008,eurostat,1,Industrial_production,GR,IP MIG capital goods,STS_INPR_M,,"{""geo"": ""EL"", ""s_adj"": ""SCA"", ""unit"": ""I21"", ""startPeriod"": 2003, ""nace_r2"": ""MIG_CAG""}",,,2003-01
IE_IP_008,eurostat,1,Industrial_production,IE,IP MIG capital goods,STS_INPR_M,,"{""geo"": ""IE"", ""s_adj"": ""SCA"", ""unit"": ""I21"", ""startPeriod"": 2003, ""nace_r2"": ""MIG_CAG""}",,,2003-01
IT_IP_008,eurostat,1,Industrial_production,IT,IP MIG capital goods,STS_INPR_M,,"{""geo"": ""IT"", ""s_adj"": ""SCA"", ""unit"": ""I21"", ""startPeriod"": 2003, ""nace_r2"": ""MIG_CAG""}",,,2003-01
LT_IP_008,eurostat,1,Industrial_production,LT,IP MIG capital goods,STS_INPR_M,,"{""geo"": ""LT"", ""s_adj"": ""SCA"", ""unit"": ""I21"", ""startPeriod"": 2003, ""nace_r2"": ""MIG_CAG""}",,,2003-01
LU_IP_008,eurostat,1,Industrial_production,LU,IP MIG capital goods,STS_INPR_M,,"{""geo"": ""LU"", ""s_adj"": ""SCA"", ""unit"": ""I21"", ""startPeriod"": 2003, ""nace_r2"": ""MIG_CAG""}",,,2003-01
LV_IP_008,eurostat,1,Industrial_production,LV,IP MIG capital goods,STS_INPR_M,,"{""geo"": ""LV"", ""s_adj"": ""SCA"", ""unit"": ""I21"", ""startPeriod"": 2003, ""nace_r2"": ""MIG_CAG""}",,,2003-01
MT_IP_008,eurostat,1,Industrial_production,MT,IP MIG capital goods,STS_INPR_M,,"{""geo"": ""MT"", ""s_adj"": ""SCA"", ""unit"": ""I21"", ""startPeriod"": 2003, ""nace_r2"": ""MIG_CAG""}",,,2003-01
NL_IP_008,eurostat,1,Industrial_production,NL,IP MIG capital goods,STS_INPR_M,,"{""geo"": ""NL"", ""s_adj"": ""SCA"", ""unit"": ""I21"", ""startPeriod"": 2003, ""nace_r2"": ""MIG_CAG""}",,,2003-01
PT_IP_008,eurostat,1,Industrial_production,PT,IP MIG capital goods,STS_INPR_M,,"{""geo"": ""PT"", ""s_adj"": ""SCA"", ""unit"": ""I21"", ""startPeriod"": 2003, ""nace_r2"": ""MIG_CAG""}",,,2003-01
SI_IP_008,eurostat,1,Industrial_production,SI,IP MIG capital goods,STS_INPR_M,,"{""geo"": ""SI"", ""s_adj"": ""SCA"", ""unit"": ""I21"", ""startPeriod"": 2003, ""nace_r2"": ""MIG_CAG""}",,,2003-01
SK_IP_008,eurostat,1,Industrial_production,SK,IP MIG capital goods,STS_INPR_M,,"{""geo"": ""SK"", ""s_adj"": ""SCA"", ""unit"": ""I21"", ""startPeriod"": 2003, ""nace_r2"": ""MIG_CAG""}",,,2003-01
AT_IP_009,eurostat,1,Industrial_production,AT,IP MIG durable consumer goods,STS_INPR_M,,"{""geo"": ""AT"", ""s_adj"": ""SCA"", ""unit"": ""I21"", ""startPeriod"": 2003, ""nace_r2"": ""MIG_DCOG""}",,,2003-01
BE_IP_009,eurostat,1,Industrial_production,BE,IP MIG durable consumer goods,STS_INPR_M,,"{""geo"": ""BE"", ""s_adj"": ""SCA"", ""unit"": ""I21"", ""startPeriod"": 2003, ""nace_r2"": ""MIG_DCOG""}",,,2003-01
CY_IP_009,eurostat,1,Industrial_production,CY,IP MIG durable consumer goods,STS_INPR_M,,"{""geo"": ""CY"", ""s_adj"": ""SCA"", ""unit"": ""I21"", ""startPeriod"": 2003, ""nace_r2"": ""MIG_DCOG""}",,,2003-01
DE_IP_009,eurostat,1,Industrial_production,DE,IP MIG durable consumer goods,STS_INPR_M,,"{""geo"": ""DE"", ""s_adj"": ""SCA"", ""unit"": ""I21"", ""startPeriod"": 2003, ""nace_r2"": ""MIG_DCOG""}",,,2003-01
EE_IP_009,eurostat,1,Industrial_production,EE,IP MIG durable consumer goods,STS_INPR_M,,"{""geo"": ""EE"", ""s_adj"": ""SCA"", ""unit"": ""I21"", ""startPeriod"": 2003, ""nace_r2"": ""MIG_DCOG""}",,,2003-01
ES_IP_009,eurostat,1,Industrial_production,ES,IP MIG durable consumer goods,STS_INPR_M,,"{""geo"": ""ES"", ""s_adj"": ""SCA"", ""unit"": ""I21"", ""startPeriod"": 2003, ""nace_r2"": ""MIG_DCOG""}",,,2003-01
FI_IP_009,eurostat,1,Industrial_production,FI,IP MIG durable consumer goods,STS_INPR_M,,"{""geo"": ""FI"", ""s_adj"": ""SCA"", ""unit"": ""I21"", ""startPeriod"": 2003, ""nace_r2"": ""MIG_DCOG""}",,,2003-01
FR_IP_009,eurostat,1,Industrial_production,FR,IP MIG durable consumer goods,STS_INPR_M,,"{""geo"": ""FR"", ""s_adj"": ""SCA"", ""unit"": ""I21"", ""startPeriod"": 2003, ""nace_r2"": ""MIG_DCOG""}",,,2003-01
GR_IP_009,eurostat,1,Industrial_production,GR,IP MIG durable consumer goods,STS_INPR_M,,"{""geo"": ""EL"", ""s_adj"": ""SCA"", ""unit"": ""I21"", ""startPeriod"": 2003, ""nace_r2"": ""MIG_DCOG""}",,,2003-01
IE_IP_009,eurostat,1,Industrial_production,IE,IP MIG durable consumer goods,STS_INPR_M,,"{""geo"": ""IE"", ""s_adj"": ""SCA"", ""unit"": ""I21"", ""startPeriod"": 2003, ""nace_r2"": ""MIG_DCOG""}",,,2003-01
IT_IP_009,eurostat,1,Industrial_production,IT,IP MIG durable consumer goods,STS_INPR_M,,"{""geo"": ""IT"", ""s_adj"": ""SCA"", ""unit"": ""I21"", ""startPeriod"": 2003, ""nace_r2"": ""MIG_DCOG""}",,,2003-01
LT_IP_009,eurostat,1,Industrial_production,LT,IP MIG durable consumer goods,STS_INPR_M,,"{""geo"": ""LT"", ""s_adj"": ""SCA"", ""unit"": ""I21"", ""startPeriod"": 2003, ""nace_r2"": ""MIG_DCOG""}",,,2003-01
LU_IP_009,eurostat,1,Industrial_production,LU,IP MIG durable consumer goods,STS_INPR_M,,"{""geo"": ""LU"", ""s_adj"": ""SCA"", ""unit"": ""I21"", ""startPeriod"": 2003, ""nace_r2"": ""MIG_DCOG""}",,,2003-01
LV_IP_009,eurostat,1,Industrial_production,LV,IP MIG durable consumer goods,STS_INPR_M,,"{""geo"": ""LV"", ""s_adj"": ""SCA"", ""unit"": ""I21"", ""startPeriod"": 2003, ""nace_r2"": ""MIG_DCOG""}",,,2003-01
MT_IP_009,eurostat,1,Industrial_production,MT,IP MIG durable consumer goods,STS_INPR_M,,"{""geo"": ""MT"", ""s_adj"": ""SCA"", ""unit"": ""I21"", ""startPeriod"": 2003, ""nace_r2"": ""MIG_DCOG""}",,,2003-01
NL_IP_009,eurostat,1,Industrial_production,NL,IP MIG durable consumer goods,STS_INPR_M,,"{""geo"": ""NL"", ""s_adj"": ""SCA"", ""unit"": ""I21"", ""startPeriod"": 2003, ""nace_r2"": ""MIG_DCOG""}",,,2003-01
PT_IP_009,eurostat,1,Industrial_production,PT,IP MIG durable consumer goods,STS_INPR_M,,"{""geo"": ""PT"", ""s_adj"": ""SCA"", ""unit"": ""I21"", ""startPeriod"": 2003, ""nace_r2"": ""MIG_DCOG""}",,,2003-01
SI_IP_009,eurostat,1,Industrial_production,SI,IP MIG durable consumer goods,STS_INPR_M,,"{""geo"": ""SI"", ""s_adj"": ""SCA"", ""unit"": ""I21"", ""startPeriod"": 2003, ""nace_r2"": ""MIG_DCOG""}",,,2003-01
SK_IP_009,eurostat,1,Industrial_production,SK,IP MIG durable consumer goods,STS_INPR_M,,"{""geo"": ""SK"", ""s_adj"": ""SCA"", ""unit"": ""I21"", ""startPeriod"": 2003, ""nace_r2"": ""MIG_DCOG""}",,,2003-01
AT_IP_010,eurostat,1,Industrial_production,AT,IP MIG non-durable consumer goods,STS_INPR_M,,"{""geo"": ""AT"", ""s_adj"": ""SCA"", ""unit"": ""I21"", ""startPeriod"": 2003, ""nace_r2"": ""MIG_NDCOG""}",,,2003-01
BE_IP_010,eurostat,1,Industrial_production,BE,IP MIG non-durable consumer goods,STS_INPR_M,,"{""geo"": ""BE"", ""s_adj"": ""SCA"", ""unit"": ""I21"", ""startPeriod"": 2003, ""nace_r2"": ""MIG_NDCOG""}",,,2003-01
CY_IP_010,eurostat,1,Industrial_production,CY,IP MIG non-durable consumer goods,STS_INPR_M,,"{""geo"": ""CY"", ""s_adj"": ""SCA"", ""unit"": ""I21"", ""startPeriod"": 2003, ""nace_r2"": ""MIG_NDCOG""}",,,2003-01
DE_IP_010,eurostat,1,Industrial_production,DE,IP MIG non-durable consumer goods,STS_INPR_M,,"{""geo"": ""DE"", ""s_adj"": ""SCA"", ""unit"": ""I21"", ""startPeriod"": 2003, ""nace_r2"": ""MIG_NDCOG""}",,,2003-01
EE_IP_010,eurostat,1,Industrial_production,EE,IP MIG non-durable consumer goods,STS_INPR_M,,"{""geo"": ""EE"", ""s_adj"": ""SCA"", ""unit"": ""I21"", ""startPeriod"": 2003, ""nace_r2"": ""MIG_NDCOG""}",,,2003-01
ES_IP_010,eurostat,1,Industrial_production,ES,IP MIG non-durable consumer goods,STS_INPR_M,,"{""geo"": ""ES"", ""s_adj"": ""SCA"", ""unit"": ""I21"", ""startPeriod"": 2003, ""nace_r2"": ""MIG_NDCOG""}",,,2003-01
FI_IP_010,eurostat,1,Industrial_production,FI,IP MIG non-durable consumer goods,STS_INPR_M,,"{""geo"": ""FI"", ""s_adj"": ""SCA"", ""unit"": ""I21"", ""startPeriod"": 2003, ""nace_r2"": ""MIG_NDCOG""}",,,2003-01
FR_IP_010,eurostat,1,Industrial_production,FR,IP MIG non-durable consumer goods,STS_INPR_M,,"{""geo"": ""FR"", ""s_adj"": ""SCA"", ""unit"": ""I21"", ""startPeriod"": 2003, ""nace_r2"": ""MIG_NDCOG""}",,,2003-01
GR_IP_010,eurostat,1,Industrial_production,GR,IP MIG non-durable consumer goods,STS_INPR_M,,"{""geo"": ""EL"", ""s_adj"": ""SCA"", ""unit"": ""I21"", ""startPeriod"": 2003, ""nace_r2"": ""MIG_NDCOG""}",,,2003-01
IE_IP_010,eurostat,1,Industrial_production,IE,IP MIG non-durable consumer goods,STS_INPR_M,,"{""geo"": ""IE"", ""s_adj"": ""SCA"", ""unit"": ""I21"", ""startPeriod"": 2003, ""nace_r2"": ""MIG_NDCOG""}",,,2003-01
IT_IP_010,eurostat,1,Industrial_production,IT,IP MIG non-durable consumer goods,STS_INPR_M,,"{""geo"": ""IT"", ""s_adj"": ""SCA"", ""unit"": ""I21"", ""startPeriod"": 2003, ""nace_r2"": ""MIG_NDCOG""}",,,2003-01
LT_IP_010,eurostat,1,Industrial_production,LT,IP MIG non-durable consumer goods,STS_INPR_M,,"{""geo"": ""LT"", ""s_adj"": ""SCA"", ""unit"": ""I21"", ""startPeriod"": 2003, ""nace_r2"": ""MIG_NDCOG""}",,,2003-01
LU_IP_010,eurostat,1,Industrial_production,LU,IP MIG non-durable consumer goods,STS_INPR_M,,"{""geo"": ""LU"", ""s_adj"": ""SCA"", ""unit"": ""I21"", ""startPeriod"": 2003, ""nace_r2"": ""MIG_NDCOG""}",,,2003-01
LV_IP_010,eurostat,1,Industrial_production,LV,IP MIG non-durable consumer goods,STS_INPR_M,,"{""geo"": ""LV"", ""s_adj"": ""SCA"", ""unit"": ""I21"", ""startPeriod"": 2003, ""nace_r2"": ""MIG_NDCOG""}",,,2003-01
MT_IP_010,eurostat,1,Industrial_production,MT,IP MIG non-durable consumer goods,STS_INPR_M,,"{""geo"": ""MT"", ""s_adj"": ""SCA"", ""unit"": ""I21"", ""startPeriod"": 2003, ""nace_r2"": ""MIG_NDCOG""}",,,2003-01
NL_IP_010,eurostat,1,Industrial_production,NL,IP MIG non-durable consumer goods,STS_INPR_M,,"{""geo"": ""NL"", ""s_adj"": ""SCA"", ""unit"": ""I21"", ""startPeriod"": 2003, ""nace_r2"": ""MIG_NDCOG""}",,,2003-01
PT_IP_010,eurostat,1,Industrial_production,PT,IP MIG non-durable consumer goods,STS_INPR_M,,"{""geo"": ""PT"", ""s_adj"": ""SCA"", ""unit"": ""I21"", ""startPeriod"": 2003, ""nace_r2"": ""MIG_NDCOG""}",,,2003-01
SI_IP_010,eurostat,1,Industrial_production,SI,IP MIG non-durable consumer goods,STS_INPR_M,,"{""geo"": ""SI"", ""s_adj"": ""SCA"", ""unit"": ""I21"", ""startPeriod"": 2003, ""nace_r2"": ""MIG_NDCOG""}",,,2003-01
SK_IP_010,eurostat,1,Industrial_production,SK,IP MIG non-durable consumer goods,STS_INPR_M,,"{""geo"": ""SK"", ""s_adj"": ""SCA"", ""unit"": ""I21"", ""startPeriod"": 2003, ""nace_r2"": ""MIG_NDCOG""}",,,2003-01
AT_IP_011,eurostat,1,Industrial_production,AT,IP consumer goods industry,STS_INPR_M,,"{""geo"": ""AT"", ""s_adj"": ""SCA"", ""unit"": ""I21"", ""startPeriod"": 2003, ""nace_r2"": ""MIG_COG""}",,,2003-01
BE_IP_011,eurostat,1,Industrial_production,BE,IP consumer goods industry,STS_INPR_M,,"{""geo"": ""BE"", ""s_adj"": ""SCA"", ""unit"": ""I21"", ""startPeriod"": 2003, ""nace_r2"": ""MIG_COG""}",,,2003-01
CY_IP_011,eurostat,1,Industrial_production,CY,IP consumer goods industry,STS_INPR_M,,"{""geo"": ""CY"", ""s_adj"": ""SCA"", ""unit"": ""I21"", ""startPeriod"": 2003, ""nace_r2"": ""MIG_COG""}",,,2003-01
DE_IP_011,eurostat,1,Industrial_production,DE,IP consumer goods industry,STS_INPR_M,,"{""geo"": ""DE"", ""s_adj"": ""SCA"", ""unit"": ""I21"", ""startPeriod"": 2003, ""nace_r2"": ""MIG_COG""}",,,2003-01
EE_IP_011,eurostat,1,Industrial_production,EE,IP consumer goods industry,STS_INPR_M,,"{""geo"": ""EE"", ""s_adj"": ""SCA"", ""unit"": ""I21"", ""startPeriod"": 2003, ""nace_r2"": ""MIG_COG""}",,,2003-01
ES_IP_011,eurostat,1,Industrial_production,ES,IP consumer goods industry,STS_INPR_M,,"{""geo"": ""ES"", ""s_adj"": ""SCA"", ""unit"": ""I21"", ""startPeriod"": 2003, ""nace_r2"": ""MIG_COG""}",,,2003-01
FI_IP_011,eurostat,1,Industrial_production,FI,IP consumer goods industry,STS_INPR_M,,"{""geo"": ""FI"", ""s_adj"": ""SCA"", ""unit"": ""I21"", ""startPeriod"": 2003, ""nace_r2"": ""MIG_COG""}",,,2003-01
FR_IP_011,eurostat,1,Industrial_production,FR,IP consumer goods industry,STS_INPR_M,,"{""geo"": ""FR"", ""s_adj"": ""SCA"", ""unit"": ""I21"", ""startPeriod"": 2003, ""nace_r2"": ""MIG_COG""}",,,2003-01
GR_IP_011,eurostat,1,Industrial_production,GR,IP consumer goods industry,STS_INPR_M,,"{""geo"": ""EL"", ""s_adj"": ""SCA"", ""unit"": ""I21"", ""startPeriod"": 2003, ""nace_r2"": ""MIG_COG""}",,,2003-01
IE_IP_011,eurostat,1,Industrial_production,IE,IP consumer goods industry,STS_INPR_M,,"{""geo"": ""IE"", ""s_adj"": ""SCA"", ""unit"": ""I21"", ""startPeriod"": 2003, ""nace_r2"": ""MIG_COG""}",,,2003-01
IT_IP_011,eurostat,1,Industrial_production,IT,IP consumer goods industry,STS_INPR_M,,"{""geo"": ""IT"", ""s_adj"": ""SCA"", ""unit"": ""I21"", ""startPeriod"": 2003, ""nace_r2"": ""MIG_COG""}",,,2003-01
LT_IP_011,eurostat,1,Industrial_production,LT,IP consumer goods industry,STS_INPR_M,,"{""geo"": ""LT"", ""s_adj"": ""SCA"", ""unit"": ""I21"", ""startPeriod"": 2003, ""nace_r2"": ""MIG_COG""}",,,2003-01
LU_IP_011,eurostat,1,Industrial_production,LU,IP consumer goods industry,STS_INPR_M,,"{""geo"": ""LU"", ""s_adj"": ""SCA"", ""unit"": ""I21"", ""startPeriod"": 2003, ""nace_r2"": ""MIG_COG""}",,,2003-01
LV_IP_011,eurostat,1,Industrial_production,LV,IP consumer goods industry,STS_INPR_M,,"{""geo"": ""LV"", ""s_adj"": ""SCA"", ""unit"": ""I21"", ""startPeriod"": 2003, ""nace_r2"": ""MIG_COG""}",,,2003-01
MT_IP_011,eurostat,1,Industrial_production,MT,IP consumer goods industry,STS_INPR_M,,"{""geo"": ""MT"", ""s_adj"": ""SCA"", ""unit"": ""I21"", ""startPeriod"": 2003, ""nace_r2"": ""MIG_COG""}",,,2003-01
NL_IP_011,eurostat,1,Industrial_production,NL,IP consumer goods industry,STS_INPR_M,,"{""geo"": ""NL"", ""s_adj"": ""SCA"", ""unit"": ""I21"", ""startPeriod"": 2003, ""nace_r2"": ""MIG_COG""}",,,2003-01
PT_IP_011,eurostat,1,Industrial_production,PT,IP consumer goods industry,STS_INPR_M,,"{""geo"": ""PT"", ""s_adj"": ""SCA"", ""unit"": ""I21"", ""startPeriod"": 2003, ""nace_r2"": ""MIG_COG""}",,,2003-01
SI_IP_011,eurostat,1,Industrial_production,SI,IP consumer goods industry,STS_INPR_M,,"{""geo"": ""SI"", ""s_adj"": ""SCA"", ""unit"": ""I21"", ""startPeriod"": 2003, ""nace_r2"": ""MIG_COG""}",,,2003-01
SK_IP_011,eurostat,1,Industrial_production,SK,IP consumer goods industry,STS_INPR_M,,"{""geo"": ""SK"", ""s_adj"": ""SCA"", ""unit"": ""I21"", ""startPeriod"": 2003, ""nace_r2"": ""MIG_COG""}",,,2003-01
AT_IP_012,eurostat,1,Industrial_production,AT,IP MIG energy (excl section E),STS_INPR_M,,"{""geo"": ""AT"", ""s_adj"": ""SCA"", ""unit"": ""I21"", ""startPeriod"": 2003, ""nace_r2"": ""MIG_NRG_X_E""}",,,2003-01
BE_IP_012,eurostat,1,Industrial_production,BE,IP MIG energy (excl section E),STS_INPR_M,,"{""geo"": ""BE"", ""s_adj"": ""SCA"", ""unit"": ""I21"", ""startPeriod"": 2003, ""nace_r2"": ""MIG_NRG_X_E""}",,,2003-01
CY_IP_012,eurostat,1,Industrial_production,CY,IP MIG energy (excl section E),STS_INPR_M,,"{""geo"": ""CY"", ""s_adj"": ""SCA"", ""unit"": ""I21"", ""startPeriod"": 2003, ""nace_r2"": ""MIG_NRG_X_E""}",,,2003-01
DE_IP_012,eurostat,1,Industrial_production,DE,IP MIG energy (excl section E),STS_INPR_M,,"{""geo"": ""DE"", ""s_adj"": ""SCA"", ""unit"": ""I21"", ""startPeriod"": 2003, ""nace_r2"": ""MIG_NRG_X_E""}",,,2003-01
EE_IP_012,eurostat,1,Industrial_production,EE,IP MIG energy (excl section E),STS_INPR_M,,"{""geo"": ""EE"", ""s_adj"": ""SCA"", ""unit"": ""I21"", ""startPeriod"": 2003, ""nace_r2"": ""MIG_NRG_X_E""}",,,2003-01
ES_IP_012,eurostat,1,Industrial_production,ES,IP MIG energy (excl section E),STS_INPR_M,,"{""geo"": ""ES"", ""s_adj"": ""SCA"", ""unit"": ""I21"", ""startPeriod"": 2003, ""nace_r2"": ""MIG_NRG_X_E""}",,,2003-01
FI_IP_012,eurostat,1,Industrial_production,FI,IP MIG energy (excl section E),STS_INPR_M,,"{""geo"": ""FI"", ""s_adj"": ""SCA"", ""unit"": ""I21"", ""startPeriod"": 2003, ""nace_r2"": ""MIG_NRG_X_E""}",,,2003-01
FR_IP_012,eurostat,1,Industrial_production,FR,IP MIG energy (excl section E),STS_INPR_M,,"{""geo"": ""FR"", ""s_adj"": ""SCA"", ""unit"": ""I21"", ""startPeriod"": 2003, ""nace_r2"": ""MIG_NRG_X_E""}",,,2003-01
GR_IP_012,eurostat,1,Industrial_production,GR,IP MIG energy (excl section E),STS_INPR_M,,"{""geo"": ""EL"", ""s_adj"": ""SCA"", ""unit"": ""I21"", ""startPeriod"": 2003, ""nace_r2"": ""MIG_NRG_X_E""}",,,2003-01
IE_IP_012,eurostat,1,Industrial_production,IE,IP MIG energy (excl section E),STS_INPR_M,,"{""geo"": ""IE"", ""s_adj"": ""SCA"", ""unit"": ""I21"", ""startPeriod"": 2003, ""nace_r2"": ""MIG_NRG_X_E""}",,,2003-01
IT_IP_012,eurostat,1,Industrial_production,IT,IP MIG energy (excl section E),STS_INPR_M,,"{""geo"": ""IT"", ""s_adj"": ""SCA"", ""unit"": ""I21"", ""startPeriod"": 2003, ""nace_r2"": ""MIG_NRG_X_E""}",,,2003-01
LT_IP_012,eurostat,1,Industrial_production,LT,IP MIG energy (excl section E),STS_INPR_M,,"{""geo"": ""LT"", ""s_adj"": ""SCA"", ""unit"": ""I21"", ""startPeriod"": 2003, ""nace_r2"": ""MIG_NRG_X_E""}",,,2003-01
LU_IP_012,eurostat,1,Industrial_production,LU,IP MIG energy (excl section E),STS_INPR_M,,"{""geo"": ""LU"", ""s_adj"": ""SCA"", ""unit"": ""I21"", ""startPeriod"": 2003, ""nace_r2"": ""MIG_NRG_X_E""}",,,2003-01
LV_IP_012,eurostat,1,Industrial_production,LV,IP MIG energy (excl section E),STS_INPR_M,,"{""geo"": ""LV"", ""s_adj"": ""SCA"", ""unit"": ""I21"", ""startPeriod"": 2003, ""nace_r2"": ""MIG_NRG_X_E""}",,,2003-01
MT_IP_012,eurostat,1,Industrial_production,MT,IP MIG energy (excl section E),STS_INPR_M,,"{""geo"": ""MT"", ""s_adj"": ""SCA"", ""unit"": ""I21"", ""startPeriod"": 2003, ""nace_r2"": ""MIG_NRG_X_E""}",,,2003-01
NL_IP_012,eurostat,1,Industrial_production,NL,IP MIG energy (excl section E),STS_INPR_M,,"{""geo"": ""NL"", ""s_adj"": ""SCA"", ""unit"": ""I21"", ""startPeriod"": 2003, ""nace_r2"": ""MIG_NRG_X_E""}",,,2003-01
PT_IP_012,eurostat,1,Industrial_production,PT,IP MIG energy (excl section E),STS_INPR_M,,"{""geo"": ""PT"", ""s_adj"": ""SCA"", ""unit"": ""I21"", ""startPeriod"": 2003, ""nace_r2"": ""MIG_NRG_X_E""}",,,2003-01
SI_IP_012,eurostat,1,Industrial_production,SI,IP MIG energy (excl section E),STS_INPR_M,,"{""geo"": ""SI"", ""s_adj"": ""SCA"", ""unit"": ""I21"", ""startPeriod"": 2003, ""nace_r2"": ""MIG_NRG_X_E""}",,,2003-01
SK_IP_012,eurostat,1,Industrial_production,SK,IP MIG energy (excl section E),STS_INPR_M,,"{""geo"": ""SK"", ""s_adj"": ""SCA"", ""unit"": ""I21"", ""startPeriod"": 2003, ""nace_r2"": ""MIG_NRG_X_E""}",,,2003-01
AT_IP_002,eurostat,1,Industrial_production,AT,Construction production index (F),STS_COPR_M,,"{""geo"": ""AT"", ""s_adj"": ""SCA"", ""unit"": ""I21"", ""startPeriod"": 2003, ""nace_r2"": ""F""}",,,2003-01
BE_IP_002,eurostat,1,Industrial_production,BE,Construction production index (F),STS_COPR_M,,"{""geo"": ""BE"", ""s_adj"": ""SCA"", ""unit"": ""I21"", ""startPeriod"": 2003, ""nace_r2"": ""F""}",,,2003-01
CY_IP_002,eurostat,1,Industrial_production,CY,Construction production index (F),STS_COPR_M,,"{""geo"": ""CY"", ""s_adj"": ""SCA"", ""unit"": ""I21"", ""startPeriod"": 2003, ""nace_r2"": ""F""}",,,2003-01
DE_IP_002,eurostat,1,Industrial_production,DE,Construction production index (F),STS_COPR_M,,"{""geo"": ""DE"", ""s_adj"": ""SCA"", ""unit"": ""I21"", ""startPeriod"": 2003, ""nace_r2"": ""F""}",,,2003-01
EE_IP_002,eurostat,1,Industrial_production,EE,Construction production index (F),STS_COPR_M,,"{""geo"": ""EE"", ""s_adj"": ""SCA"", ""unit"": ""I21"", ""startPeriod"": 2003, ""nace_r2"": ""F""}",,,2003-01
ES_IP_002,eurostat,1,Industrial_production,ES,Construction production index (F),STS_COPR_M,,"{""geo"": ""ES"", ""s_adj"": ""SCA"", ""unit"": ""I21"", ""startPeriod"": 2003, ""nace_r2"": ""F""}",,,2003-01
FI_IP_002,eurostat,1,Industrial_production,FI,Construction production index (F),STS_COPR_M,,"{""geo"": ""FI"", ""s_adj"": ""SCA"", ""unit"": ""I21"", ""startPeriod"": 2003, ""nace_r2"": ""F""}",,,2003-01
FR_IP_002,eurostat,1,Industrial_production,FR,Construction production index (F),STS_COPR_M,,"{""geo"": ""FR"", ""s_adj"": ""SCA"", ""unit"": ""I21"", ""startPeriod"": 2003, ""nace_r2"": ""F""}",,,2003-01
GR_IP_002,eurostat,1,Industrial_production,GR,Construction production index (F),STS_COPR_M,,"{""geo"": ""EL"", ""s_adj"": ""SCA"", ""unit"": ""I21"", ""startPeriod"": 2003, ""nace_r2"": ""F""}",,,2003-01
IE_IP_002,eurostat,1,Industrial_production,IE,Construction production index (F),STS_COPR_M,,"{""geo"": ""IE"", ""s_adj"": ""SCA"", ""unit"": ""I21"", ""startPeriod"": 2003, ""nace_r2"": ""F""}",,,2003-01
IT_IP_002,eurostat,1,Industrial_production,IT,Construction production index (F),STS_COPR_M,,"{""geo"": ""IT"", ""s_adj"": ""SCA"", ""unit"": ""I21"", ""startPeriod"": 2003, ""nace_r2"": ""F""}",,,2003-01
LT_IP_002,eurostat,1,Industrial_production,LT,Construction production index (F),STS_COPR_M,,"{""geo"": ""LT"", ""s_adj"": ""SCA"", ""unit"": ""I21"", ""startPeriod"": 2003, ""nace_r2"": ""F""}",,,2003-01
LU_IP_002,eurostat,1,Industrial_production,LU,Construction production index (F),STS_COPR_M,,"{""geo"": ""LU"", ""s_adj"": ""SCA"", ""unit"": ""I21"", ""startPeriod"": 2003, ""nace_r2"": ""F""}",,,2003-01
LV_IP_002,eurostat,1,Industrial_production,LV,Construction production index (F),STS_COPR_M,,"{""geo"": ""LV"", ""s_adj"": ""SCA"", ""unit"": ""I21"", ""startPeriod"": 2003, ""nace_r2"": ""F""}",,,2003-01
MT_IP_002,eurostat,1,Industrial_production,MT,Construction production index (F),STS_COPR_M,,"{""geo"": ""MT"", ""s_adj"": ""SCA"", ""unit"": ""I21"", ""startPeriod"": 2003, ""nace_r2"": ""F""}",,,2003-01
NL_IP_002,eurostat,1,Industrial_production,NL,Construction production index (F),STS_COPR_M,,"{""geo"": ""NL"", ""s_adj"": ""SCA"", ""unit"": ""I21"", ""startPeriod"": 2003, ""nace_r2"": ""F""}",,,2003-01
PT_IP_002,eurostat,1,Industrial_production,PT,Construction production index (F),STS_COPR_M,,"{""geo"": ""PT"", ""s_adj"": ""SCA"", ""unit"": ""I21"", ""startPeriod"": 2003, ""nace_r2"": ""F""}",,,2003-01
SI_IP_002,eurostat,1,Industrial_production,SI,Construction production index (F),STS_COPR_M,,"{""geo"": ""SI"", ""s_adj"": ""SCA"", ""unit"": ""I21"", ""startPeriod"": 2003, ""nace_r2"": ""F""}",,,2003-01
SK_IP_002,eurostat,1,Industrial_production,SK,Construction production index (F),STS_COPR_M,,"{""geo"": ""SK"", ""s_adj"": ""SCA"", ""unit"": ""I21"", ""startPeriod"": 2003, ""nace_r2"": ""F""}",,,2003-01
AT_IP_006,eurostat,1,Industrial_production,AT,Construction: all buildings (F41),STS_COPR_M,,"{""geo"": ""AT"", ""s_adj"": ""SCA"", ""unit"": ""I21"", ""startPeriod"": 2003, ""nace_r2"": ""F41""}",,,2003-01
BE_IP_006,eurostat,1,Industrial_production,BE,Construction: all buildings (F41),STS_COPR_M,,"{""geo"": ""BE"", ""s_adj"": ""SCA"", ""unit"": ""I21"", ""startPeriod"": 2003, ""nace_r2"": ""F41""}",,,2003-01
CY_IP_006,eurostat,1,Industrial_production,CY,Construction: all buildings (F41),STS_COPR_M,,"{""geo"": ""CY"", ""s_adj"": ""SCA"", ""unit"": ""I21"", ""startPeriod"": 2003, ""nace_r2"": ""F41""}",,,2003-01
DE_IP_006,eurostat,1,Industrial_production,DE,Construction: all buildings (F41),STS_COPR_M,,"{""geo"": ""DE"", ""s_adj"": ""SCA"", ""unit"": ""I21"", ""startPeriod"": 2003, ""nace_r2"": ""F41""}",,,2003-01
EE_IP_006,eurostat,1,Industrial_production,EE,Construction: all buildings (F41),STS_COPR_M,,"{""geo"": ""EE"", ""s_adj"": ""SCA"", ""unit"": ""I21"", ""startPeriod"": 2003, ""nace_r2"": ""F41""}",,,2003-01
ES_IP_006,eurostat,1,Industrial_production,ES,Construction: all buildings (F41),STS_COPR_M,,"{""geo"": ""ES"", ""s_adj"": ""SCA"", ""unit"": ""I21"", ""startPeriod"": 2003, ""nace_r2"": ""F41""}",,,2003-01
FI_IP_006,eurostat,1,Industrial_production,FI,Construction: all buildings (F41),STS_COPR_M,,"{""geo"": ""FI"", ""s_adj"": ""SCA"", ""unit"": ""I21"", ""startPeriod"": 2003, ""nace_r2"": ""F41""}",,,2003-01
FR_IP_006,eurostat,1,Industrial_production,FR,Construction: all buildings (F41),STS_COPR_M,,"{""geo"": ""FR"", ""s_adj"": ""SCA"", ""unit"": ""I21"", ""startPeriod"": 2003, ""nace_r2"": ""F41""}",,,2003-01
GR_IP_006,eurostat,1,Industrial_production,GR,Construction: all buildings (F41),STS_COPR_M,,"{""geo"": ""EL"", ""s_adj"": ""SCA"", ""unit"": ""I21"", ""startPeriod"": 2003, ""nace_r2"": ""F41""}",,,2003-01
IE_IP_006,eurostat,1,Industrial_production,IE,Construction: all buildings (F41),STS_COPR_M,,"{""geo"": ""IE"", ""s_adj"": ""SCA"", ""unit"": ""I21"", ""startPeriod"": 2003, ""nace_r2"": ""F41""}",,,2003-01
IT_IP_006,eurostat,1,Industrial_production,IT,Construction: all buildings (F41),STS_COPR_M,,"{""geo"": ""IT"", ""s_adj"": ""SCA"", ""unit"": ""I21"", ""startPeriod"": 2003, ""nace_r2"": ""F41""}",,,2003-01
LT_IP_006,eurostat,1,Industrial_production,LT,Construction: all buildings (F41),STS_COPR_M,,"{""geo"": ""LT"", ""s_adj"": ""SCA"", ""unit"": ""I21"", ""startPeriod"": 2003, ""nace_r2"": ""F41""}",,,2003-01
LU_IP_006,eurostat,1,Industrial_production,LU,Construction: all buildings (F41),STS_COPR_M,,"{""geo"": ""LU"", ""s_adj"": ""SCA"", ""unit"": ""I21"", ""startPeriod"": 2003, ""nace_r2"": ""F41""}",,,2003-01
LV_IP_006,eurostat,1,Industrial_production,LV,Construction: all buildings (F41),STS_COPR_M,,"{""geo"": ""LV"", ""s_adj"": ""SCA"", ""unit"": ""I21"", ""startPeriod"": 2003, ""nace_r2"": ""F41""}",,,2003-01
MT_IP_006,eurostat,1,Industrial_production,MT,Construction: all buildings (F41),STS_COPR_M,,"{""geo"": ""MT"", ""s_adj"": ""SCA"", ""unit"": ""I21"", ""startPeriod"": 2003, ""nace_r2"": ""F41""}",,,2003-01
NL_IP_006,eurostat,1,Industrial_production,NL,Construction: all buildings (F41),STS_COPR_M,,"{""geo"": ""NL"", ""s_adj"": ""SCA"", ""unit"": ""I21"", ""startPeriod"": 2003, ""nace_r2"": ""F41""}",,,2003-01
PT_IP_006,eurostat,1,Industrial_production,PT,Construction: all buildings (F41),STS_COPR_M,,"{""geo"": ""PT"", ""s_adj"": ""SCA"", ""unit"": ""I21"", ""startPeriod"": 2003, ""nace_r2"": ""F41""}",,,2003-01
SI_IP_006,eurostat,1,Industrial_production,SI,Construction: all buildings (F41),STS_COPR_M,,"{""geo"": ""SI"", ""s_adj"": ""SCA"", ""unit"": ""I21"", ""startPeriod"": 2003, ""nace_r2"": ""F41""}",,,2003-01
SK_IP_006,eurostat,1,Industrial_production,SK,Construction: all buildings (F41),STS_COPR_M,,"{""geo"": ""SK"", ""s_adj"": ""SCA"", ""unit"": ""I21"", ""startPeriod"": 2003, ""nace_r2"": ""F41""}",,,2003-01
AT_LAB_WAGE_001,eurostat,2,Labor_market_indicators,AT,Wages MIG intermediate goods,STS_INLB_M,,"{""geo"": ""AT"", ""s_adj"": ""SCA"", ""unit"": ""I21"", ""startPeriod"": 2003, ""indic_bt"": ""WAGE"", ""nace_r2"": ""MIG_ING""}",,,2003-01
BE_LAB_WAGE_001,eurostat,2,Labor_market_indicators,BE,Wages MIG intermediate goods,STS_INLB_M,,"{""geo"": ""BE"", ""s_adj"": ""SCA"", ""unit"": ""I21"", ""startPeriod"": 2003, ""indic_bt"": ""WAGE"", ""nace_r2"": ""MIG_ING""}",,,2003-01
CY_LAB_WAGE_001,eurostat,2,Labor_market_indicators,CY,Wages MIG intermediate goods,STS_INLB_M,,"{""geo"": ""CY"", ""s_adj"": ""SCA"", ""unit"": ""I21"", ""startPeriod"": 2003, ""indic_bt"": ""WAGE"", ""nace_r2"": ""MIG_ING""}",,,2003-01
DE_LAB_WAGE_001,eurostat,2,Labor_market_indicators,DE,Wages MIG intermediate goods,STS_INLB_M,,"{""geo"": ""DE"", ""s_adj"": ""SCA"", ""unit"": ""I21"", ""startPeriod"": 2003, ""indic_bt"": ""WAGE"", ""nace_r2"": ""MIG_ING""}",,,2003-01
EE_LAB_WAGE_001,eurostat,2,Labor_market_indicators,EE,Wages MIG intermediate goods,STS_INLB_M,,"{""geo"": ""EE"", ""s_adj"": ""SCA"", ""unit"": ""I21"", ""startPeriod"": 2003, ""indic_bt"": ""WAGE"", ""nace_r2"": ""MIG_ING""}",,,2003-01
ES_LAB_WAGE_001,eurostat,2,Labor_market_indicators,ES,Wages MIG intermediate goods,STS_INLB_M,,"{""geo"": ""ES"", ""s_adj"": ""SCA"", ""unit"": ""I21"", ""startPeriod"": 2003, ""indic_bt"": ""WAGE"", ""nace_r2"": ""MIG_ING""}",,,2003-01
FI_LAB_WAGE_001,eurostat,2,Labor_market_indicators,FI,Wages MIG intermediate goods,STS_INLB_M,,"{""geo"": ""FI"", ""s_adj"": ""SCA"", ""unit"": ""I21"", ""startPeriod"": 2003, ""indic_bt"": ""WAGE"", ""nace_r2"": ""MIG_ING""}",,,2003-01
FR_LAB_WAGE_001,eurostat,2,Labor_market_indicators,FR,Wages MIG intermediate goods,STS_INLB_M,,"{""geo"": ""FR"", ""s_adj"": ""SCA"", ""unit"": ""I21"", ""startPeriod"": 2003, ""indic_bt"": ""WAGE"", ""nace_r2"": ""MIG_ING""}",,,2003-01
GR_LAB_WAGE_001,eurostat,2,Labor_market_indicators,GR,Wages MIG intermediate goods,STS_INLB_M,,"{""geo"": ""EL"", ""s_adj"": ""SCA"", ""unit"": ""I21"", ""startPeriod"": 2003, ""indic_bt"": ""WAGE"", ""nace_r2"": ""MIG_ING""}",,,2003-01
IE_LAB_WAGE_001,eurostat,2,Labor_market_indicators,IE,Wages MIG intermediate goods,STS_INLB_M,,"{""geo"": ""IE"", ""s_adj"": ""SCA"", ""unit"": ""I21"", ""startPeriod"": 2003, ""indic_bt"": ""WAGE"", ""nace_r2"": ""MIG_ING""}",,,2003-01
IT_LAB_WAGE_001,eurostat,2,Labor_market_indicators,IT,Wages MIG intermediate goods,STS_INLB_M,,"{""geo"": ""IT"", ""s_adj"": ""SCA"", ""unit"": ""I21"", ""startPeriod"": 2003, ""indic_bt"": ""WAGE"", ""nace_r2"": ""MIG_ING""}",,,2003-01
LT_LAB_WAGE_001,eurostat,2,Labor_market_indicators,LT,Wages MIG intermediate goods,STS_INLB_M,,"{""geo"": ""LT"", ""s_adj"": ""SCA"", ""unit"": ""I21"", ""startPeriod"": 2003, ""indic_bt"": ""WAGE"", ""nace_r2"": ""MIG_ING""}",,,2003-01
LU_LAB_WAGE_001,eurostat,2,Labor_market_indicators,LU,Wages MIG intermediate goods,STS_INLB_M,,"{""geo"": ""LU"", ""s_adj"": ""SCA"", ""unit"": ""I21"", ""startPeriod"": 2003, ""indic_bt"": ""WAGE"", ""nace_r2"": ""MIG_ING""}",,,2003-01
LV_LAB_WAGE_001,eurostat,2,Labor_market_indicators,LV,Wages MIG intermediate goods,STS_INLB_M,,"{""geo"": ""LV"", ""s_adj"": ""SCA"", ""unit"": ""I21"", ""startPeriod"": 2003, ""indic_bt"": ""WAGE"", ""nace_r2"": ""MIG_ING""}",,,2003-01
MT_LAB_WAGE_001,eurostat,2,Labor_market_indicators,MT,Wages MIG intermediate goods,STS_INLB_M,,"{""geo"": ""MT"", ""s_adj"": ""SCA"", ""unit"": ""I21"", ""startPeriod"": 2003, ""indic_bt"": ""WAGE"", ""nace_r2"": ""MIG_ING""}",,,2003-01
NL_LAB_WAGE_001,eurostat,2,Labor_market_indicators,NL,Wages MIG intermediate goods,STS_INLB_M,,"{""geo"": ""NL"", ""s_adj"": ""SCA"", ""unit"": ""I21"", ""startPeriod"": 2003, ""indic_bt"": ""WAGE"", ""nace_r2"": ""MIG_ING""}",,,2003-01
PT_LAB_WAGE_001,eurostat,2,Labor_market_indicators,PT,Wages MIG intermediate goods,STS_INLB_M,,"{""geo"": ""PT"", ""s_adj"": ""SCA"", ""unit"": ""I21"", ""startPeriod"": 2003, ""indic_bt"": ""WAGE"", ""nace_r2"": ""MIG_ING""}",,,2003-01
SI_LAB_WAGE_001,eurostat,2,Labor_market_indicators,SI,Wages MIG intermediate goods,STS_INLB_M,,"{""geo"": ""SI"", ""s_adj"": ""SCA"", ""unit"": ""I21"", ""startPeriod"": 2003, ""indic_bt"": ""WAGE"", ""nace_r2"": ""MIG_ING""}",,,2003-01
SK_LAB_WAGE_001,eurostat,2,Labor_market_indicators,SK,Wages MIG intermediate goods,STS_INLB_M,,"{""geo"": ""SK"", ""s_adj"": ""SCA"", ""unit"": ""I21"", ""startPeriod"": 2003, ""indic_bt"": ""WAGE"", ""nace_r2"": ""MIG_ING""}",,,2003-01
AT_LAB_WAGE_002,eurostat,2,Labor_market_indicators,AT,Wages MIG capital goods,STS_INLB_M,,"{""geo"": ""AT"", ""s_adj"": ""SCA"", ""unit"": ""I21"", ""startPeriod"": 2003, ""indic_bt"": ""WAGE"", ""nace_r2"": ""MIG_CAG""}",,,2003-01
BE_LAB_WAGE_002,eurostat,2,Labor_market_indicators,BE,Wages MIG capital goods,STS_INLB_M,,"{""geo"": ""BE"", ""s_adj"": ""SCA"", ""unit"": ""I21"", ""startPeriod"": 2003, ""indic_bt"": ""WAGE"", ""nace_r2"": ""MIG_CAG""}",,,2003-01
CY_LAB_WAGE_002,eurostat,2,Labor_market_indicators,CY,Wages MIG capital goods,STS_INLB_M,,"{""geo"": ""CY"", ""s_adj"": ""SCA"", ""unit"": ""I21"", ""startPeriod"": 2003, ""indic_bt"": ""WAGE"", ""nace_r2"": ""MIG_CAG""}",,,2003-01
DE_LAB_WAGE_002,eurostat,2,Labor_market_indicators,DE,Wages MIG capital goods,STS_INLB_M,,"{""geo"": ""DE"", ""s_adj"": ""SCA"", ""unit"": ""I21"", ""startPeriod"": 2003, ""indic_bt"": ""WAGE"", ""nace_r2"": ""MIG_CAG""}",,,2003-01
EE_LAB_WAGE_002,eurostat,2,Labor_market_indicators,EE,Wages MIG capital goods,STS_INLB_M,,"{""geo"": ""EE"", ""s_adj"": ""SCA"", ""unit"": ""I21"", ""startPeriod"": 2003, ""indic_bt"": ""WAGE"", ""nace_r2"": ""MIG_CAG""}",,,2003-01
ES_LAB_WAGE_002,eurostat,2,Labor_market_indicators,ES,Wages MIG capital goods,STS_INLB_M,,"{""geo"": ""ES"", ""s_adj"": ""SCA"", ""unit"": ""I21"", ""startPeriod"": 2003, ""indic_bt"": ""WAGE"", ""nace_r2"": ""MIG_CAG""}",,,2003-01
FI_LAB_WAGE_002,eurostat,2,Labor_market_indicators,FI,Wages MIG capital goods,STS_INLB_M,,"{""geo"": ""FI"", ""s_adj"": ""SCA"", ""unit"": ""I21"", ""startPeriod"": 2003, ""indic_bt"": ""WAGE"", ""nace_r2"": ""MIG_CAG""}",,,2003-01
FR_LAB_WAGE_002,eurostat,2,Labor_market_indicators,FR,Wages MIG capital goods,STS_INLB_M,,"{""geo"": ""FR"", ""s_adj"": ""SCA"", ""unit"": ""I21"", ""startPeriod"": 2003, ""indic_bt"": ""WAGE"", ""nace_r2"": ""MIG_CAG""}",,,2003-01
GR_LAB_WAGE_002,eurostat,2,Labor_market_indicators,GR,Wages MIG capital goods,STS_INLB_M,,"{""geo"": ""EL"", ""s_adj"": ""SCA"", ""unit"": ""I21"", ""startPeriod"": 2003, ""indic_bt"": ""WAGE"", ""nace_r2"": ""MIG_CAG""}",,,2003-01
IE_LAB_WAGE_002,eurostat,2,Labor_market_indicators,IE,Wages MIG capital goods,STS_INLB_M,,"{""geo"": ""IE"", ""s_adj"": ""SCA"", ""unit"": ""I21"", ""startPeriod"": 2003, ""indic_bt"": ""WAGE"", ""nace_r2"": ""MIG_CAG""}",,,2003-01
IT_LAB_WAGE_002,eurostat,2,Labor_market_indicators,IT,Wages MIG capital goods,STS_INLB_M,,"{""geo"": ""IT"", ""s_adj"": ""SCA"", ""unit"": ""I21"", ""startPeriod"": 2003, ""indic_bt"": ""WAGE"", ""nace_r2"": ""MIG_CAG""}",,,2003-01
LT_LAB_WAGE_002,eurostat,2,Labor_market_indicators,LT,Wages MIG capital goods,STS_INLB_M,,"{""geo"": ""LT"", ""s_adj"": ""SCA"", ""unit"": ""I21"", ""startPeriod"": 2003, ""indic_bt"": ""WAGE"", ""nace_r2"": ""MIG_CAG""}",,,2003-01
LU_LAB_WAGE_002,eurostat,2,Labor_market_indicators,LU,Wages MIG capital goods,STS_INLB_M,,"{""geo"": ""LU"", ""s_adj"": ""SCA"", ""unit"": ""I21"", ""startPeriod"": 2003, ""indic_bt"": ""WAGE"", ""nace_r2"": ""MIG_CAG""}",,,2003-01
LV_LAB_WAGE_002,eurostat,2,Labor_market_indicators,LV,Wages MIG capital goods,STS_INLB_M,,"{""geo"": ""LV"", ""s_adj"": ""SCA"", ""unit"": ""I21"", ""startPeriod"": 2003, ""indic_bt"": ""WAGE"", ""nace_r2"": ""MIG_CAG""}",,,2003-01
MT_LAB_WAGE_002,eurostat,2,Labor_market_indicators,MT,Wages MIG capital goods,STS_INLB_M,,"{""geo"": ""MT"", ""s_adj"": ""SCA"", ""unit"": ""I21"", ""startPeriod"": 2003, ""indic_bt"": ""WAGE"", ""nace_r2"": ""MIG_CAG""}",,,2003-01
NL_LAB_WAGE_002,eurostat,2,Labor_market_indicators,NL,Wages MIG capital goods,STS_INLB_M,,"{""geo"": ""NL"", ""s_adj"": ""SCA"", ""unit"": ""I21"", ""startPeriod"": 2003, ""indic_bt"": ""WAGE"", ""nace_r2"": ""MIG_CAG""}",,,2003-01
PT_LAB_WAGE_002,eurostat,2,Labor_market_indicators,PT,Wages MIG capital goods,STS_INLB_M,,"{""geo"": ""PT"", ""s_adj"": ""SCA"", ""unit"": ""I21"", ""startPeriod"": 2003, ""indic_bt"": ""WAGE"", ""nace_r2"": ""MIG_CAG""}",,,2003-01
SI_LAB_WAGE_002,eurostat,2,Labor_market_indicators,SI,Wages MIG capital goods,STS_INLB_M,,"{""geo"": ""SI"", ""s_adj"": ""SCA"", ""unit"": ""I21"", ""startPeriod"": 2003, ""indic_bt"": ""WAGE"", ""nace_r2"": ""MIG_CAG""}",,,2003-01
SK_LAB_WAGE_002,eurostat,2,Labor_market_indicators,SK,Wages MIG capital goods,STS_INLB_M,,"{""geo"": ""SK"", ""s_adj"": ""SCA"", ""unit"": ""I21"", ""startPeriod"": 2003, ""indic_bt"": ""WAGE"", ""nace_r2"": ""MIG_CAG""}",,,2003-01
AT_LAB_WAGE_003,eurostat,2,Labor_market_indicators,AT,Wages MIG durable consumer goods,STS_INLB_M,,"{""geo"": ""AT"", ""s_adj"": ""SCA"", ""unit"": ""I21"", ""startPeriod"": 2003, ""indic_bt"": ""WAGE"", ""nace_r2"": ""MIG_DCOG""}",,,2003-01
BE_LAB_WAGE_003,eurostat,2,Labor_market_indicators,BE,Wages MIG durable consumer goods,STS_INLB_M,,"{""geo"": ""BE"", ""s_adj"": ""SCA"", ""unit"": ""I21"", ""startPeriod"": 2003, ""indic_bt"": ""WAGE"", ""nace_r2"": ""MIG_DCOG""}",,,2003-01
CY_LAB_WAGE_003,eurostat,2,Labor_market_indicators,CY,Wages MIG durable consumer goods,STS_INLB_M,,"{""geo"": ""CY"", ""s_adj"": ""SCA"", ""unit"": ""I21"", ""startPeriod"": 2003, ""indic_bt"": ""WAGE"", ""nace_r2"": ""MIG_DCOG""}",,,2003-01
DE_LAB_WAGE_003,eurostat,2,Labor_market_indicators,DE,Wages MIG durable consumer goods,STS_INLB_M,,"{""geo"": ""DE"", ""s_adj"": ""SCA"", ""unit"": ""I21"", ""startPeriod"": 2003, ""indic_bt"": ""WAGE"", ""nace_r2"": ""MIG_DCOG""}",,,2003-01
EE_LAB_WAGE_003,eurostat,2,Labor_market_indicators,EE,Wages MIG durable consumer goods,STS_INLB_M,,"{""geo"": ""EE"", ""s_adj"": ""SCA"", ""unit"": ""I21"", ""startPeriod"": 2003, ""indic_bt"": ""WAGE"", ""nace_r2"": ""MIG_DCOG""}",,,2003-01
ES_LAB_WAGE_003,eurostat,2,Labor_market_indicators,ES,Wages MIG durable consumer goods,STS_INLB_M,,"{""geo"": ""ES"", ""s_adj"": ""SCA"", ""unit"": ""I21"", ""startPeriod"": 2003, ""indic_bt"": ""WAGE"", ""nace_r2"": ""MIG_DCOG""}",,,2003-01
FI_LAB_WAGE_003,eurostat,2,Labor_market_indicators,FI,Wages MIG durable consumer goods,STS_INLB_M,,"{""geo"": ""FI"", ""s_adj"": ""SCA"", ""unit"": ""I21"", ""startPeriod"": 2003, ""indic_bt"": ""WAGE"", ""nace_r2"": ""MIG_DCOG""}",,,2003-01
FR_LAB_WAGE_003,eurostat,2,Labor_market_indicators,FR,Wages MIG durable consumer goods,STS_INLB_M,,"{""geo"": ""FR"", ""s_adj"": ""SCA"", ""unit"": ""I21"", ""startPeriod"": 2003, ""indic_bt"": ""WAGE"", ""nace_r2"": ""MIG_DCOG""}",,,2003-01
GR_LAB_WAGE_003,eurostat,2,Labor_market_indicators,GR,Wages MIG durable consumer goods,STS_INLB_M,,"{""geo"": ""EL"", ""s_adj"": ""SCA"", ""unit"": ""I21"", ""startPeriod"": 2003, ""indic_bt"": ""WAGE"", ""nace_r2"": ""MIG_DCOG""}",,,2003-01
IE_LAB_WAGE_003,eurostat,2,Labor_market_indicators,IE,Wages MIG durable consumer goods,STS_INLB_M,,"{""geo"": ""IE"", ""s_adj"": ""SCA"", ""unit"": ""I21"", ""startPeriod"": 2003, ""indic_bt"": ""WAGE"", ""nace_r2"": ""MIG_DCOG""}",,,2003-01
IT_LAB_WAGE_003,eurostat,2,Labor_market_indicators,IT,Wages MIG durable consumer goods,STS_INLB_M,,"{""geo"": ""IT"", ""s_adj"": ""SCA"", ""unit"": ""I21"", ""startPeriod"": 2003, ""indic_bt"": ""WAGE"", ""nace_r2"": ""MIG_DCOG""}",,,2003-01
LT_LAB_WAGE_003,eurostat,2,Labor_market_indicators,LT,Wages MIG durable consumer goods,STS_INLB_M,,"{""geo"": ""LT"", ""s_adj"": ""SCA"", ""unit"": ""I21"", ""startPeriod"": 2003, ""indic_bt"": ""WAGE"", ""nace_r2"": ""MIG_DCOG""}",,,2003-01
LU_LAB_WAGE_003,eurostat,2,Labor_market_indicators,LU,Wages MIG durable consumer goods,STS_INLB_M,,"{""geo"": ""LU"", ""s_adj"": ""SCA"", ""unit"": ""I21"", ""startPeriod"": 2003, ""indic_bt"": ""WAGE"", ""nace_r2"": ""MIG_DCOG""}",,,2003-01
LV_LAB_WAGE_003,eurostat,2,Labor_market_indicators,LV,Wages MIG durable consumer goods,STS_INLB_M,,"{""geo"": ""LV"", ""s_adj"": ""SCA"", ""unit"": ""I21"", ""startPeriod"": 2003, ""indic_bt"": ""WAGE"", ""nace_r2"": ""MIG_DCOG""}",,,2003-01
MT_LAB_WAGE_003,eurostat,2,Labor_market_indicators,MT,Wages MIG durable consumer goods,STS_INLB_M,,"{""geo"": ""MT"", ""s_adj"": ""SCA"", ""unit"": ""I21"", ""startPeriod"": 2003, ""indic_bt"": ""WAGE"", ""nace_r2"": ""MIG_DCOG""}",,,2003-01
NL_LAB_WAGE_003,eurostat,2,Labor_market_indicators,NL,Wages MIG durable consumer goods,STS_INLB_M,,"{""geo"": ""NL"", ""s_adj"": ""SCA"", ""unit"": ""I21"", ""startPeriod"": 2003, ""indic_bt"": ""WAGE"", ""nace_r2"": ""MIG_DCOG""}",,,2003-01
PT_LAB_WAGE_003,eurostat,2,Labor_market_indicators,PT,Wages MIG durable consumer goods,STS_INLB_M,,"{""geo"": ""PT"", ""s_adj"": ""SCA"", ""unit"": ""I21"", ""startPeriod"": 2003, ""indic_bt"": ""WAGE"", ""nace_r2"": ""MIG_DCOG""}",,,2003-01
SI_LAB_WAGE_003,eurostat,2,Labor_market_indicators,SI,Wages MIG durable consumer goods,STS_INLB_M,,"{""geo"": ""SI"", ""s_adj"": ""SCA"", ""unit"": ""I21"", ""startPeriod"": 2003, ""indic_bt"": ""WAGE"", ""nace_r2"": ""MIG_DCOG""}",,,2003-01
SK_LAB_WAGE_003,eurostat,2,Labor_market_indicators,SK,Wages MIG durable consumer goods,STS_INLB_M,,"{""geo"": ""SK"", ""s_adj"": ""SCA"", ""unit"": ""I21"", ""startPeriod"": 2003, ""indic_bt"": ""WAGE"", ""nace_r2"": ""MIG_DCOG""}",,,2003-01
AT_LAB_WAGE_004,eurostat,2,Labor_market_indicators,AT,Wages MIG non-durable consumer goods,STS_INLB_M,,"{""geo"": ""AT"", ""s_adj"": ""SCA"", ""unit"": ""I21"", ""startPeriod"": 2003, ""indic_bt"": ""WAGE"", ""nace_r2"": ""MIG_NDCOG""}",,,2003-01
BE_LAB_WAGE_004,eurostat,2,Labor_market_indicators,BE,Wages MIG non-durable consumer goods,STS_INLB_M,,"{""geo"": ""BE"", ""s_adj"": ""SCA"", ""unit"": ""I21"", ""startPeriod"": 2003, ""indic_bt"": ""WAGE"", ""nace_r2"": ""MIG_NDCOG""}",,,2003-01
CY_LAB_WAGE_004,eurostat,2,Labor_market_indicators,CY,Wages MIG non-durable consumer goods,STS_INLB_M,,"{""geo"": ""CY"", ""s_adj"": ""SCA"", ""unit"": ""I21"", ""startPeriod"": 2003, ""indic_bt"": ""WAGE"", ""nace_r2"": ""MIG_NDCOG""}",,,2003-01
DE_LAB_WAGE_004,eurostat,2,Labor_market_indicators,DE,Wages MIG non-durable consumer goods,STS_INLB_M,,"{""geo"": ""DE"", ""s_adj"": ""SCA"", ""unit"": ""I21"", ""startPeriod"": 2003, ""indic_bt"": ""WAGE"", ""nace_r2"": ""MIG_NDCOG""}",,,2003-01
EE_LAB_WAGE_004,eurostat,2,Labor_market_indicators,EE,Wages MIG non-durable consumer goods,STS_INLB_M,,"{""geo"": ""EE"", ""s_adj"": ""SCA"", ""unit"": ""I21"", ""startPeriod"": 2003, ""indic_bt"": ""WAGE"", ""nace_r2"": ""MIG_NDCOG""}",,,2003-01
ES_LAB_WAGE_004,eurostat,2,Labor_market_indicators,ES,Wages MIG non-durable consumer goods,STS_INLB_M,,"{""geo"": ""ES"", ""s_adj"": ""SCA"", ""unit"": ""I21"", ""startPeriod"": 2003, ""indic_bt"": ""WAGE"", ""nace_r2"": ""MIG_NDCOG""}",,,2003-01
FI_LAB_WAGE_004,eurostat,2,Labor_market_indicators,FI,Wages MIG non-durable consumer goods,STS_INLB_M,,"{""geo"": ""FI"", ""s_adj"": ""SCA"", ""unit"": ""I21"", ""startPeriod"": 2003, ""indic_bt"": ""WAGE"", ""nace_r2"": ""MIG_NDCOG""}",,,2003-01
FR_LAB_WAGE_004,eurostat,2,Labor_market_indicators,FR,Wages MIG non-durable consumer goods,STS_INLB_M,,"{""geo"": ""FR"", ""s_adj"": ""SCA"", ""unit"": ""I21"", ""startPeriod"": 2003, ""indic_bt"": ""WAGE"", ""nace_r2"": ""MIG_NDCOG""}",,,2003-01
GR_LAB_WAGE_004,eurostat,2,Labor_market_indicators,GR,Wages MIG non-durable consumer goods,STS_INLB_M,,"{""geo"": ""EL"", ""s_adj"": ""SCA"", ""unit"": ""I21"", ""startPeriod"": 2003, ""indic_bt"": ""WAGE"", ""nace_r2"": ""MIG_NDCOG""}",,,2003-01
IE_LAB_WAGE_004,eurostat,2,Labor_market_indicators,IE,Wages MIG non-durable consumer goods,STS_INLB_M,,"{""geo"": ""IE"", ""s_adj"": ""SCA"", ""unit"": ""I21"", ""startPeriod"": 2003, ""indic_bt"": ""WAGE"", ""nace_r2"": ""MIG_NDCOG""}",,,2003-01
IT_LAB_WAGE_004,eurostat,2,Labor_market_indicators,IT,Wages MIG non-durable consumer goods,STS_INLB_M,,"{""geo"": ""IT"", ""s_adj"": ""SCA"", ""unit"": ""I21"", ""startPeriod"": 2003, ""indic_bt"": ""WAGE"", ""nace_r2"": ""MIG_NDCOG""}",,,2003-01
LT_LAB_WAGE_004,eurostat,2,Labor_market_indicators,LT,Wages MIG non-durable consumer goods,STS_INLB_M,,"{""geo"": ""LT"", ""s_adj"": ""SCA"", ""unit"": ""I21"", ""startPeriod"": 2003, ""indic_bt"": ""WAGE"", ""nace_r2"": ""MIG_NDCOG""}",,,2003-01
LU_LAB_WAGE_004,eurostat,2,Labor_market_indicators,LU,Wages MIG non-durable consumer goods,STS_INLB_M,,"{""geo"": ""LU"", ""s_adj"": ""SCA"", ""unit"": ""I21"", ""startPeriod"": 2003, ""indic_bt"": ""WAGE"", ""nace_r2"": ""MIG_NDCOG""}",,,2003-01
LV_LAB_WAGE_004,eurostat,2,Labor_market_indicators,LV,Wages MIG non-durable consumer goods,STS_INLB_M,,"{""geo"": ""LV"", ""s_adj"": ""SCA"", ""unit"": ""I21"", ""startPeriod"": 2003, ""indic_bt"": ""WAGE"", ""nace_r2"": ""MIG_NDCOG""}",,,2003-01
MT_LAB_WAGE_004,eurostat,2,Labor_market_indicators,MT,Wages MIG non-durable consumer goods,STS_INLB_M,,"{""geo"": ""MT"", ""s_adj"": ""SCA"", ""unit"": ""I21"", ""startPeriod"": 2003, ""indic_bt"": ""WAGE"", ""nace_r2"": ""MIG_NDCOG""}",,,2003-01
NL_LAB_WAGE_004,eurostat,2,Labor_market_indicators,NL,Wages MIG non-durable consumer goods,STS_INLB_M,,"{""geo"": ""NL"", ""s_adj"": ""SCA"", ""unit"": ""I21"", ""startPeriod"": 2003, ""indic_bt"": ""WAGE"", ""nace_r2"": ""MIG_NDCOG""}",,,2003-01
PT_LAB_WAGE_004,eurostat,2,Labor_market_indicators,PT,Wages MIG non-durable consumer goods,STS_INLB_M,,"{""geo"": ""PT"", ""s_adj"": ""SCA"", ""unit"": ""I21"", ""startPeriod"": 2003, ""indic_bt"": ""WAGE"", ""nace_r2"": ""MIG_NDCOG""}",,,2003-01
SI_LAB_WAGE_004,eurostat,2,Labor_market_indicators,SI,Wages MIG non-durable consumer goods,STS_INLB_M,,"{""geo"": ""SI"", ""s_adj"": ""SCA"", ""unit"": ""I21"", ""startPeriod"": 2003, ""indic_bt"": ""WAGE"", ""nace_r2"": ""MIG_NDCOG""}",,,2003-01
SK_LAB_WAGE_004,eurostat,2,Labor_market_indicators,SK,Wages MIG non-durable consumer goods,STS_INLB_M,,"{""geo"": ""SK"", ""s_adj"": ""SCA"", ""unit"": ""I21"", ""startPeriod"": 2003, ""indic_bt"": ""WAGE"", ""nace_r2"": ""MIG_NDCOG""}",,,2003-01
AT_LAB_WAGE_005,eurostat,2,Labor_market_indicators,AT,Wages MIG energy,STS_INLB_M,,"{""geo"": ""AT"", ""s_adj"": ""SCA"", ""unit"": ""I21"", ""startPeriod"": 2003, ""indic_bt"": ""WAGE"", ""nace_r2"": ""MIG_NRG""}",,,2003-01
BE_LAB_WAGE_005,eurostat,2,Labor_market_indicators,BE,Wages MIG energy,STS_INLB_M,,"{""geo"": ""BE"", ""s_adj"": ""SCA"", ""unit"": ""I21"", ""startPeriod"": 2003, ""indic_bt"": ""WAGE"", ""nace_r2"": ""MIG_NRG""}",,,2003-01
CY_LAB_WAGE_005,eurostat,2,Labor_market_indicators,CY,Wages MIG energy,STS_INLB_M,,"{""geo"": ""CY"", ""s_adj"": ""SCA"", ""unit"": ""I21"", ""startPeriod"": 2003, ""indic_bt"": ""WAGE"", ""nace_r2"": ""MIG_NRG""}",,,2003-01
DE_LAB_WAGE_005,eurostat,2,Labor_market_indicators,DE,Wages MIG energy,STS_INLB_M,,"{""geo"": ""DE"", ""s_adj"": ""SCA"", ""unit"": ""I21"", ""startPeriod"": 2003, ""indic_bt"": ""WAGE"", ""nace_r2"": ""MIG_NRG""}",,,2003-01
EE_LAB_WAGE_005,eurostat,2,Labor_market_indicators,EE,Wages MIG energy,STS_INLB_M,,"{""geo"": ""EE"", ""s_adj"": ""SCA"", ""unit"": ""I21"", ""startPeriod"": 2003, ""indic_bt"": ""WAGE"", ""nace_r2"": ""MIG_NRG""}",,,2003-01
ES_LAB_WAGE_005,eurostat,2,Labor_market_indicators,ES,Wages MIG energy,STS_INLB_M,,"{""geo"": ""ES"", ""s_adj"": ""SCA"", ""unit"": ""I21"", ""startPeriod"": 2003, ""indic_bt"": ""WAGE"", ""nace_r2"": ""MIG_NRG""}",,,2003-01
FI_LAB_WAGE_005,eurostat,2,Labor_market_indicators,FI,Wages MIG energy,STS_INLB_M,,"{""geo"": ""FI"", ""s_adj"": ""SCA"", ""unit"": ""I21"", ""startPeriod"": 2003, ""indic_bt"": ""WAGE"", ""nace_r2"": ""MIG_NRG""}",,,2003-01
FR_LAB_WAGE_005,eurostat,2,Labor_market_indicators,FR,Wages MIG energy,STS_INLB_M,,"{""geo"": ""FR"", ""s_adj"": ""SCA"", ""unit"": ""I21"", ""startPeriod"": 2003, ""indic_bt"": ""WAGE"", ""nace_r2"": ""MIG_NRG""}",,,2003-01
GR_LAB_WAGE_005,eurostat,2,Labor_market_indicators,GR,Wages MIG energy,STS_INLB_M,,"{""geo"": ""EL"", ""s_adj"": ""SCA"", ""unit"": ""I21"", ""startPeriod"": 2003, ""indic_bt"": ""WAGE"", ""nace_r2"": ""MIG_NRG""}",,,2003-01
IE_LAB_WAGE_005,eurostat,2,Labor_market_indicators,IE,Wages MIG energy,STS_INLB_M,,"{""geo"": ""IE"", ""s_adj"": ""SCA"", ""unit"": ""I21"", ""startPeriod"": 2003, ""indic_bt"": ""WAGE"", ""nace_r2"": ""MIG_NRG""}",,,2003-01
IT_LAB_WAGE_005,eurostat,2,Labor_market_indicators,IT,Wages MIG energy,STS_INLB_M,,"{""geo"": ""IT"", ""s_adj"": ""SCA"", ""unit"": ""I21"", ""startPeriod"": 2003, ""indic_bt"": ""WAGE"", ""nace_r2"": ""MIG_NRG""}",,,2003-01
LT_LAB_WAGE_005,eurostat,2,Labor_market_indicators,LT,Wages MIG energy,STS_INLB_M,,"{""geo"": ""LT"", ""s_adj"": ""SCA"", ""unit"": ""I21"", ""startPeriod"": 2003, ""indic_bt"": ""WAGE"", ""nace_r2"": ""MIG_NRG""}",,,2003-01
LU_LAB_WAGE_005,eurostat,2,Labor_market_indicators,LU,Wages MIG energy,STS_INLB_M,,"{""geo"": ""LU"", ""s_adj"": ""SCA"", ""unit"": ""I21"", ""startPeriod"": 2003, ""indic_bt"": ""WAGE"", ""nace_r2"": ""MIG_NRG""}",,,2003-01
LV_LAB_WAGE_005,eurostat,2,Labor_market_indicators,LV,Wages MIG energy,STS_INLB_M,,"{""geo"": ""LV"", ""s_adj"": ""SCA"", ""unit"": ""I21"", ""startPeriod"": 2003, ""indic_bt"": ""WAGE"", ""nace_r2"": ""MIG_NRG""}",,,2003-01
MT_LAB_WAGE_005,eurostat,2,Labor_market_indicators,MT,Wages MIG energy,STS_INLB_M,,"{""geo"": ""MT"", ""s_adj"": ""SCA"", ""unit"": ""I21"", ""startPeriod"": 2003, ""indic_bt"": ""WAGE"", ""nace_r2"": ""MIG_NRG""}",,,2003-01
NL_LAB_WAGE_005,eurostat,2,Labor_market_indicators,NL,Wages MIG energy,STS_INLB_M,,"{""geo"": ""NL"", ""s_adj"": ""SCA"", ""unit"": ""I21"", ""startPeriod"": 2003, ""indic_bt"": ""WAGE"", ""nace_r2"": ""MIG_NRG""}",,,2003-01
PT_LAB_WAGE_005,eurostat,2,Labor_market_indicators,PT,Wages MIG energy,STS_INLB_M,,"{""geo"": ""PT"", ""s_adj"": ""SCA"", ""unit"": ""I21"", ""startPeriod"": 2003, ""indic_bt"": ""WAGE"", ""nace_r2"": ""MIG_NRG""}",,,2003-01
SI_LAB_WAGE_005,eurostat,2,Labor_market_indicators,SI,Wages MIG energy,STS_INLB_M,,"{""geo"": ""SI"", ""s_adj"": ""SCA"", ""unit"": ""I21"", ""startPeriod"": 2003, ""indic_bt"": ""WAGE"", ""nace_r2"": ""MIG_NRG""}",,,2003-01
SK_LAB_WAGE_005,eurostat,2,Labor_market_indicators,SK,Wages MIG energy,STS_INLB_M,,"{""geo"": ""SK"", ""s_adj"": ""SCA"", ""unit"": ""I21"", ""startPeriod"": 2003, ""indic_bt"": ""WAGE"", ""nace_r2"": ""MIG_NRG""}",,,2003-01
AT_LAB_EMP_001,eurostat,2,Labor_market_indicators,AT,Employment mining and quarrying,STS_INLB_M,,"{""geo"": ""AT"", ""s_adj"": ""SCA"", ""unit"": ""I21"", ""startPeriod"": 2003, ""indic_bt"": ""EMP"", ""nace_r2"": ""B""}",,,2003-01
BE_LAB_EMP_001,eurostat,2,Labor_market_indicators,BE,Employment mining and quarrying,STS_INLB_M,,"{""geo"": ""BE"", ""s_adj"": ""SCA"", ""unit"": ""I21"", ""startPeriod"": 2003, ""indic_bt"": ""EMP"", ""nace_r2"": ""B""}",,,2003-01
CY_LAB_EMP_001,eurostat,2,Labor_market_indicators,CY,Employment mining and quarrying,STS_INLB_M,,"{""geo"": ""CY"", ""s_adj"": ""SCA"", ""unit"": ""I21"", ""startPeriod"": 2003, ""indic_bt"": ""EMP"", ""nace_r2"": ""B""}",,,2003-01
DE_LAB_EMP_001,eurostat,2,Labor_market_indicators,DE,Employment mining and quarrying,STS_INLB_M,,"{""geo"": ""DE"", ""s_adj"": ""SCA"", ""unit"": ""I21"", ""startPeriod"": 2003, ""indic_bt"": ""EMP"", ""nace_r2"": ""B""}",,,2003-01
EE_LAB_EMP_001,eurostat,2,Labor_market_indicators,EE,Employment mining and quarrying,STS_INLB_M,,"{""geo"": ""EE"", ""s_adj"": ""SCA"", ""unit"": ""I21"", ""startPeriod"": 2003, ""indic_bt"": ""EMP"", ""nace_r2"": ""B""}",,,2003-01
ES_LAB_EMP_001,eurostat,2,Labor_market_indicators,ES,Employment mining and quarrying,STS_INLB_M,,"{""geo"": ""ES"", ""s_adj"": ""SCA"", ""unit"": ""I21"", ""startPeriod"": 2003, ""indic_bt"": ""EMP"", ""nace_r2"": ""B""}",,,2003-01
FI_LAB_EMP_001,eurostat,2,Labor_market_indicators,FI,Employment mining and quarrying,STS_INLB_M,,"{""geo"": ""FI"", ""s_adj"": ""SCA"", ""unit"": ""I21"", ""startPeriod"": 2003, ""indic_bt"": ""EMP"", ""nace_r2"": ""B""}",,,2003-01
FR_LAB_EMP_001,eurostat,2,Labor_market_indicators,FR,Employment mining and quarrying,STS_INLB_M,,"{""geo"": ""FR"", ""s_adj"": ""SCA"", ""unit"": ""I21"", ""startPeriod"": 2003, ""indic_bt"": ""EMP"", ""nace_r2"": ""B""}",,,2003-01
GR_LAB_EMP_001,eurostat,2,Labor_market_indicators,GR,Employment mining and quarrying,STS_INLB_M,,"{""geo"": ""EL"", ""s_adj"": ""SCA"", ""unit"": ""I21"", ""startPeriod"": 2003, ""indic_bt"": ""EMP"", ""nace_r2"": ""B""}",,,2003-01
IE_LAB_EMP_001,eurostat,2,Labor_market_indicators,IE,Employment mining and quarrying,STS_INLB_M,,"{""geo"": ""IE"", ""s_adj"": ""SCA"", ""unit"": ""I21"", ""startPeriod"": 2003, ""indic_bt"": ""EMP"", ""nace_r2"": ""B""}",,,2003-01
IT_LAB_EMP_001,eurostat,2,Labor_market_indicators,IT,Employment mining and quarrying,STS_INLB_M,,"{""geo"": ""IT"", ""s_adj"": ""SCA"", ""unit"": ""I21"", ""startPeriod"": 2003, ""indic_bt"": ""EMP"", ""nace_r2"": ""B""}",,,2003-01
LT_LAB_EMP_001,eurostat,2,Labor_market_indicators,LT,Employment mining and quarrying,STS_INLB_M,,"{""geo"": ""LT"", ""s_adj"": ""SCA"", ""unit"": ""I21"", ""startPeriod"": 2003, ""indic_bt"": ""EMP"", ""nace_r2"": ""B""}",,,2003-01
LU_LAB_EMP_001,eurostat,2,Labor_market_indicators,LU,Employment mining and quarrying,STS_INLB_M,,"{""geo"": ""LU"", ""s_adj"": ""SCA"", ""unit"": ""I21"", ""startPeriod"": 2003, ""indic_bt"": ""EMP"", ""nace_r2"": ""B""}",,,2003-01
LV_LAB_EMP_001,eurostat,2,Labor_market_indicators,LV,Employment mining and quarrying,STS_INLB_M,,"{""geo"": ""LV"", ""s_adj"": ""SCA"", ""unit"": ""I21"", ""startPeriod"": 2003, ""indic_bt"": ""EMP"", ""nace_r2"": ""B""}",,,2003-01
MT_LAB_EMP_001,eurostat,2,Labor_market_indicators,MT,Employment mining and quarrying,STS_INLB_M,,"{""geo"": ""MT"", ""s_adj"": ""SCA"", ""unit"": ""I21"", ""startPeriod"": 2003, ""indic_bt"": ""EMP"", ""nace_r2"": ""B""}",,,2003-01
NL_LAB_EMP_001,eurostat,2,Labor_market_indicators,NL,Employment mining and quarrying,STS_INLB_M,,"{""geo"": ""NL"", ""s_adj"": ""SCA"", ""unit"": ""I21"", ""startPeriod"": 2003, ""indic_bt"": ""EMP"", ""nace_r2"": ""B""}",,,2003-01
PT_LAB_EMP_001,eurostat,2,Labor_market_indicators,PT,Employment mining and quarrying,STS_INLB_M,,"{""geo"": ""PT"", ""s_adj"": ""SCA"", ""unit"": ""I21"", ""startPeriod"": 2003, ""indic_bt"": ""EMP"", ""nace_r2"": ""B""}",,,2003-01
SI_LAB_EMP_001,eurostat,2,Labor_market_indicators,SI,Employment mining and quarrying,STS_INLB_M,,"{""geo"": ""SI"", ""s_adj"": ""SCA"", ""unit"": ""I21"", ""startPeriod"": 2003, ""indic_bt"": ""EMP"", ""nace_r2"": ""B""}",,,2003-01
SK_LAB_EMP_001,eurostat,2,Labor_market_indicators,SK,Employment mining and quarrying,STS_INLB_M,,"{""geo"": ""SK"", ""s_adj"": ""SCA"", ""unit"": ""I21"", ""startPeriod"": 2003, ""indic_bt"": ""EMP"", ""nace_r2"": ""B""}",,,2003-01
AT_LAB_EMP_002,eurostat,2,Labor_market_indicators,AT,Employment manufacturing,STS_INLB_M,,"{""geo"": ""AT"", ""s_adj"": ""SCA"", ""unit"": ""I21"", ""startPeriod"": 2003, ""indic_bt"": ""EMP"", ""nace_r2"": ""C""}",,,2003-01
BE_LAB_EMP_002,eurostat,2,Labor_market_indicators,BE,Employment manufacturing,STS_INLB_M,,"{""geo"": ""BE"", ""s_adj"": ""SCA"", ""unit"": ""I21"", ""startPeriod"": 2003, ""indic_bt"": ""EMP"", ""nace_r2"": ""C""}",,,2003-01
CY_LAB_EMP_002,eurostat,2,Labor_market_indicators,CY,Employment manufacturing,STS_INLB_M,,"{""geo"": ""CY"", ""s_adj"": ""SCA"", ""unit"": ""I21"", ""startPeriod"": 2003, ""indic_bt"": ""EMP"", ""nace_r2"": ""C""}",,,2003-01
DE_LAB_EMP_002,eurostat,2,Labor_market_indicators,DE,Employment manufacturing,STS_INLB_M,,"{""geo"": ""DE"", ""s_adj"": ""SCA"", ""unit"": ""I21"", ""startPeriod"": 2003, ""indic_bt"": ""EMP"", ""nace_r2"": ""C""}",,,2003-01
EE_LAB_EMP_002,eurostat,2,Labor_market_indicators,EE,Employment manufacturing,STS_INLB_M,,"{""geo"": ""EE"", ""s_adj"": ""SCA"", ""unit"": ""I21"", ""startPeriod"": 2003, ""indic_bt"": ""EMP"", ""nace_r2"": ""C""}",,,2003-01
ES_LAB_EMP_002,eurostat,2,Labor_market_indicators,ES,Employment manufacturing,STS_INLB_M,,"{""geo"": ""ES"", ""s_adj"": ""SCA"", ""unit"": ""I21"", ""startPeriod"": 2003, ""indic_bt"": ""EMP"", ""nace_r2"": ""C""}",,,2003-01
FI_LAB_EMP_002,eurostat,2,Labor_market_indicators,FI,Employment manufacturing,STS_INLB_M,,"{""geo"": ""FI"", ""s_adj"": ""SCA"", ""unit"": ""I21"", ""startPeriod"": 2003, ""indic_bt"": ""EMP"", ""nace_r2"": ""C""}",,,2003-01
FR_LAB_EMP_002,eurostat,2,Labor_market_indicators,FR,Employment manufacturing,STS_INLB_M,,"{""geo"": ""FR"", ""s_adj"": ""SCA"", ""unit"": ""I21"", ""startPeriod"": 2003, ""indic_bt"": ""EMP"", ""nace_r2"": ""C""}",,,2003-01
GR_LAB_EMP_002,eurostat,2,Labor_market_indicators,GR,Employment manufacturing,STS_INLB_M,,"{""geo"": ""EL"", ""s_adj"": ""SCA"", ""unit"": ""I21"", ""startPeriod"": 2003, ""indic_bt"": ""EMP"", ""nace_r2"": ""C""}",,,2003-01
IE_LAB_EMP_002,eurostat,2,Labor_market_indicators,IE,Employment manufacturing,STS_INLB_M,,"{""geo"": ""IE"", ""s_adj"": ""SCA"", ""unit"": ""I21"", ""startPeriod"": 2003, ""indic_bt"": ""EMP"", ""nace_r2"": ""C""}",,,2003-01
IT_LAB_EMP_002,eurostat,2,Labor_market_indicators,IT,Employment manufacturing,STS_INLB_M,,"{""geo"": ""IT"", ""s_adj"": ""SCA"", ""unit"": ""I21"", ""startPeriod"": 2003, ""indic_bt"": ""EMP"", ""nace_r2"": ""C""}",,,2003-01
LT_LAB_EMP_002,eurostat,2,Labor_market_indicators,LT,Employment manufacturing,STS_INLB_M,,"{""geo"": ""LT"", ""s_adj"": ""SCA"", ""unit"": ""I21"", ""startPeriod"": 2003, ""indic_bt"": ""EMP"", ""nace_r2"": ""C""}",,,2003-01
LU_LAB_EMP_002,eurostat,2,Labor_market_indicators,LU,Employment manufacturing,STS_INLB_M,,"{""geo"": ""LU"", ""s_adj"": ""SCA"", ""unit"": ""I21"", ""startPeriod"": 2003, ""indic_bt"": ""EMP"", ""nace_r2"": ""C""}",,,2003-01
LV_LAB_EMP_002,eurostat,2,Labor_market_indicators,LV,Employment manufacturing,STS_INLB_M,,"{""geo"": ""LV"", ""s_adj"": ""SCA"", ""unit"": ""I21"", ""startPeriod"": 2003, ""indic_bt"": ""EMP"", ""nace_r2"": ""C""}",,,2003-01
MT_LAB_EMP_002,eurostat,2,Labor_market_indicators,MT,Employment manufacturing,STS_INLB_M,,"{""geo"": ""MT"", ""s_adj"": ""SCA"", ""unit"": ""I21"", ""startPeriod"": 2003, ""indic_bt"": ""EMP"", ""nace_r2"": ""C""}",,,2003-01
NL_LAB_EMP_002,eurostat,2,Labor_market_indicators,NL,Employment manufacturing,STS_INLB_M,,"{""geo"": ""NL"", ""s_adj"": ""SCA"", ""unit"": ""I21"", ""startPeriod"": 2003, ""indic_bt"": ""EMP"", ""nace_r2"": ""C""}",,,2003-01
PT_LAB_EMP_002,eurostat,2,Labor_market_indicators,PT,Employment manufacturing,STS_INLB_M,,"{""geo"": ""PT"", ""s_adj"": ""SCA"", ""unit"": ""I21"", ""startPeriod"": 2003, ""indic_bt"": ""EMP"", ""nace_r2"": ""C""}",,,2003-01
SI_LAB_EMP_002,eurostat,2,Labor_market_indicators,SI,Employment manufacturing,STS_INLB_M,,"{""geo"": ""SI"", ""s_adj"": ""SCA"", ""unit"": ""I21"", ""startPeriod"": 2003, ""indic_bt"": ""EMP"", ""nace_r2"": ""C""}",,,2003-01
SK_LAB_EMP_002,eurostat,2,Labor_market_indicators,SK,Employment manufacturing,STS_INLB_M,,"{""geo"": ""SK"", ""s_adj"": ""SCA"", ""unit"": ""I21"", ""startPeriod"": 2003, ""indic_bt"": ""EMP"", ""nace_r2"": ""C""}",,,2003-01
AT_LAB_EMP_003,eurostat,2,Labor_market_indicators,AT,Employment electricity/gas,STS_INLB_M,,"{""geo"": ""AT"", ""s_adj"": ""SCA"", ""unit"": ""I21"", ""startPeriod"": 2003, ""indic_bt"": ""EMP"", ""nace_r2"": ""D""}",,,2003-01
BE_LAB_EMP_003,eurostat,2,Labor_market_indicators,BE,Employment electricity/gas,STS_INLB_M,,"{""geo"": ""BE"", ""s_adj"": ""SCA"", ""unit"": ""I21"", ""startPeriod"": 2003, ""indic_bt"": ""EMP"", ""nace_r2"": ""D""}",,,2003-01
CY_LAB_EMP_003,eurostat,2,Labor_market_indicators,CY,Employment electricity/gas,STS_INLB_M,,"{""geo"": ""CY"", ""s_adj"": ""SCA"", ""unit"": ""I21"", ""startPeriod"": 2003, ""indic_bt"": ""EMP"", ""nace_r2"": ""D""}",,,2003-01
DE_LAB_EMP_003,eurostat,2,Labor_market_indicators,DE,Employment electricity/gas,STS_INLB_M,,"{""geo"": ""DE"", ""s_adj"": ""SCA"", ""unit"": ""I21"", ""startPeriod"": 2003, ""indic_bt"": ""EMP"", ""nace_r2"": ""D""}",,,2003-01
EE_LAB_EMP_003,eurostat,2,Labor_market_indicators,EE,Employment electricity/gas,STS_INLB_M,,"{""geo"": ""EE"", ""s_adj"": ""SCA"", ""unit"": ""I21"", ""startPeriod"": 2003, ""indic_bt"": ""EMP"", ""nace_r2"": ""D""}",,,2003-01
ES_LAB_EMP_003,eurostat,2,Labor_market_indicators,ES,Employment electricity/gas,STS_INLB_M,,"{""geo"": ""ES"", ""s_adj"": ""SCA"", ""unit"": ""I21"", ""startPeriod"": 2003, ""indic_bt"": ""EMP"", ""nace_r2"": ""D""}",,,2003-01
FI_LAB_EMP_003,eurostat,2,Labor_market_indicators,FI,Employment electricity/gas,STS_INLB_M,,"{""geo"": ""FI"", ""s_adj"": ""SCA"", ""unit"": ""I21"", ""startPeriod"": 2003, ""indic_bt"": ""EMP"", ""nace_r2"": ""D""}",,,2003-01
FR_LAB_EMP_003,eurostat,2,Labor_market_indicators,FR,Employment electricity/gas,STS_INLB_M,,"{""geo"": ""FR"", ""s_adj"": ""SCA"", ""unit"": ""I21"", ""startPeriod"": 2003, ""indic_bt"": ""EMP"", ""nace_r2"": ""D""}",,,2003-01
GR_LAB_EMP_003,eurostat,2,Labor_market_indicators,GR,Employment electricity/gas,STS_INLB_M,,"{""geo"": ""EL"", ""s_adj"": ""SCA"", ""unit"": ""I21"", ""startPeriod"": 2003, ""indic_bt"": ""EMP"", ""nace_r2"": ""D""}",,,2003-01
IE_LAB_EMP_003,eurostat,2,Labor_market_indicators,IE,Employment electricity/gas,STS_INLB_M,,"{""geo"": ""IE"", ""s_adj"": ""SCA"", ""unit"": ""I21"", ""startPeriod"": 2003, ""indic_bt"": ""EMP"", ""nace_r2"": ""D""}",,,2003-01
IT_LAB_EMP_003,eurostat,2,Labor_market_indicators,IT,Employment electricity/gas,STS_INLB_M,,"{""geo"": ""IT"", ""s_adj"": ""SCA"", ""unit"": ""I21"", ""startPeriod"": 2003, ""indic_bt"": ""EMP"", ""nace_r2"": ""D""}",,,2003-01
LT_LAB_EMP_003,eurostat,2,Labor_market_indicators,LT,Employment electricity/gas,STS_INLB_M,,"{""geo"": ""LT"", ""s_adj"": ""SCA"", ""unit"": ""I21"", ""startPeriod"": 2003, ""indic_bt"": ""EMP"", ""nace_r2"": ""D""}",,,2003-01
LU_LAB_EMP_003,eurostat,2,Labor_market_indicators,LU,Employment electricity/gas,STS_INLB_M,,"{""geo"": ""LU"", ""s_adj"": ""SCA"", ""unit"": ""I21"", ""startPeriod"": 2003, ""indic_bt"": ""EMP"", ""nace_r2"": ""D""}",,,2003-01
LV_LAB_EMP_003,eurostat,2,Labor_market_indicators,LV,Employment electricity/gas,STS_INLB_M,,"{""geo"": ""LV"", ""s_adj"": ""SCA"", ""unit"": ""I21"", ""startPeriod"": 2003, ""indic_bt"": ""EMP"", ""nace_r2"": ""D""}",,,2003-01
MT_LAB_EMP_003,eurostat,2,Labor_market_indicators,MT,Employment electricity/gas,STS_INLB_M,,"{""geo"": ""MT"", ""s_adj"": ""SCA"", ""unit"": ""I21"", ""startPeriod"": 2003, ""indic_bt"": ""EMP"", ""nace_r2"": ""D""}",,,2003-01
NL_LAB_EMP_003,eurostat,2,Labor_market_indicators,NL,Employment electricity/gas,STS_INLB_M,,"{""geo"": ""NL"", ""s_adj"": ""SCA"", ""unit"": ""I21"", ""startPeriod"": 2003, ""indic_bt"": ""EMP"", ""nace_r2"": ""D""}",,,2003-01
PT_LAB_EMP_003,eurostat,2,Labor_market_indicators,PT,Employment electricity/gas,STS_INLB_M,,"{""geo"": ""PT"", ""s_adj"": ""SCA"", ""unit"": ""I21"", ""startPeriod"": 2003, ""indic_bt"": ""EMP"", ""nace_r2"": ""D""}",,,2003-01
SI_LAB_EMP_003,eurostat,2,Labor_market_indicators,SI,Employment electricity/gas,STS_INLB_M,,"{""geo"": ""SI"", ""s_adj"": ""SCA"", ""unit"": ""I21"", ""startPeriod"": 2003, ""indic_bt"": ""EMP"", ""nace_r2"": ""D""}",,,2003-01
SK_LAB_EMP_003,eurostat,2,Labor_market_indicators,SK,Employment electricity/gas,STS_INLB_M,,"{""geo"": ""SK"", ""s_adj"": ""SCA"", ""unit"": ""I21"", ""startPeriod"": 2003, ""indic_bt"": ""EMP"", ""nace_r2"": ""D""}",,,2003-01
AT_LAB_EMP_004,eurostat,2,Labor_market_indicators,AT,Employment total industry excl construction,STS_INLB_M,,"{""geo"": ""AT"", ""s_adj"": ""SCA"", ""unit"": ""I21"", ""startPeriod"": 2003, ""indic_bt"": ""EMP"", ""nace_r2"": ""B-E36""}",,,2003-01
BE_LAB_EMP_004,eurostat,2,Labor_market_indicators,BE,Employment total industry excl construction,STS_INLB_M,,"{""geo"": ""BE"", ""s_adj"": ""SCA"", ""unit"": ""I21"", ""startPeriod"": 2003, ""indic_bt"": ""EMP"", ""nace_r2"": ""B-E36""}",,,2003-01
CY_LAB_EMP_004,eurostat,2,Labor_market_indicators,CY,Employment total industry excl construction,STS_INLB_M,,"{""geo"": ""CY"", ""s_adj"": ""SCA"", ""unit"": ""I21"", ""startPeriod"": 2003, ""indic_bt"": ""EMP"", ""nace_r2"": ""B-E36""}",,,2003-01
DE_LAB_EMP_004,eurostat,2,Labor_market_indicators,DE,Employment total industry excl construction,STS_INLB_M,,"{""geo"": ""DE"", ""s_adj"": ""SCA"", ""unit"": ""I21"", ""startPeriod"": 2003, ""indic_bt"": ""EMP"", ""nace_r2"": ""B-E36""}",,,2003-01
EE_LAB_EMP_004,eurostat,2,Labor_market_indicators,EE,Employment total industry excl construction,STS_INLB_M,,"{""geo"": ""EE"", ""s_adj"": ""SCA"", ""unit"": ""I21"", ""startPeriod"": 2003, ""indic_bt"": ""EMP"", ""nace_r2"": ""B-E36""}",,,2003-01
ES_LAB_EMP_004,eurostat,2,Labor_market_indicators,ES,Employment total industry excl construction,STS_INLB_M,,"{""geo"": ""ES"", ""s_adj"": ""SCA"", ""unit"": ""I21"", ""startPeriod"": 2003, ""indic_bt"": ""EMP"", ""nace_r2"": ""B-E36""}",,,2003-01
FI_LAB_EMP_004,eurostat,2,Labor_market_indicators,FI,Employment total industry excl construction,STS_INLB_M,,"{""geo"": ""FI"", ""s_adj"": ""SCA"", ""unit"": ""I21"", ""startPeriod"": 2003, ""indic_bt"": ""EMP"", ""nace_r2"": ""B-E36""}",,,2003-01
FR_LAB_EMP_004,eurostat,2,Labor_market_indicators,FR,Employment total industry excl construction,STS_INLB_M,,"{""geo"": ""FR"", ""s_adj"": ""SCA"", ""unit"": ""I21"", ""startPeriod"": 2003, ""indic_bt"": ""EMP"", ""nace_r2"": ""B-E36""}",,,2003-01
GR_LAB_EMP_004,eurostat,2,Labor_market_indicators,GR,Employment total industry excl construction,STS_INLB_M,,"{""geo"": ""EL"", ""s_adj"": ""SCA"", ""unit"": ""I21"", ""startPeriod"": 2003, ""indic_bt"": ""EMP"", ""nace_r2"": ""B-E36""}",,,2003-01
IE_LAB_EMP_004,eurostat,2,Labor_market_indicators,IE,Employment total industry excl construction,STS_INLB_M,,"{""geo"": ""IE"", ""s_adj"": ""SCA"", ""unit"": ""I21"", ""startPeriod"": 2003, ""indic_bt"": ""EMP"", ""nace_r2"": ""B-E36""}",,,2003-01
IT_LAB_EMP_004,eurostat,2,Labor_market_indicators,IT,Employment total industry excl construction,STS_INLB_M,,"{""geo"": ""IT"", ""s_adj"": ""SCA"", ""unit"": ""I21"", ""startPeriod"": 2003, ""indic_bt"": ""EMP"", ""nace_r2"": ""B-E36""}",,,2003-01
LT_LAB_EMP_004,eurostat,2,Labor_market_indicators,LT,Employment total industry excl construction,STS_INLB_M,,"{""geo"": ""LT"", ""s_adj"": ""SCA"", ""unit"": ""I21"", ""startPeriod"": 2003, ""indic_bt"": ""EMP"", ""nace_r2"": ""B-E36""}",,,2003-01
LU_LAB_EMP_004,eurostat,2,Labor_market_indicators,LU,Employment total industry excl construction,STS_INLB_M,,"{""geo"": ""LU"", ""s_adj"": ""SCA"", ""unit"": ""I21"", ""startPeriod"": 2003, ""indic_bt"": ""EMP"", ""nace_r2"": ""B-E36""}",,,2003-01
LV_LAB_EMP_004,eurostat,2,Labor_market_indicators,LV,Employment total industry excl construction,STS_INLB_M,,"{""geo"": ""LV"", ""s_adj"": ""SCA"", ""unit"": ""I21"", ""startPeriod"": 2003, ""indic_bt"": ""EMP"", ""nace_r2"": ""B-E36""}",,,2003-01
MT_LAB_EMP_004,eurostat,2,Labor_market_indicators,MT,Employment total industry excl construction,STS_INLB_M,,"{""geo"": ""MT"", ""s_adj"": ""SCA"", ""unit"": ""I21"", ""startPeriod"": 2003, ""indic_bt"": ""EMP"", ""nace_r2"": ""B-E36""}",,,2003-01
NL_LAB_EMP_004,eurostat,2,Labor_market_indicators,NL,Employment total industry excl construction,STS_INLB_M,,"{""geo"": ""NL"", ""s_adj"": ""SCA"", ""unit"": ""I21"", ""startPeriod"": 2003, ""indic_bt"": ""EMP"", ""nace_r2"": ""B-E36""}",,,2003-01
PT_LAB_EMP_004,eurostat,2,Labor_market_indicators,PT,Employment total industry excl construction,STS_INLB_M,,"{""geo"": ""PT"", ""s_adj"": ""SCA"", ""unit"": ""I21"", ""startPeriod"": 2003, ""indic_bt"": ""EMP"", ""nace_r2"": ""B-E36""}",,,2003-01
SI_LAB_EMP_004,eurostat,2,Labor_market_indicators,SI,Employment total industry excl construction,STS_INLB_M,,"{""geo"": ""SI"", ""s_adj"": ""SCA"", ""unit"": ""I21"", ""startPeriod"": 2003, ""indic_bt"": ""EMP"", ""nace_r2"": ""B-E36""}",,,2003-01
SK_LAB_EMP_004,eurostat,2,Labor_market_indicators,SK,Employment total industry excl construction,STS_INLB_M,,"{""geo"": ""SK"", ""s_adj"": ""SCA"", ""unit"": ""I21"", ""startPeriod"": 2003, ""indic_bt"": ""EMP"", ""nace_r2"": ""B-E36""}",,,2003-01
AT_LAB_EMP_005,eurostat,2,Labor_market_indicators,AT,Employment MIG intermediate goods,STS_INLB_M,,"{""geo"": ""AT"", ""s_adj"": ""SCA"", ""unit"": ""I21"", ""startPeriod"": 2003, ""indic_bt"": ""EMP"", ""nace_r2"": ""MIG_ING""}",,,2003-01
BE_LAB_EMP_005,eurostat,2,Labor_market_indicators,BE,Employment MIG intermediate goods,STS_INLB_M,,"{""geo"": ""BE"", ""s_adj"": ""SCA"", ""unit"": ""I21"", ""startPeriod"": 2003, ""indic_bt"": ""EMP"", ""nace_r2"": ""MIG_ING""}",,,2003-01
CY_LAB_EMP_005,eurostat,2,Labor_market_indicators,CY,Employment MIG intermediate goods,STS_INLB_M,,"{""geo"": ""CY"", ""s_adj"": ""SCA"", ""unit"": ""I21"", ""startPeriod"": 2003, ""indic_bt"": ""EMP"", ""nace_r2"": ""MIG_ING""}",,,2003-01
DE_LAB_EMP_005,eurostat,2,Labor_market_indicators,DE,Employment MIG intermediate goods,STS_INLB_M,,"{""geo"": ""DE"", ""s_adj"": ""SCA"", ""unit"": ""I21"", ""startPeriod"": 2003, ""indic_bt"": ""EMP"", ""nace_r2"": ""MIG_ING""}",,,2003-01
EE_LAB_EMP_005,eurostat,2,Labor_market_indicators,EE,Employment MIG intermediate goods,STS_INLB_M,,"{""geo"": ""EE"", ""s_adj"": ""SCA"", ""unit"": ""I21"", ""startPeriod"": 2003, ""indic_bt"": ""EMP"", ""nace_r2"": ""MIG_ING""}",,,2003-01
ES_LAB_EMP_005,eurostat,2,Labor_market_indicators,ES,Employment MIG intermediate goods,STS_INLB_M,,"{""geo"": ""ES"", ""s_adj"": ""SCA"", ""unit"": ""I21"", ""startPeriod"": 2003, ""indic_bt"": ""EMP"", ""nace_r2"": ""MIG_ING""}",,,2003-01
FI_LAB_EMP_005,eurostat,2,Labor_market_indicators,FI,Employment MIG intermediate goods,STS_INLB_M,,"{""geo"": ""FI"", ""s_adj"": ""SCA"", ""unit"": ""I21"", ""startPeriod"": 2003, ""indic_bt"": ""EMP"", ""nace_r2"": ""MIG_ING""}",,,2003-01
FR_LAB_EMP_005,eurostat,2,Labor_market_indicators,FR,Employment MIG intermediate goods,STS_INLB_M,,"{""geo"": ""FR"", ""s_adj"": ""SCA"", ""unit"": ""I21"", ""startPeriod"": 2003, ""indic_bt"": ""EMP"", ""nace_r2"": ""MIG_ING""}",,,2003-01
GR_LAB_EMP_005,eurostat,2,Labor_market_indicators,GR,Employment MIG intermediate goods,STS_INLB_M,,"{""geo"": ""EL"", ""s_adj"": ""SCA"", ""unit"": ""I21"", ""startPeriod"": 2003, ""indic_bt"": ""EMP"", ""nace_r2"": ""MIG_ING""}",,,2003-01
IE_LAB_EMP_005,eurostat,2,Labor_market_indicators,IE,Employment MIG intermediate goods,STS_INLB_M,,"{""geo"": ""IE"", ""s_adj"": ""SCA"", ""unit"": ""I21"", ""startPeriod"": 2003, ""indic_bt"": ""EMP"", ""nace_r2"": ""MIG_ING""}",,,2003-01
IT_LAB_EMP_005,eurostat,2,Labor_market_indicators,IT,Employment MIG intermediate goods,STS_INLB_M,,"{""geo"": ""IT"", ""s_adj"": ""SCA"", ""unit"": ""I21"", ""startPeriod"": 2003, ""indic_bt"": ""EMP"", ""nace_r2"": ""MIG_ING""}",,,2003-01
LT_LAB_EMP_005,eurostat,2,Labor_market_indicators,LT,Employment MIG intermediate goods,STS_INLB_M,,"{""geo"": ""LT"", ""s_adj"": ""SCA"", ""unit"": ""I21"", ""startPeriod"": 2003, ""indic_bt"": ""EMP"", ""nace_r2"": ""MIG_ING""}",,,2003-01
LU_LAB_EMP_005,eurostat,2,Labor_market_indicators,LU,Employment MIG intermediate goods,STS_INLB_M,,"{""geo"": ""LU"", ""s_adj"": ""SCA"", ""unit"": ""I21"", ""startPeriod"": 2003, ""indic_bt"": ""EMP"", ""nace_r2"": ""MIG_ING""}",,,2003-01
LV_LAB_EMP_005,eurostat,2,Labor_market_indicators,LV,Employment MIG intermediate goods,STS_INLB_M,,"{""geo"": ""LV"", ""s_adj"": ""SCA"", ""unit"": ""I21"", ""startPeriod"": 2003, ""indic_bt"": ""EMP"", ""nace_r2"": ""MIG_ING""}",,,2003-01
MT_LAB_EMP_005,eurostat,2,Labor_market_indicators,MT,Employment MIG intermediate goods,STS_INLB_M,,"{""geo"": ""MT"", ""s_adj"": ""SCA"", ""unit"": ""I21"", ""startPeriod"": 2003, ""indic_bt"": ""EMP"", ""nace_r2"": ""MIG_ING""}",,,2003-01
NL_LAB_EMP_005,eurostat,2,Labor_market_indicators,NL,Employment MIG intermediate goods,STS_INLB_M,,"{""geo"": ""NL"", ""s_adj"": ""SCA"", ""unit"": ""I21"", ""startPeriod"": 2003, ""indic_bt"": ""EMP"", ""nace_r2"": ""MIG_ING""}",,,2003-01
PT_LAB_EMP_005,eurostat,2,Labor_market_indicators,PT,Employment MIG intermediate goods,STS_INLB_M,,"{""geo"": ""PT"", ""s_adj"": ""SCA"", ""unit"": ""I21"", ""startPeriod"": 2003, ""indic_bt"": ""EMP"", ""nace_r2"": ""MIG_ING""}",,,2003-01
SI_LAB_EMP_005,eurostat,2,Labor_market_indicators,SI,Employment MIG intermediate goods,STS_INLB_M,,"{""geo"": ""SI"", ""s_adj"": ""SCA"", ""unit"": ""I21"", ""startPeriod"": 2003, ""indic_bt"": ""EMP"", ""nace_r2"": ""MIG_ING""}",,,2003-01
SK_LAB_EMP_005,eurostat,2,Labor_market_indicators,SK,Employment MIG intermediate goods,STS_INLB_M,,"{""geo"": ""SK"", ""s_adj"": ""SCA"", ""unit"": ""I21"", ""startPeriod"": 2003, ""indic_bt"": ""EMP"", ""nace_r2"": ""MIG_ING""}",,,2003-01
AT_LAB_EMP_006,eurostat,2,Labor_market_indicators,AT,Employment MIG capital goods,STS_INLB_M,,"{""geo"": ""AT"", ""s_adj"": ""SCA"", ""unit"": ""I21"", ""startPeriod"": 2003, ""indic_bt"": ""EMP"", ""nace_r2"": ""MIG_CAG""}",,,2003-01
BE_LAB_EMP_006,eurostat,2,Labor_market_indicators,BE,Employment MIG capital goods,STS_INLB_M,,"{""geo"": ""BE"", ""s_adj"": ""SCA"", ""unit"": ""I21"", ""startPeriod"": 2003, ""indic_bt"": ""EMP"", ""nace_r2"": ""MIG_CAG""}",,,2003-01
CY_LAB_EMP_006,eurostat,2,Labor_market_indicators,CY,Employment MIG capital goods,STS_INLB_M,,"{""geo"": ""CY"", ""s_adj"": ""SCA"", ""unit"": ""I21"", ""startPeriod"": 2003, ""indic_bt"": ""EMP"", ""nace_r2"": ""MIG_CAG""}",,,2003-01
DE_LAB_EMP_006,eurostat,2,Labor_market_indicators,DE,Employment MIG capital goods,STS_INLB_M,,"{""geo"": ""DE"", ""s_adj"": ""SCA"", ""unit"": ""I21"", ""startPeriod"": 2003, ""indic_bt"": ""EMP"", ""nace_r2"": ""MIG_CAG""}",,,2003-01
EE_LAB_EMP_006,eurostat,2,Labor_market_indicators,EE,Employment MIG capital goods,STS_INLB_M,,"{""geo"": ""EE"", ""s_adj"": ""SCA"", ""unit"": ""I21"", ""startPeriod"": 2003, ""indic_bt"": ""EMP"", ""nace_r2"": ""MIG_CAG""}",,,2003-01
ES_LAB_EMP_006,eurostat,2,Labor_market_indicators,ES,Employment MIG capital goods,STS_INLB_M,,"{""geo"": ""ES"", ""s_adj"": ""SCA"", ""unit"": ""I21"", ""startPeriod"": 2003, ""indic_bt"": ""EMP"", ""nace_r2"": ""MIG_CAG""}",,,2003-01
FI_LAB_EMP_006,eurostat,2,Labor_market_indicators,FI,Employment MIG capital goods,STS_INLB_M,,"{""geo"": ""FI"", ""s_adj"": ""SCA"", ""unit"": ""I21"", ""startPeriod"": 2003, ""indic_bt"": ""EMP"", ""nace_r2"": ""MIG_CAG""}",,,2003-01
FR_LAB_EMP_006,eurostat,2,Labor_market_indicators,FR,Employment MIG capital goods,STS_INLB_M,,"{""geo"": ""FR"", ""s_adj"": ""SCA"", ""unit"": ""I21"", ""startPeriod"": 2003, ""indic_bt"": ""EMP"", ""nace_r2"": ""MIG_CAG""}",,,2003-01
GR_LAB_EMP_006,eurostat,2,Labor_market_indicators,GR,Employment MIG capital goods,STS_INLB_M,,"{""geo"": ""EL"", ""s_adj"": ""SCA"", ""unit"": ""I21"", ""startPeriod"": 2003, ""indic_bt"": ""EMP"", ""nace_r2"": ""MIG_CAG""}",,,2003-01
IE_LAB_EMP_006,eurostat,2,Labor_market_indicators,IE,Employment MIG capital goods,STS_INLB_M,,"{""geo"": ""IE"", ""s_adj"": ""SCA"", ""unit"": ""I21"", ""startPeriod"": 2003, ""indic_bt"": ""EMP"", ""nace_r2"": ""MIG_CAG""}",,,2003-01
IT_LAB_EMP_006,eurostat,2,Labor_market_indicators,IT,Employment MIG capital goods,STS_INLB_M,,"{""geo"": ""IT"", ""s_adj"": ""SCA"", ""unit"": ""I21"", ""startPeriod"": 2003, ""indic_bt"": ""EMP"", ""nace_r2"": ""MIG_CAG""}",,,2003-01
LT_LAB_EMP_006,eurostat,2,Labor_market_indicators,LT,Employment MIG capital goods,STS_INLB_M,,"{""geo"": ""LT"", ""s_adj"": ""SCA"", ""unit"": ""I21"", ""startPeriod"": 2003, ""indic_bt"": ""EMP"", ""nace_r2"": ""MIG_CAG""}",,,2003-01
LU_LAB_EMP_006,eurostat,2,Labor_market_indicators,LU,Employment MIG capital goods,STS_INLB_M,,"{""geo"": ""LU"", ""s_adj"": ""SCA"", ""unit"": ""I21"", ""startPeriod"": 2003, ""indic_bt"": ""EMP"", ""nace_r2"": ""MIG_CAG""}",,,2003-01
LV_LAB_EMP_006,eurostat,2,Labor_market_indicators,LV,Employment MIG capital goods,STS_INLB_M,,"{""geo"": ""LV"", ""s_adj"": ""SCA"", ""unit"": ""I21"", ""startPeriod"": 2003, ""indic_bt"": ""EMP"", ""nace_r2"": ""MIG_CAG""}",,,2003-01
MT_LAB_EMP_006,eurostat,2,Labor_market_indicators,MT,Employment MIG capital goods,STS_INLB_M,,"{""geo"": ""MT"", ""s_adj"": ""SCA"", ""unit"": ""I21"", ""startPeriod"": 2003, ""indic_bt"": ""EMP"", ""nace_r2"": ""MIG_CAG""}",,,2003-01
NL_LAB_EMP_006,eurostat,2,Labor_market_indicators,NL,Employment MIG capital goods,STS_INLB_M,,"{""geo"": ""NL"", ""s_adj"": ""SCA"", ""unit"": ""I21"", ""startPeriod"": 2003, ""indic_bt"": ""EMP"", ""nace_r2"": ""MIG_CAG""}",,,2003-01
PT_LAB_EMP_006,eurostat,2,Labor_market_indicators,PT,Employment MIG capital goods,STS_INLB_M,,"{""geo"": ""PT"", ""s_adj"": ""SCA"", ""unit"": ""I21"", ""startPeriod"": 2003, ""indic_bt"": ""EMP"", ""nace_r2"": ""MIG_CAG""}",,,2003-01
SI_LAB_EMP_006,eurostat,2,Labor_market_indicators,SI,Employment MIG capital goods,STS_INLB_M,,"{""geo"": ""SI"", ""s_adj"": ""SCA"", ""unit"": ""I21"", ""startPeriod"": 2003, ""indic_bt"": ""EMP"", ""nace_r2"": ""MIG_CAG""}",,,2003-01
SK_LAB_EMP_006,eurostat,2,Labor_market_indicators,SK,Employment MIG capital goods,STS_INLB_M,,"{""geo"": ""SK"", ""s_adj"": ""SCA"", ""unit"": ""I21"", ""startPeriod"": 2003, ""indic_bt"": ""EMP"", ""nace_r2"": ""MIG_CAG""}",,,2003-01
AT_LAB_EMP_007,eurostat,2,Labor_market_indicators,AT,Employment MIG durable consumer goods,STS_INLB_M,,"{""geo"": ""AT"", ""s_adj"": ""SCA"", ""unit"": ""I21"", ""startPeriod"": 2003, ""indic_bt"": ""EMP"", ""nace_r2"": ""MIG_DCOG""}",,,2003-01
BE_LAB_EMP_007,eurostat,2,Labor_market_indicators,BE,Employment MIG durable consumer goods,STS_INLB_M,,"{""geo"": ""BE"", ""s_adj"": ""SCA"", ""unit"": ""I21"", ""startPeriod"": 2003, ""indic_bt"": ""EMP"", ""nace_r2"": ""MIG_DCOG""}",,,2003-01
CY_LAB_EMP_007,eurostat,2,Labor_market_indicators,CY,Employment MIG durable consumer goods,STS_INLB_M,,"{""geo"": ""CY"", ""s_adj"": ""SCA"", ""unit"": ""I21"", ""startPeriod"": 2003, ""indic_bt"": ""EMP"", ""nace_r2"": ""MIG_DCOG""}",,,2003-01
DE_LAB_EMP_007,eurostat,2,Labor_market_indicators,DE,Employment MIG durable consumer goods,STS_INLB_M,,"{""geo"": ""DE"", ""s_adj"": ""SCA"", ""unit"": ""I21"", ""startPeriod"": 2003, ""indic_bt"": ""EMP"", ""nace_r2"": ""MIG_DCOG""}",,,2003-01
EE_LAB_EMP_007,eurostat,2,Labor_market_indicators,EE,Employment MIG durable consumer goods,STS_INLB_M,,"{""geo"": ""EE"", ""s_adj"": ""SCA"", ""unit"": ""I21"", ""startPeriod"": 2003, ""indic_bt"": ""EMP"", ""nace_r2"": ""MIG_DCOG""}",,,2003-01
ES_LAB_EMP_007,eurostat,2,Labor_market_indicators,ES,Employment MIG durable consumer goods,STS_INLB_M,,"{""geo"": ""ES"", ""s_adj"": ""SCA"", ""unit"": ""I21"", ""startPeriod"": 2003, ""indic_bt"": ""EMP"", ""nace_r2"": ""MIG_DCOG""}",,,2003-01
FI_LAB_EMP_007,eurostat,2,Labor_market_indicators,FI,Employment MIG durable consumer goods,STS_INLB_M,,"{""geo"": ""FI"", ""s_adj"": ""SCA"", ""unit"": ""I21"", ""startPeriod"": 2003, ""indic_bt"": ""EMP"", ""nace_r2"": ""MIG_DCOG""}",,,2003-01
FR_LAB_EMP_007,eurostat,2,Labor_market_indicators,FR,Employment MIG durable consumer goods,STS_INLB_M,,"{""geo"": ""FR"", ""s_adj"": ""SCA"", ""unit"": ""I21"", ""startPeriod"": 2003, ""indic_bt"": ""EMP"", ""nace_r2"": ""MIG_DCOG""}",,,2003-01
GR_LAB_EMP_007,eurostat,2,Labor_market_indicators,GR,Employment MIG durable consumer goods,STS_INLB_M,,"{""geo"": ""EL"", ""s_adj"": ""SCA"", ""unit"": ""I21"", ""startPeriod"": 2003, ""indic_bt"": ""EMP"", ""nace_r2"": ""MIG_DCOG""}",,,2003-01
IE_LAB_EMP_007,eurostat,2,Labor_market_indicators,IE,Employment MIG durable consumer goods,STS_INLB_M,,"{""geo"": ""IE"", ""s_adj"": ""SCA"", ""unit"": ""I21"", ""startPeriod"": 2003, ""indic_bt"": ""EMP"", ""nace_r2"": ""MIG_DCOG""}",,,2003-01
IT_LAB_EMP_007,eurostat,2,Labor_market_indicators,IT,Employment MIG durable consumer goods,STS_INLB_M,,"{""geo"": ""IT"", ""s_adj"": ""SCA"", ""unit"": ""I21"", ""startPeriod"": 2003, ""indic_bt"": ""EMP"", ""nace_r2"": ""MIG_DCOG""}",,,2003-01
LT_LAB_EMP_007,eurostat,2,Labor_market_indicators,LT,Employment MIG durable consumer goods,STS_INLB_M,,"{""geo"": ""LT"", ""s_adj"": ""SCA"", ""unit"": ""I21"", ""startPeriod"": 2003, ""indic_bt"": ""EMP"", ""nace_r2"": ""MIG_DCOG""}",,,2003-01
LU_LAB_EMP_007,eurostat,2,Labor_market_indicators,LU,Employment MIG durable consumer goods,STS_INLB_M,,"{""geo"": ""LU"", ""s_adj"": ""SCA"", ""unit"": ""I21"", ""startPeriod"": 2003, ""indic_bt"": ""EMP"", ""nace_r2"": ""MIG_DCOG""}",,,2003-01
LV_LAB_EMP_007,eurostat,2,Labor_market_indicators,LV,Employment MIG durable consumer goods,STS_INLB_M,,"{""geo"": ""LV"", ""s_adj"": ""SCA"", ""unit"": ""I21"", ""startPeriod"": 2003, ""indic_bt"": ""EMP"", ""nace_r2"": ""MIG_DCOG""}",,,2003-01
MT_LAB_EMP_007,eurostat,2,Labor_market_indicators,MT,Employment MIG durable consumer goods,STS_INLB_M,,"{""geo"": ""MT"", ""s_adj"": ""SCA"", ""unit"": ""I21"", ""startPeriod"": 2003, ""indic_bt"": ""EMP"", ""nace_r2"": ""MIG_DCOG""}",,,2003-01
NL_LAB_EMP_007,eurostat,2,Labor_market_indicators,NL,Employment MIG durable consumer goods,STS_INLB_M,,"{""geo"": ""NL"", ""s_adj"": ""SCA"", ""unit"": ""I21"", ""startPeriod"": 2003, ""indic_bt"": ""EMP"", ""nace_r2"": ""MIG_DCOG""}",,,2003-01
PT_LAB_EMP_007,eurostat,2,Labor_market_indicators,PT,Employment MIG durable consumer goods,STS_INLB_M,,"{""geo"": ""PT"", ""s_adj"": ""SCA"", ""unit"": ""I21"", ""startPeriod"": 2003, ""indic_bt"": ""EMP"", ""nace_r2"": ""MIG_DCOG""}",,,2003-01
SI_LAB_EMP_007,eurostat,2,Labor_market_indicators,SI,Employment MIG durable consumer goods,STS_INLB_M,,"{""geo"": ""SI"", ""s_adj"": ""SCA"", ""unit"": ""I21"", ""startPeriod"": 2003, ""indic_bt"": ""EMP"", ""nace_r2"": ""MIG_DCOG""}",,,2003-01
SK_LAB_EMP_007,eurostat,2,Labor_market_indicators,SK,Employment MIG durable consumer goods,STS_INLB_M,,"{""geo"": ""SK"", ""s_adj"": ""SCA"", ""unit"": ""I21"", ""startPeriod"": 2003, ""indic_bt"": ""EMP"", ""nace_r2"": ""MIG_DCOG""}",,,2003-01
AT_LAB_EMP_008,eurostat,2,Labor_market_indicators,AT,Employment MIG non-durable consumer goods,STS_INLB_M,,"{""geo"": ""AT"", ""s_adj"": ""SCA"", ""unit"": ""I21"", ""startPeriod"": 2003, ""indic_bt"": ""EMP"", ""nace_r2"": ""MIG_NDCOG""}",,,2003-01
BE_LAB_EMP_008,eurostat,2,Labor_market_indicators,BE,Employment MIG non-durable consumer goods,STS_INLB_M,,"{""geo"": ""BE"", ""s_adj"": ""SCA"", ""unit"": ""I21"", ""startPeriod"": 2003, ""indic_bt"": ""EMP"", ""nace_r2"": ""MIG_NDCOG""}",,,2003-01
CY_LAB_EMP_008,eurostat,2,Labor_market_indicators,CY,Employment MIG non-durable consumer goods,STS_INLB_M,,"{""geo"": ""CY"", ""s_adj"": ""SCA"", ""unit"": ""I21"", ""startPeriod"": 2003, ""indic_bt"": ""EMP"", ""nace_r2"": ""MIG_NDCOG""}",,,2003-01
DE_LAB_EMP_008,eurostat,2,Labor_market_indicators,DE,Employment MIG non-durable consumer goods,STS_INLB_M,,"{""geo"": ""DE"", ""s_adj"": ""SCA"", ""unit"": ""I21"", ""startPeriod"": 2003, ""indic_bt"": ""EMP"", ""nace_r2"": ""MIG_NDCOG""}",,,2003-01
EE_LAB_EMP_008,eurostat,2,Labor_market_indicators,EE,Employment MIG non-durable consumer goods,STS_INLB_M,,"{""geo"": ""EE"", ""s_adj"": ""SCA"", ""unit"": ""I21"", ""startPeriod"": 2003, ""indic_bt"": ""EMP"", ""nace_r2"": ""MIG_NDCOG""}",,,2003-01
ES_LAB_EMP_008,eurostat,2,Labor_market_indicators,ES,Employment MIG non-durable consumer goods,STS_INLB_M,,"{""geo"": ""ES"", ""s_adj"": ""SCA"", ""unit"": ""I21"", ""startPeriod"": 2003, ""indic_bt"": ""EMP"", ""nace_r2"": ""MIG_NDCOG""}",,,2003-01
FI_LAB_EMP_008,eurostat,2,Labor_market_indicators,FI,Employment MIG non-durable consumer goods,STS_INLB_M,,"{""geo"": ""FI"", ""s_adj"": ""SCA"", ""unit"": ""I21"", ""startPeriod"": 2003, ""indic_bt"": ""EMP"", ""nace_r2"": ""MIG_NDCOG""}",,,2003-01
FR_LAB_EMP_008,eurostat,2,Labor_market_indicators,FR,Employment MIG non-durable consumer goods,STS_INLB_M,,"{""geo"": ""FR"", ""s_adj"": ""SCA"", ""unit"": ""I21"", ""startPeriod"": 2003, ""indic_bt"": ""EMP"", ""nace_r2"": ""MIG_NDCOG""}",,,2003-01
GR_LAB_EMP_008,eurostat,2,Labor_market_indicators,GR,Employment MIG non-durable consumer goods,STS_INLB_M,,"{""geo"": ""EL"", ""s_adj"": ""SCA"", ""unit"": ""I21"", ""startPeriod"": 2003, ""indic_bt"": ""EMP"", ""nace_r2"": ""MIG_NDCOG""}",,,2003-01
IE_LAB_EMP_008,eurostat,2,Labor_market_indicators,IE,Employment MIG non-durable consumer goods,STS_INLB_M,,"{""geo"": ""IE"", ""s_adj"": ""SCA"", ""unit"": ""I21"", ""startPeriod"": 2003, ""indic_bt"": ""EMP"", ""nace_r2"": ""MIG_NDCOG""}",,,2003-01
IT_LAB_EMP_008,eurostat,2,Labor_market_indicators,IT,Employment MIG non-durable consumer goods,STS_INLB_M,,"{""geo"": ""IT"", ""s_adj"": ""SCA"", ""unit"": ""I21"", ""startPeriod"": 2003, ""indic_bt"": ""EMP"", ""nace_r2"": ""MIG_NDCOG""}",,,2003-01
LT_LAB_EMP_008,eurostat,2,Labor_market_indicators,LT,Employment MIG non-durable consumer goods,STS_INLB_M,,"{""geo"": ""LT"", ""s_adj"": ""SCA"", ""unit"": ""I21"", ""startPeriod"": 2003, ""indic_bt"": ""EMP"", ""nace_r2"": ""MIG_NDCOG""}",,,2003-01
LU_LAB_EMP_008,eurostat,2,Labor_market_indicators,LU,Employment MIG non-durable consumer goods,STS_INLB_M,,"{""geo"": ""LU"", ""s_adj"": ""SCA"", ""unit"": ""I21"", ""startPeriod"": 2003, ""indic_bt"": ""EMP"", ""nace_r2"": ""MIG_NDCOG""}",,,2003-01
LV_LAB_EMP_008,eurostat,2,Labor_market_indicators,LV,Employment MIG non-durable consumer goods,STS_INLB_M,,"{""geo"": ""LV"", ""s_adj"": ""SCA"", ""unit"": ""I21"", ""startPeriod"": 2003, ""indic_bt"": ""EMP"", ""nace_r2"": ""MIG_NDCOG""}",,,2003-01
MT_LAB_EMP_008,eurostat,2,Labor_market_indicators,MT,Employment MIG non-durable consumer goods,STS_INLB_M,,"{""geo"": ""MT"", ""s_adj"": ""SCA"", ""unit"": ""I21"", ""startPeriod"": 2003, ""indic_bt"": ""EMP"", ""nace_r2"": ""MIG_NDCOG""}",,,2003-01
NL_LAB_EMP_008,eurostat,2,Labor_market_indicators,NL,Employment MIG non-durable consumer goods,STS_INLB_M,,"{""geo"": ""NL"", ""s_adj"": ""SCA"", ""unit"": ""I21"", ""startPeriod"": 2003, ""indic_bt"": ""EMP"", ""nace_r2"": ""MIG_NDCOG""}",,,2003-01
PT_LAB_EMP_008,eurostat,2,Labor_market_indicators,PT,Employment MIG non-durable consumer goods,STS_INLB_M,,"{""geo"": ""PT"", ""s_adj"": ""SCA"", ""unit"": ""I21"", ""startPeriod"": 2003, ""indic_bt"": ""EMP"", ""nace_r2"": ""MIG_NDCOG""}",,,2003-01
SI_LAB_EMP_008,eurostat,2,Labor_market_indicators,SI,Employment MIG non-durable consumer goods,STS_INLB_M,,"{""geo"": ""SI"", ""s_adj"": ""SCA"", ""unit"": ""I21"", ""startPeriod"": 2003, ""indic_bt"": ""EMP"", ""nace_r2"": ""MIG_NDCOG""}",,,2003-01
SK_LAB_EMP_008,eurostat,2,Labor_market_indicators,SK,Employment MIG non-durable consumer goods,STS_INLB_M,,"{""geo"": ""SK"", ""s_adj"": ""SCA"", ""unit"": ""I21"", ""startPeriod"": 2003, ""indic_bt"": ""EMP"", ""nace_r2"": ""MIG_NDCOG""}",,,2003-01
AT_LAB_EMP_010,eurostat,2,Labor_market_indicators,AT,Employment MIG energy,STS_INLB_M,,"{""geo"": ""AT"", ""s_adj"": ""SCA"", ""unit"": ""I21"", ""startPeriod"": 2003, ""indic_bt"": ""EMP"", ""nace_r2"": ""MIG_NRG""}",,,2003-01
BE_LAB_EMP_010,eurostat,2,Labor_market_indicators,BE,Employment MIG energy,STS_INLB_M,,"{""geo"": ""BE"", ""s_adj"": ""SCA"", ""unit"": ""I21"", ""startPeriod"": 2003, ""indic_bt"": ""EMP"", ""nace_r2"": ""MIG_NRG""}",,,2003-01
CY_LAB_EMP_010,eurostat,2,Labor_market_indicators,CY,Employment MIG energy,STS_INLB_M,,"{""geo"": ""CY"", ""s_adj"": ""SCA"", ""unit"": ""I21"", ""startPeriod"": 2003, ""indic_bt"": ""EMP"", ""nace_r2"": ""MIG_NRG""}",,,2003-01
DE_LAB_EMP_010,eurostat,2,Labor_market_indicators,DE,Employment MIG energy,STS_INLB_M,,"{""geo"": ""DE"", ""s_adj"": ""SCA"", ""unit"": ""I21"", ""startPeriod"": 2003, ""indic_bt"": ""EMP"", ""nace_r2"": ""MIG_NRG""}",,,2003-01
EE_LAB_EMP_010,eurostat,2,Labor_market_indicators,EE,Employment MIG energy,STS_INLB_M,,"{""geo"": ""EE"", ""s_adj"": ""SCA"", ""unit"": ""I21"", ""startPeriod"": 2003, ""indic_bt"": ""EMP"", ""nace_r2"": ""MIG_NRG""}",,,2003-01
ES_LAB_EMP_010,eurostat,2,Labor_market_indicators,ES,Employment MIG energy,STS_INLB_M,,"{""geo"": ""ES"", ""s_adj"": ""SCA"", ""unit"": ""I21"", ""startPeriod"": 2003, ""indic_bt"": ""EMP"", ""nace_r2"": ""MIG_NRG""}",,,2003-01
FI_LAB_EMP_010,eurostat,2,Labor_market_indicators,FI,Employment MIG energy,STS_INLB_M,,"{""geo"": ""FI"", ""s_adj"": ""SCA"", ""unit"": ""I21"", ""startPeriod"": 2003, ""indic_bt"": ""EMP"", ""nace_r2"": ""MIG_NRG""}",,,2003-01
FR_LAB_EMP_010,eurostat,2,Labor_market_indicators,FR,Employment MIG energy,STS_INLB_M,,"{""geo"": ""FR"", ""s_adj"": ""SCA"", ""unit"": ""I21"", ""startPeriod"": 2003, ""indic_bt"": ""EMP"", ""nace_r2"": ""MIG_NRG""}",,,2003-01
GR_LAB_EMP_010,eurostat,2,Labor_market_indicators,GR,Employment MIG energy,STS_INLB_M,,"{""geo"": ""EL"", ""s_adj"": ""SCA"", ""unit"": ""I21"", ""startPeriod"": 2003, ""indic_bt"": ""EMP"", ""nace_r2"": ""MIG_NRG""}",,,2003-01
IE_LAB_EMP_010,eurostat,2,Labor_market_indicators,IE,Employment MIG energy,STS_INLB_M,,"{""geo"": ""IE"", ""s_adj"": ""SCA"", ""unit"": ""I21"", ""startPeriod"": 2003, ""indic_bt"": ""EMP"", ""nace_r2"": ""MIG_NRG""}",,,2003-01
IT_LAB_EMP_010,eurostat,2,Labor_market_indicators,IT,Employment MIG energy,STS_INLB_M,,"{""geo"": ""IT"", ""s_adj"": ""SCA"", ""unit"": ""I21"", ""startPeriod"": 2003, ""indic_bt"": ""EMP"", ""nace_r2"": ""MIG_NRG""}",,,2003-01
LT_LAB_EMP_010,eurostat,2,Labor_market_indicators,LT,Employment MIG energy,STS_INLB_M,,"{""geo"": ""LT"", ""s_adj"": ""SCA"", ""unit"": ""I21"", ""startPeriod"": 2003, ""indic_bt"": ""EMP"", ""nace_r2"": ""MIG_NRG""}",,,2003-01
LU_LAB_EMP_010,eurostat,2,Labor_market_indicators,LU,Employment MIG energy,STS_INLB_M,,"{""geo"": ""LU"", ""s_adj"": ""SCA"", ""unit"": ""I21"", ""startPeriod"": 2003, ""indic_bt"": ""EMP"", ""nace_r2"": ""MIG_NRG""}",,,2003-01
LV_LAB_EMP_010,eurostat,2,Labor_market_indicators,LV,Employment MIG energy,STS_INLB_M,,"{""geo"": ""LV"", ""s_adj"": ""SCA"", ""unit"": ""I21"", ""startPeriod"": 2003, ""indic_bt"": ""EMP"", ""nace_r2"": ""MIG_NRG""}",,,2003-01
MT_LAB_EMP_010,eurostat,2,Labor_market_indicators,MT,Employment MIG energy,STS_INLB_M,,"{""geo"": ""MT"", ""s_adj"": ""SCA"", ""unit"": ""I21"", ""startPeriod"": 2003, ""indic_bt"": ""EMP"", ""nace_r2"": ""MIG_NRG""}",,,2003-01
NL_LAB_EMP_010,eurostat,2,Labor_market_indicators,NL,Employment MIG energy,STS_INLB_M,,"{""geo"": ""NL"", ""s_adj"": ""SCA"", ""unit"": ""I21"", ""startPeriod"": 2003, ""indic_bt"": ""EMP"", ""nace_r2"": ""MIG_NRG""}",,,2003-01
PT_LAB_EMP_010,eurostat,2,Labor_market_indicators,PT,Employment MIG energy,STS_INLB_M,,"{""geo"": ""PT"", ""s_adj"": ""SCA"", ""unit"": ""I21"", ""startPeriod"": 2003, ""indic_bt"": ""EMP"", ""nace_r2"": ""MIG_NRG""}",,,2003-01
SI_LAB_EMP_010,eurostat,2,Labor_market_indicators,SI,Employment MIG energy,STS_INLB_M,,"{""geo"": ""SI"", ""s_adj"": ""SCA"", ""unit"": ""I21"", ""startPeriod"": 2003, ""indic_bt"": ""EMP"", ""nace_r2"": ""MIG_NRG""}",,,2003-01
SK_LAB_EMP_010,eurostat,2,Labor_market_indicators,SK,Employment MIG energy,STS_INLB_M,,"{""geo"": ""SK"", ""s_adj"": ""SCA"", ""unit"": ""I21"", ""startPeriod"": 2003, ""indic_bt"": ""EMP"", ""nace_r2"": ""MIG_NRG""}",,,2003-01
AT_LAB_HW_001,eurostat,2,Labor_market_indicators,AT,Hours worked mining and quarrying,STS_INLB_M,,"{""geo"": ""AT"", ""s_adj"": ""SCA"", ""unit"": ""I21"", ""startPeriod"": 2003, ""indic_bt"": ""HW"", ""nace_r2"": ""B""}",,,2003-01
BE_LAB_HW_001,eurostat,2,Labor_market_indicators,BE,Hours worked mining and quarrying,STS_INLB_M,,"{""geo"": ""BE"", ""s_adj"": ""SCA"", ""unit"": ""I21"", ""startPeriod"": 2003, ""indic_bt"": ""HW"", ""nace_r2"": ""B""}",,,2003-01
CY_LAB_HW_001,eurostat,2,Labor_market_indicators,CY,Hours worked mining and quarrying,STS_INLB_M,,"{""geo"": ""CY"", ""s_adj"": ""SCA"", ""unit"": ""I21"", ""startPeriod"": 2003, ""indic_bt"": ""HW"", ""nace_r2"": ""B""}",,,2003-01
DE_LAB_HW_001,eurostat,2,Labor_market_indicators,DE,Hours worked mining and quarrying,STS_INLB_M,,"{""geo"": ""DE"", ""s_adj"": ""SCA"", ""unit"": ""I21"", ""startPeriod"": 2003, ""indic_bt"": ""HW"", ""nace_r2"": ""B""}",,,2003-01
EE_LAB_HW_001,eurostat,2,Labor_market_indicators,EE,Hours worked mining and quarrying,STS_INLB_M,,"{""geo"": ""EE"", ""s_adj"": ""SCA"", ""unit"": ""I21"", ""startPeriod"": 2003, ""indic_bt"": ""HW"", ""nace_r2"": ""B""}",,,2003-01
ES_LAB_HW_001,eurostat,2,Labor_market_indicators,ES,Hours worked mining and quarrying,STS_INLB_M,,"{""geo"": ""ES"", ""s_adj"": ""SCA"", ""unit"": ""I21"", ""startPeriod"": 2003, ""indic_bt"": ""HW"", ""nace_r2"": ""B""}",,,2003-01
FI_LAB_HW_001,eurostat,2,Labor_market_indicators,FI,Hours worked mining and quarrying,STS_INLB_M,,"{""geo"": ""FI"", ""s_adj"": ""SCA"", ""unit"": ""I21"", ""startPeriod"": 2003, ""indic_bt"": ""HW"", ""nace_r2"": ""B""}",,,2003-01
FR_LAB_HW_001,eurostat,2,Labor_market_indicators,FR,Hours worked mining and quarrying,STS_INLB_M,,"{""geo"": ""FR"", ""s_adj"": ""SCA"", ""unit"": ""I21"", ""startPeriod"": 2003, ""indic_bt"": ""HW"", ""nace_r2"": ""B""}",,,2003-01
GR_LAB_HW_001,eurostat,2,Labor_market_indicators,GR,Hours worked mining and quarrying,STS_INLB_M,,"{""geo"": ""EL"", ""s_adj"": ""SCA"", ""unit"": ""I21"", ""startPeriod"": 2003, ""indic_bt"": ""HW"", ""nace_r2"": ""B""}",,,2003-01
IE_LAB_HW_001,eurostat,2,Labor_market_indicators,IE,Hours worked mining and quarrying,STS_INLB_M,,"{""geo"": ""IE"", ""s_adj"": ""SCA"", ""unit"": ""I21"", ""startPeriod"": 2003, ""indic_bt"": ""HW"", ""nace_r2"": ""B""}",,,2003-01
IT_LAB_HW_001,eurostat,2,Labor_market_indicators,IT,Hours worked mining and quarrying,STS_INLB_M,,"{""geo"": ""IT"", ""s_adj"": ""SCA"", ""unit"": ""I21"", ""startPeriod"": 2003, ""indic_bt"": ""HW"", ""nace_r2"": ""B""}",,,2003-01
LT_LAB_HW_001,eurostat,2,Labor_market_indicators,LT,Hours worked mining and quarrying,STS_INLB_M,,"{""geo"": ""LT"", ""s_adj"": ""SCA"", ""unit"": ""I21"", ""startPeriod"": 2003, ""indic_bt"": ""HW"", ""nace_r2"": ""B""}",,,2003-01
LU_LAB_HW_001,eurostat,2,Labor_market_indicators,LU,Hours worked mining and quarrying,STS_INLB_M,,"{""geo"": ""LU"", ""s_adj"": ""SCA"", ""unit"": ""I21"", ""startPeriod"": 2003, ""indic_bt"": ""HW"", ""nace_r2"": ""B""}",,,2003-01
LV_LAB_HW_001,eurostat,2,Labor_market_indicators,LV,Hours worked mining and quarrying,STS_INLB_M,,"{""geo"": ""LV"", ""s_adj"": ""SCA"", ""unit"": ""I21"", ""startPeriod"": 2003, ""indic_bt"": ""HW"", ""nace_r2"": ""B""}",,,2003-01
MT_LAB_HW_001,eurostat,2,Labor_market_indicators,MT,Hours worked mining and quarrying,STS_INLB_M,,"{""geo"": ""MT"", ""s_adj"": ""SCA"", ""unit"": ""I21"", ""startPeriod"": 2003, ""indic_bt"": ""HW"", ""nace_r2"": ""B""}",,,2003-01
NL_LAB_HW_001,eurostat,2,Labor_market_indicators,NL,Hours worked mining and quarrying,STS_INLB_M,,"{""geo"": ""NL"", ""s_adj"": ""SCA"", ""unit"": ""I21"", ""startPeriod"": 2003, ""indic_bt"": ""HW"", ""nace_r2"": ""B""}",,,2003-01
PT_LAB_HW_001,eurostat,2,Labor_market_indicators,PT,Hours worked mining and quarrying,STS_INLB_M,,"{""geo"": ""PT"", ""s_adj"": ""SCA"", ""unit"": ""I21"", ""startPeriod"": 2003, ""indic_bt"": ""HW"", ""nace_r2"": ""B""}",,,2003-01
SI_LAB_HW_001,eurostat,2,Labor_market_indicators,SI,Hours worked mining and quarrying,STS_INLB_M,,"{""geo"": ""SI"", ""s_adj"": ""SCA"", ""unit"": ""I21"", ""startPeriod"": 2003, ""indic_bt"": ""HW"", ""nace_r2"": ""B""}",,,2003-01
SK_LAB_HW_001,eurostat,2,Labor_market_indicators,SK,Hours worked mining and quarrying,STS_INLB_M,,"{""geo"": ""SK"", ""s_adj"": ""SCA"", ""unit"": ""I21"", ""startPeriod"": 2003, ""indic_bt"": ""HW"", ""nace_r2"": ""B""}",,,2003-01
AT_LAB_HW_002,eurostat,2,Labor_market_indicators,AT,Hours worked manufacturing,STS_INLB_M,,"{""geo"": ""AT"", ""s_adj"": ""SCA"", ""unit"": ""I21"", ""startPeriod"": 2003, ""indic_bt"": ""HW"", ""nace_r2"": ""C""}",,,2003-01
BE_LAB_HW_002,eurostat,2,Labor_market_indicators,BE,Hours worked manufacturing,STS_INLB_M,,"{""geo"": ""BE"", ""s_adj"": ""SCA"", ""unit"": ""I21"", ""startPeriod"": 2003, ""indic_bt"": ""HW"", ""nace_r2"": ""C""}",,,2003-01
CY_LAB_HW_002,eurostat,2,Labor_market_indicators,CY,Hours worked manufacturing,STS_INLB_M,,"{""geo"": ""CY"", ""s_adj"": ""SCA"", ""unit"": ""I21"", ""startPeriod"": 2003, ""indic_bt"": ""HW"", ""nace_r2"": ""C""}",,,2003-01
DE_LAB_HW_002,eurostat,2,Labor_market_indicators,DE,Hours worked manufacturing,STS_INLB_M,,"{""geo"": ""DE"", ""s_adj"": ""SCA"", ""unit"": ""I21"", ""startPeriod"": 2003, ""indic_bt"": ""HW"", ""nace_r2"": ""C""}",,,2003-01
EE_LAB_HW_002,eurostat,2,Labor_market_indicators,EE,Hours worked manufacturing,STS_INLB_M,,"{""geo"": ""EE"", ""s_adj"": ""SCA"", ""unit"": ""I21"", ""startPeriod"": 2003, ""indic_bt"": ""HW"", ""nace_r2"": ""C""}",,,2003-01
ES_LAB_HW_002,eurostat,2,Labor_market_indicators,ES,Hours worked manufacturing,STS_INLB_M,,"{""geo"": ""ES"", ""s_adj"": ""SCA"", ""unit"": ""I21"", ""startPeriod"": 2003, ""indic_bt"": ""HW"", ""nace_r2"": ""C""}",,,2003-01
FI_LAB_HW_002,eurostat,2,Labor_market_indicators,FI,Hours worked manufacturing,STS_INLB_M,,"{""geo"": ""FI"", ""s_adj"": ""SCA"", ""unit"": ""I21"", ""startPeriod"": 2003, ""indic_bt"": ""HW"", ""nace_r2"": ""C""}",,,2003-01
FR_LAB_HW_002,eurostat,2,Labor_market_indicators,FR,Hours worked manufacturing,STS_INLB_M,,"{""geo"": ""FR"", ""s_adj"": ""SCA"", ""unit"": ""I21"", ""startPeriod"": 2003, ""indic_bt"": ""HW"", ""nace_r2"": ""C""}",,,2003-01
GR_LAB_HW_002,eurostat,2,Labor_market_indicators,GR,Hours worked manufacturing,STS_INLB_M,,"{""geo"": ""EL"", ""s_adj"": ""SCA"", ""unit"": ""I21"", ""startPeriod"": 2003, ""indic_bt"": ""HW"", ""nace_r2"": ""C""}",,,2003-01
IE_LAB_HW_002,eurostat,2,Labor_market_indicators,IE,Hours worked manufacturing,STS_INLB_M,,"{""geo"": ""IE"", ""s_adj"": ""SCA"", ""unit"": ""I21"", ""startPeriod"": 2003, ""indic_bt"": ""HW"", ""nace_r2"": ""C""}",,,2003-01
IT_LAB_HW_002,eurostat,2,Labor_market_indicators,IT,Hours worked manufacturing,STS_INLB_M,,"{""geo"": ""IT"", ""s_adj"": ""SCA"", ""unit"": ""I21"", ""startPeriod"": 2003, ""indic_bt"": ""HW"", ""nace_r2"": ""C""}",,,2003-01
LT_LAB_HW_002,eurostat,2,Labor_market_indicators,LT,Hours worked manufacturing,STS_INLB_M,,"{""geo"": ""LT"", ""s_adj"": ""SCA"", ""unit"": ""I21"", ""startPeriod"": 2003, ""indic_bt"": ""HW"", ""nace_r2"": ""C""}",,,2003-01
LU_LAB_HW_002,eurostat,2,Labor_market_indicators,LU,Hours worked manufacturing,STS_INLB_M,,"{""geo"": ""LU"", ""s_adj"": ""SCA"", ""unit"": ""I21"", ""startPeriod"": 2003, ""indic_bt"": ""HW"", ""nace_r2"": ""C""}",,,2003-01
LV_LAB_HW_002,eurostat,2,Labor_market_indicators,LV,Hours worked manufacturing,STS_INLB_M,,"{""geo"": ""LV"", ""s_adj"": ""SCA"", ""unit"": ""I21"", ""startPeriod"": 2003, ""indic_bt"": ""HW"", ""nace_r2"": ""C""}",,,2003-01
MT_LAB_HW_002,eurostat,2,Labor_market_indicators,MT,Hours worked manufacturing,STS_INLB_M,,"{""geo"": ""MT"", ""s_adj"": ""SCA"", ""unit"": ""I21"", ""startPeriod"": 2003, ""indic_bt"": ""HW"", ""nace_r2"": ""C""}",,,2003-01
NL_LAB_HW_002,eurostat,2,Labor_market_indicators,NL,Hours worked manufacturing,STS_INLB_M,,"{""geo"": ""NL"", ""s_adj"": ""SCA"", ""unit"": ""I21"", ""startPeriod"": 2003, ""indic_bt"": ""HW"", ""nace_r2"": ""C""}",,,2003-01
PT_LAB_HW_002,eurostat,2,Labor_market_indicators,PT,Hours worked manufacturing,STS_INLB_M,,"{""geo"": ""PT"", ""s_adj"": ""SCA"", ""unit"": ""I21"", ""startPeriod"": 2003, ""indic_bt"": ""HW"", ""nace_r2"": ""C""}",,,2003-01
SI_LAB_HW_002,eurostat,2,Labor_market_indicators,SI,Hours worked manufacturing,STS_INLB_M,,"{""geo"": ""SI"", ""s_adj"": ""SCA"", ""unit"": ""I21"", ""startPeriod"": 2003, ""indic_bt"": ""HW"", ""nace_r2"": ""C""}",,,2003-01
SK_LAB_HW_002,eurostat,2,Labor_market_indicators,SK,Hours worked manufacturing,STS_INLB_M,,"{""geo"": ""SK"", ""s_adj"": ""SCA"", ""unit"": ""I21"", ""startPeriod"": 2003, ""indic_bt"": ""HW"", ""nace_r2"": ""C""}",,,2003-01
AT_LAB_HW_003,eurostat,2,Labor_market_indicators,AT,Hours worked electricity/gas,STS_INLB_M,,"{""geo"": ""AT"", ""s_adj"": ""SCA"", ""unit"": ""I21"", ""startPeriod"": 2003, ""indic_bt"": ""HW"", ""nace_r2"": ""D""}",,,2003-01
BE_LAB_HW_003,eurostat,2,Labor_market_indicators,BE,Hours worked electricity/gas,STS_INLB_M,,"{""geo"": ""BE"", ""s_adj"": ""SCA"", ""unit"": ""I21"", ""startPeriod"": 2003, ""indic_bt"": ""HW"", ""nace_r2"": ""D""}",,,2003-01
CY_LAB_HW_003,eurostat,2,Labor_market_indicators,CY,Hours worked electricity/gas,STS_INLB_M,,"{""geo"": ""CY"", ""s_adj"": ""SCA"", ""unit"": ""I21"", ""startPeriod"": 2003, ""indic_bt"": ""HW"", ""nace_r2"": ""D""}",,,2003-01
DE_LAB_HW_003,eurostat,2,Labor_market_indicators,DE,Hours worked electricity/gas,STS_INLB_M,,"{""geo"": ""DE"", ""s_adj"": ""SCA"", ""unit"": ""I21"", ""startPeriod"": 2003, ""indic_bt"": ""HW"", ""nace_r2"": ""D""}",,,2003-01
EE_LAB_HW_003,eurostat,2,Labor_market_indicators,EE,Hours worked electricity/gas,STS_INLB_M,,"{""geo"": ""EE"", ""s_adj"": ""SCA"", ""unit"": ""I21"", ""startPeriod"": 2003, ""indic_bt"": ""HW"", ""nace_r2"": ""D""}",,,2003-01
ES_LAB_HW_003,eurostat,2,Labor_market_indicators,ES,Hours worked electricity/gas,STS_INLB_M,,"{""geo"": ""ES"", ""s_adj"": ""SCA"", ""unit"": ""I21"", ""startPeriod"": 2003, ""indic_bt"": ""HW"", ""nace_r2"": ""D""}",,,2003-01
FI_LAB_HW_003,eurostat,2,Labor_market_indicators,FI,Hours worked electricity/gas,STS_INLB_M,,"{""geo"": ""FI"", ""s_adj"": ""SCA"", ""unit"": ""I21"", ""startPeriod"": 2003, ""indic_bt"": ""HW"", ""nace_r2"": ""D""}",,,2003-01
FR_LAB_HW_003,eurostat,2,Labor_market_indicators,FR,Hours worked electricity/gas,STS_INLB_M,,"{""geo"": ""FR"", ""s_adj"": ""SCA"", ""unit"": ""I21"", ""startPeriod"": 2003, ""indic_bt"": ""HW"", ""nace_r2"": ""D""}",,,2003-01
GR_LAB_HW_003,eurostat,2,Labor_market_indicators,GR,Hours worked electricity/gas,STS_INLB_M,,"{""geo"": ""EL"", ""s_adj"": ""SCA"", ""unit"": ""I21"", ""startPeriod"": 2003, ""indic_bt"": ""HW"", ""nace_r2"": ""D""}",,,2003-01
IE_LAB_HW_003,eurostat,2,Labor_market_indicators,IE,Hours worked electricity/gas,STS_INLB_M,,"{""geo"": ""IE"", ""s_adj"": ""SCA"", ""unit"": ""I21"", ""startPeriod"": 2003, ""indic_bt"": ""HW"", ""nace_r2"": ""D""}",,,2003-01
IT_LAB_HW_003,eurostat,2,Labor_market_indicators,IT,Hours worked electricity/gas,STS_INLB_M,,"{""geo"": ""IT"", ""s_adj"": ""SCA"", ""unit"": ""I21"", ""startPeriod"": 2003, ""indic_bt"": ""HW"", ""nace_r2"": ""D""}",,,2003-01
LT_LAB_HW_003,eurostat,2,Labor_market_indicators,LT,Hours worked electricity/gas,STS_INLB_M,,"{""geo"": ""LT"", ""s_adj"": ""SCA"", ""unit"": ""I21"", ""startPeriod"": 2003, ""indic_bt"": ""HW"", ""nace_r2"": ""D""}",,,2003-01
LU_LAB_HW_003,eurostat,2,Labor_market_indicators,LU,Hours worked electricity/gas,STS_INLB_M,,"{""geo"": ""LU"", ""s_adj"": ""SCA"", ""unit"": ""I21"", ""startPeriod"": 2003, ""indic_bt"": ""HW"", ""nace_r2"": ""D""}",,,2003-01
LV_LAB_HW_003,eurostat,2,Labor_market_indicators,LV,Hours worked electricity/gas,STS_INLB_M,,"{""geo"": ""LV"", ""s_adj"": ""SCA"", ""unit"": ""I21"", ""startPeriod"": 2003, ""indic_bt"": ""HW"", ""nace_r2"": ""D""}",,,2003-01
MT_LAB_HW_003,eurostat,2,Labor_market_indicators,MT,Hours worked electricity/gas,STS_INLB_M,,"{""geo"": ""MT"", ""s_adj"": ""SCA"", ""unit"": ""I21"", ""startPeriod"": 2003, ""indic_bt"": ""HW"", ""nace_r2"": ""D""}",,,2003-01
NL_LAB_HW_003,eurostat,2,Labor_market_indicators,NL,Hours worked electricity/gas,STS_INLB_M,,"{""geo"": ""NL"", ""s_adj"": ""SCA"", ""unit"": ""I21"", ""startPeriod"": 2003, ""indic_bt"": ""HW"", ""nace_r2"": ""D""}",,,2003-01
PT_LAB_HW_003,eurostat,2,Labor_market_indicators,PT,Hours worked electricity/gas,STS_INLB_M,,"{""geo"": ""PT"", ""s_adj"": ""SCA"", ""unit"": ""I21"", ""startPeriod"": 2003, ""indic_bt"": ""HW"", ""nace_r2"": ""D""}",,,2003-01
SI_LAB_HW_003,eurostat,2,Labor_market_indicators,SI,Hours worked electricity/gas,STS_INLB_M,,"{""geo"": ""SI"", ""s_adj"": ""SCA"", ""unit"": ""I21"", ""startPeriod"": 2003, ""indic_bt"": ""HW"", ""nace_r2"": ""D""}",,,2003-01
SK_LAB_HW_003,eurostat,2,Labor_market_indicators,SK,Hours worked electricity/gas,STS_INLB_M,,"{""geo"": ""SK"", ""s_adj"": ""SCA"", ""unit"": ""I21"", ""startPeriod"": 2003, ""indic_bt"": ""HW"", ""nace_r2"": ""D""}",,,2003-01
AT_LAB_HW_004,eurostat,2,Labor_market_indicators,AT,Hours worked total industry excl construction,STS_INLB_M,,"{""geo"": ""AT"", ""s_adj"": ""SCA"", ""unit"": ""I21"", ""startPeriod"": 2003, ""indic_bt"": ""HW"", ""nace_r2"": ""B-E36""}",,,2003-01
BE_LAB_HW_004,eurostat,2,Labor_market_indicators,BE,Hours worked total industry excl construction,STS_INLB_M,,"{""geo"": ""BE"", ""s_adj"": ""SCA"", ""unit"": ""I21"", ""startPeriod"": 2003, ""indic_bt"": ""HW"", ""nace_r2"": ""B-E36""}",,,2003-01
CY_LAB_HW_004,eurostat,2,Labor_market_indicators,CY,Hours worked total industry excl construction,STS_INLB_M,,"{""geo"": ""CY"", ""s_adj"": ""SCA"", ""unit"": ""I21"", ""startPeriod"": 2003, ""indic_bt"": ""HW"", ""nace_r2"": ""B-E36""}",,,2003-01
DE_LAB_HW_004,eurostat,2,Labor_market_indicators,DE,Hours worked total industry excl construction,STS_INLB_M,,"{""geo"": ""DE"", ""s_adj"": ""SCA"", ""unit"": ""I21"", ""startPeriod"": 2003, ""indic_bt"": ""HW"", ""nace_r2"": ""B-E36""}",,,2003-01
EE_LAB_HW_004,eurostat,2,Labor_market_indicators,EE,Hours worked total industry excl construction,STS_INLB_M,,"{""geo"": ""EE"", ""s_adj"": ""SCA"", ""unit"": ""I21"", ""startPeriod"": 2003, ""indic_bt"": ""HW"", ""nace_r2"": ""B-E36""}",,,2003-01
ES_LAB_HW_004,eurostat,2,Labor_market_indicators,ES,Hours worked total industry excl construction,STS_INLB_M,,"{""geo"": ""ES"", ""s_adj"": ""SCA"", ""unit"": ""I21"", ""startPeriod"": 2003, ""indic_bt"": ""HW"", ""nace_r2"": ""B-E36""}",,,2003-01
FI_LAB_HW_004,eurostat,2,Labor_market_indicators,FI,Hours worked total industry excl construction,STS_INLB_M,,"{""geo"": ""FI"", ""s_adj"": ""SCA"", ""unit"": ""I21"", ""startPeriod"": 2003, ""indic_bt"": ""HW"", ""nace_r2"": ""B-E36""}",,,2003-01
FR_LAB_HW_004,eurostat,2,Labor_market_indicators,FR,Hours worked total industry excl construction,STS_INLB_M,,"{""geo"": ""FR"", ""s_adj"": ""SCA"", ""unit"": ""I21"", ""startPeriod"": 2003, ""indic_bt"": ""HW"", ""nace_r2"": ""B-E36""}",,,2003-01
GR_LAB_HW_004,eurostat,2,Labor_market_indicators,GR,Hours worked total industry excl construction,STS_INLB_M,,"{""geo"": ""EL"", ""s_adj"": ""SCA"", ""unit"": ""I21"", ""startPeriod"": 2003, ""indic_bt"": ""HW"", ""nace_r2"": ""B-E36""}",,,2003-01
IE_LAB_HW_004,eurostat,2,Labor_market_indicators,IE,Hours worked total industry excl construction,STS_INLB_M,,"{""geo"": ""IE"", ""s_adj"": ""SCA"", ""unit"": ""I21"", ""startPeriod"": 2003, ""indic_bt"": ""HW"", ""nace_r2"": ""B-E36""}",,,2003-01
IT_LAB_HW_004,eurostat,2,Labor_market_indicators,IT,Hours worked total industry excl construction,STS_INLB_M,,"{""geo"": ""IT"", ""s_adj"": ""SCA"", ""unit"": ""I21"", ""startPeriod"": 2003, ""indic_bt"": ""HW"", ""nace_r2"": ""B-E36""}",,,2003-01
LT_LAB_HW_004,eurostat,2,Labor_market_indicators,LT,Hours worked total industry excl construction,STS_INLB_M,,"{""geo"": ""LT"", ""s_adj"": ""SCA"", ""unit"": ""I21"", ""startPeriod"": 2003, ""indic_bt"": ""HW"", ""nace_r2"": ""B-E36""}",,,2003-01
LU_LAB_HW_004,eurostat,2,Labor_market_indicators,LU,Hours worked total industry excl construction,STS_INLB_M,,"{""geo"": ""LU"", ""s_adj"": ""SCA"", ""unit"": ""I21"", ""startPeriod"": 2003, ""indic_bt"": ""HW"", ""nace_r2"": ""B-E36""}",,,2003-01
LV_LAB_HW_004,eurostat,2,Labor_market_indicators,LV,Hours worked total industry excl construction,STS_INLB_M,,"{""geo"": ""LV"", ""s_adj"": ""SCA"", ""unit"": ""I21"", ""startPeriod"": 2003, ""indic_bt"": ""HW"", ""nace_r2"": ""B-E36""}",,,2003-01
MT_LAB_HW_004,eurostat,2,Labor_market_indicators,MT,Hours worked total industry excl construction,STS_INLB_M,,"{""geo"": ""MT"", ""s_adj"": ""SCA"", ""unit"": ""I21"", ""startPeriod"": 2003, ""indic_bt"": ""HW"", ""nace_r2"": ""B-E36""}",,,2003-01
NL_LAB_HW_004,eurostat,2,Labor_market_indicators,NL,Hours worked total industry excl construction,STS_INLB_M,,"{""geo"": ""NL"", ""s_adj"": ""SCA"", ""unit"": ""I21"", ""startPeriod"": 2003, ""indic_bt"": ""HW"", ""nace_r2"": ""B-E36""}",,,2003-01
PT_LAB_HW_004,eurostat,2,Labor_market_indicators,PT,Hours worked total industry excl construction,STS_INLB_M,,"{""geo"": ""PT"", ""s_adj"": ""SCA"", ""unit"": ""I21"", ""startPeriod"": 2003, ""indic_bt"": ""HW"", ""nace_r2"": ""B-E36""}",,,2003-01
SI_LAB_HW_004,eurostat,2,Labor_market_indicators,SI,Hours worked total industry excl construction,STS_INLB_M,,"{""geo"": ""SI"", ""s_adj"": ""SCA"", ""unit"": ""I21"", ""startPeriod"": 2003, ""indic_bt"": ""HW"", ""nace_r2"": ""B-E36""}",,,2003-01
SK_LAB_HW_004,eurostat,2,Labor_market_indicators,SK,Hours worked total industry excl construction,STS_INLB_M,,"{""geo"": ""SK"", ""s_adj"": ""SCA"", ""unit"": ""I21"", ""startPeriod"": 2003, ""indic_bt"": ""HW"", ""nace_r2"": ""B-E36""}",,,2003-01
AT_LAB_HW_005,eurostat,2,Labor_market_indicators,AT,Hours worked MIG intermediate goods,STS_INLB_M,,"{""geo"": ""AT"", ""s_adj"": ""SCA"", ""unit"": ""I21"", ""startPeriod"": 2003, ""indic_bt"": ""HW"", ""nace_r2"": ""MIG_ING""}",,,2003-01
BE_LAB_HW_005,eurostat,2,Labor_market_indicators,BE,Hours worked MIG intermediate goods,STS_INLB_M,,"{""geo"": ""BE"", ""s_adj"": ""SCA"", ""unit"": ""I21"", ""startPeriod"": 2003, ""indic_bt"": ""HW"", ""nace_r2"": ""MIG_ING""}",,,2003-01
CY_LAB_HW_005,eurostat,2,Labor_market_indicators,CY,Hours worked MIG intermediate goods,STS_INLB_M,,"{""geo"": ""CY"", ""s_adj"": ""SCA"", ""unit"": ""I21"", ""startPeriod"": 2003, ""indic_bt"": ""HW"", ""nace_r2"": ""MIG_ING""}",,,2003-01
DE_LAB_HW_005,eurostat,2,Labor_market_indicators,DE,Hours worked MIG intermediate goods,STS_INLB_M,,"{""geo"": ""DE"", ""s_adj"": ""SCA"", ""unit"": ""I21"", ""startPeriod"": 2003, ""indic_bt"": ""HW"", ""nace_r2"": ""MIG_ING""}",,,2003-01
EE_LAB_HW_005,eurostat,2,Labor_market_indicators,EE,Hours worked MIG intermediate goods,STS_INLB_M,,"{""geo"": ""EE"", ""s_adj"": ""SCA"", ""unit"": ""I21"", ""startPeriod"": 2003, ""indic_bt"": ""HW"", ""nace_r2"": ""MIG_ING""}",,,2003-01
ES_LAB_HW_005,eurostat,2,Labor_market_indicators,ES,Hours worked MIG intermediate goods,STS_INLB_M,,"{""geo"": ""ES"", ""s_adj"": ""SCA"", ""unit"": ""I21"", ""startPeriod"": 2003, ""indic_bt"": ""HW"", ""nace_r2"": ""MIG_ING""}",,,2003-01
FI_LAB_HW_005,eurostat,2,Labor_market_indicators,FI,Hours worked MIG intermediate goods,STS_INLB_M,,"{""geo"": ""FI"", ""s_adj"": ""SCA"", ""unit"": ""I21"", ""startPeriod"": 2003, ""indic_bt"": ""HW"", ""nace_r2"": ""MIG_ING""}",,,2003-01
FR_LAB_HW_005,eurostat,2,Labor_market_indicators,FR,Hours worked MIG intermediate goods,STS_INLB_M,,"{""geo"": ""FR"", ""s_adj"": ""SCA"", ""unit"": ""I21"", ""startPeriod"": 2003, ""indic_bt"": ""HW"", ""nace_r2"": ""MIG_ING""}",,,2003-01
GR_LAB_HW_005,eurostat,2,Labor_market_indicators,GR,Hours worked MIG intermediate goods,STS_INLB_M,,"{""geo"": ""EL"", ""s_adj"": ""SCA"", ""unit"": ""I21"", ""startPeriod"": 2003, ""indic_bt"": ""HW"", ""nace_r2"": ""MIG_ING""}",,,2003-01
IE_LAB_HW_005,eurostat,2,Labor_market_indicators,IE,Hours worked MIG intermediate goods,STS_INLB_M,,"{""geo"": ""IE"", ""s_adj"": ""SCA"", ""unit"": ""I21"", ""startPeriod"": 2003, ""indic_bt"": ""HW"", ""nace_r2"": ""MIG_ING""}",,,2003-01
IT_LAB_HW_005,eurostat,2,Labor_market_indicators,IT,Hours worked MIG intermediate goods,STS_INLB_M,,"{""geo"": ""IT"", ""s_adj"": ""SCA"", ""unit"": ""I21"", ""startPeriod"": 2003, ""indic_bt"": ""HW"", ""nace_r2"": ""MIG_ING""}",,,2003-01
LT_LAB_HW_005,eurostat,2,Labor_market_indicators,LT,Hours worked MIG intermediate goods,STS_INLB_M,,"{""geo"": ""LT"", ""s_adj"": ""SCA"", ""unit"": ""I21"", ""startPeriod"": 2003, ""indic_bt"": ""HW"", ""nace_r2"": ""MIG_ING""}",,,2003-01
LU_LAB_HW_005,eurostat,2,Labor_market_indicators,LU,Hours worked MIG intermediate goods,STS_INLB_M,,"{""geo"": ""LU"", ""s_adj"": ""SCA"", ""unit"": ""I21"", ""startPeriod"": 2003, ""indic_bt"": ""HW"", ""nace_r2"": ""MIG_ING""}",,,2003-01
LV_LAB_HW_005,eurostat,2,Labor_market_indicators,LV,Hours worked MIG intermediate goods,STS_INLB_M,,"{""geo"": ""LV"", ""s_adj"": ""SCA"", ""unit"": ""I21"", ""startPeriod"": 2003, ""indic_bt"": ""HW"", ""nace_r2"": ""MIG_ING""}",,,2003-01
MT_LAB_HW_005,eurostat,2,Labor_market_indicators,MT,Hours worked MIG intermediate goods,STS_INLB_M,,"{""geo"": ""MT"", ""s_adj"": ""SCA"", ""unit"": ""I21"", ""startPeriod"": 2003, ""indic_bt"": ""HW"", ""nace_r2"": ""MIG_ING""}",,,2003-01
NL_LAB_HW_005,eurostat,2,Labor_market_indicators,NL,Hours worked MIG intermediate goods,STS_INLB_M,,"{""geo"": ""NL"", ""s_adj"": ""SCA"", ""unit"": ""I21"", ""startPeriod"": 2003, ""indic_bt"": ""HW"", ""nace_r2"": ""MIG_ING""}",,,2003-01
PT_LAB_HW_005,eurostat,2,Labor_market_indicators,PT,Hours worked MIG intermediate goods,STS_INLB_M,,"{""geo"": ""PT"", ""s_adj"": ""SCA"", ""unit"": ""I21"", ""startPeriod"": 2003, ""indic_bt"": ""HW"", ""nace_r2"": ""MIG_ING""}",,,2003-01
SI_LAB_HW_005,eurostat,2,Labor_market_indicators,SI,Hours worked MIG intermediate goods,STS_INLB_M,,"{""geo"": ""SI"", ""s_adj"": ""SCA"", ""unit"": ""I21"", ""startPeriod"": 2003, ""indic_bt"": ""HW"", ""nace_r2"": ""MIG_ING""}",,,2003-01
SK_LAB_HW_005,eurostat,2,Labor_market_indicators,SK,Hours worked MIG intermediate goods,STS_INLB_M,,"{""geo"": ""SK"", ""s_adj"": ""SCA"", ""unit"": ""I21"", ""startPeriod"": 2003, ""indic_bt"": ""HW"", ""nace_r2"": ""MIG_ING""}",,,2003-01
AT_LAB_HW_006,eurostat,2,Labor_market_indicators,AT,Hours worked MIG capital goods,STS_INLB_M,,"{""geo"": ""AT"", ""s_adj"": ""SCA"", ""unit"": ""I21"", ""startPeriod"": 2003, ""indic_bt"": ""HW"", ""nace_r2"": ""MIG_CAG""}",,,2003-01
BE_LAB_HW_006,eurostat,2,Labor_market_indicators,BE,Hours worked MIG capital goods,STS_INLB_M,,"{""geo"": ""BE"", ""s_adj"": ""SCA"", ""unit"": ""I21"", ""startPeriod"": 2003, ""indic_bt"": ""HW"", ""nace_r2"": ""MIG_CAG""}",,,2003-01
CY_LAB_HW_006,eurostat,2,Labor_market_indicators,CY,Hours worked MIG capital goods,STS_INLB_M,,"{""geo"": ""CY"", ""s_adj"": ""SCA"", ""unit"": ""I21"", ""startPeriod"": 2003, ""indic_bt"": ""HW"", ""nace_r2"": ""MIG_CAG""}",,,2003-01
DE_LAB_HW_006,eurostat,2,Labor_market_indicators,DE,Hours worked MIG capital goods,STS_INLB_M,,"{""geo"": ""DE"", ""s_adj"": ""SCA"", ""unit"": ""I21"", ""startPeriod"": 2003, ""indic_bt"": ""HW"", ""nace_r2"": ""MIG_CAG""}",,,2003-01
EE_LAB_HW_006,eurostat,2,Labor_market_indicators,EE,Hours worked MIG capital goods,STS_INLB_M,,"{""geo"": ""EE"", ""s_adj"": ""SCA"", ""unit"": ""I21"", ""startPeriod"": 2003, ""indic_bt"": ""HW"", ""nace_r2"": ""MIG_CAG""}",,,2003-01
ES_LAB_HW_006,eurostat,2,Labor_market_indicators,ES,Hours worked MIG capital goods,STS_INLB_M,,"{""geo"": ""ES"", ""s_adj"": ""SCA"", ""unit"": ""I21"", ""startPeriod"": 2003, ""indic_bt"": ""HW"", ""nace_r2"": ""MIG_CAG""}",,,2003-01
FI_LAB_HW_006,eurostat,2,Labor_market_indicators,FI,Hours worked MIG capital goods,STS_INLB_M,,"{""geo"": ""FI"", ""s_adj"": ""SCA"", ""unit"": ""I21"", ""startPeriod"": 2003, ""indic_bt"": ""HW"", ""nace_r2"": ""MIG_CAG""}",,,2003-01
FR_LAB_HW_006,eurostat,2,Labor_market_indicators,FR,Hours worked MIG capital goods,STS_INLB_M,,"{""geo"": ""FR"", ""s_adj"": ""SCA"", ""unit"": ""I21"", ""startPeriod"": 2003, ""indic_bt"": ""HW"", ""nace_r2"": ""MIG_CAG""}",,,2003-01
GR_LAB_HW_006,eurostat,2,Labor_market_indicators,GR,Hours worked MIG capital goods,STS_INLB_M,,"{""geo"": ""EL"", ""s_adj"": ""SCA"", ""unit"": ""I21"", ""startPeriod"": 2003, ""indic_bt"": ""HW"", ""nace_r2"": ""MIG_CAG""}",,,2003-01
IE_LAB_HW_006,eurostat,2,Labor_market_indicators,IE,Hours worked MIG capital goods,STS_INLB_M,,"{""geo"": ""IE"", ""s_adj"": ""SCA"", ""unit"": ""I21"", ""startPeriod"": 2003, ""indic_bt"": ""HW"", ""nace_r2"": ""MIG_CAG""}",,,2003-01
IT_LAB_HW_006,eurostat,2,Labor_market_indicators,IT,Hours worked MIG capital goods,STS_INLB_M,,"{""geo"": ""IT"", ""s_adj"": ""SCA"", ""unit"": ""I21"", ""startPeriod"": 2003, ""indic_bt"": ""HW"", ""nace_r2"": ""MIG_CAG""}",,,2003-01
LT_LAB_HW_006,eurostat,2,Labor_market_indicators,LT,Hours worked MIG capital goods,STS_INLB_M,,"{""geo"": ""LT"", ""s_adj"": ""SCA"", ""unit"": ""I21"", ""startPeriod"": 2003, ""indic_bt"": ""HW"", ""nace_r2"": ""MIG_CAG""}",,,2003-01
LU_LAB_HW_006,eurostat,2,Labor_market_indicators,LU,Hours worked MIG capital goods,STS_INLB_M,,"{""geo"": ""LU"", ""s_adj"": ""SCA"", ""unit"": ""I21"", ""startPeriod"": 2003, ""indic_bt"": ""HW"", ""nace_r2"": ""MIG_CAG""}",,,2003-01
LV_LAB_HW_006,eurostat,2,Labor_market_indicators,LV,Hours worked MIG capital goods,STS_INLB_M,,"{""geo"": ""LV"", ""s_adj"": ""SCA"", ""unit"": ""I21"", ""startPeriod"": 2003, ""indic_bt"": ""HW"", ""nace_r2"": ""MIG_CAG""}",,,2003-01
MT_LAB_HW_006,eurostat,2,Labor_market_indicators,MT,Hours worked MIG capital goods,STS_INLB_M,,"{""geo"": ""MT"", ""s_adj"": ""SCA"", ""unit"": ""I21"", ""startPeriod"": 2003, ""indic_bt"": ""HW"", ""nace_r2"": ""MIG_CAG""}",,,2003-01
NL_LAB_HW_006,eurostat,2,Labor_market_indicators,NL,Hours worked MIG capital goods,STS_INLB_M,,"{""geo"": ""NL"", ""s_adj"": ""SCA"", ""unit"": ""I21"", ""startPeriod"": 2003, ""indic_bt"": ""HW"", ""nace_r2"": ""MIG_CAG""}",,,2003-01
PT_LAB_HW_006,eurostat,2,Labor_market_indicators,PT,Hours worked MIG capital goods,STS_INLB_M,,"{""geo"": ""PT"", ""s_adj"": ""SCA"", ""unit"": ""I21"", ""startPeriod"": 2003, ""indic_bt"": ""HW"", ""nace_r2"": ""MIG_CAG""}",,,2003-01
SI_LAB_HW_006,eurostat,2,Labor_market_indicators,SI,Hours worked MIG capital goods,STS_INLB_M,,"{""geo"": ""SI"", ""s_adj"": ""SCA"", ""unit"": ""I21"", ""startPeriod"": 2003, ""indic_bt"": ""HW"", ""nace_r2"": ""MIG_CAG""}",,,2003-01
SK_LAB_HW_006,eurostat,2,Labor_market_indicators,SK,Hours worked MIG capital goods,STS_INLB_M,,"{""geo"": ""SK"", ""s_adj"": ""SCA"", ""unit"": ""I21"", ""startPeriod"": 2003, ""indic_bt"": ""HW"", ""nace_r2"": ""MIG_CAG""}",,,2003-01
AT_LAB_HW_007,eurostat,2,Labor_market_indicators,AT,Hours worked MIG durable consumer goods,STS_INLB_M,,"{""geo"": ""AT"", ""s_adj"": ""SCA"", ""unit"": ""I21"", ""startPeriod"": 2003, ""indic_bt"": ""HW"", ""nace_r2"": ""MIG_DCOG""}",,,2003-01
BE_LAB_HW_007,eurostat,2,Labor_market_indicators,BE,Hours worked MIG durable consumer goods,STS_INLB_M,,"{""geo"": ""BE"", ""s_adj"": ""SCA"", ""unit"": ""I21"", ""startPeriod"": 2003, ""indic_bt"": ""HW"", ""nace_r2"": ""MIG_DCOG""}",,,2003-01
CY_LAB_HW_007,eurostat,2,Labor_market_indicators,CY,Hours worked MIG durable consumer goods,STS_INLB_M,,"{""geo"": ""CY"", ""s_adj"": ""SCA"", ""unit"": ""I21"", ""startPeriod"": 2003, ""indic_bt"": ""HW"", ""nace_r2"": ""MIG_DCOG""}",,,2003-01
DE_LAB_HW_007,eurostat,2,Labor_market_indicators,DE,Hours worked MIG durable consumer goods,STS_INLB_M,,"{""geo"": ""DE"", ""s_adj"": ""SCA"", ""unit"": ""I21"", ""startPeriod"": 2003, ""indic_bt"": ""HW"", ""nace_r2"": ""MIG_DCOG""}",,,2003-01
EE_LAB_HW_007,eurostat,2,Labor_market_indicators,EE,Hours worked MIG durable consumer goods,STS_INLB_M,,"{""geo"": ""EE"", ""s_adj"": ""SCA"", ""unit"": ""I21"", ""startPeriod"": 2003, ""indic_bt"": ""HW"", ""nace_r2"": ""MIG_DCOG""}",,,2003-01
ES_LAB_HW_007,eurostat,2,Labor_market_indicators,ES,Hours worked MIG durable consumer goods,STS_INLB_M,,"{""geo"": ""ES"", ""s_adj"": ""SCA"", ""unit"": ""I21"", ""startPeriod"": 2003, ""indic_bt"": ""HW"", ""nace_r2"": ""MIG_DCOG""}",,,2003-01
FI_LAB_HW_007,eurostat,2,Labor_market_indicators,FI,Hours worked MIG durable consumer goods,STS_INLB_M,,"{""geo"": ""FI"", ""s_adj"": ""SCA"", ""unit"": ""I21"", ""startPeriod"": 2003, ""indic_bt"": ""HW"", ""nace_r2"": ""MIG_DCOG""}",,,2003-01
FR_LAB_HW_007,eurostat,2,Labor_market_indicators,FR,Hours worked MIG durable consumer goods,STS_INLB_M,,"{""geo"": ""FR"", ""s_adj"": ""SCA"", ""unit"": ""I21"", ""startPeriod"": 2003, ""indic_bt"": ""HW"", ""nace_r2"": ""MIG_DCOG""}",,,2003-01
GR_LAB_HW_007,eurostat,2,Labor_market_indicators,GR,Hours worked MIG durable consumer goods,STS_INLB_M,,"{""geo"": ""EL"", ""s_adj"": ""SCA"", ""unit"": ""I21"", ""startPeriod"": 2003, ""indic_bt"": ""HW"", ""nace_r2"": ""MIG_DCOG""}",,,2003-01
IE_LAB_HW_007,eurostat,2,Labor_market_indicators,IE,Hours worked MIG durable consumer goods,STS_INLB_M,,"{""geo"": ""IE"", ""s_adj"": ""SCA"", ""unit"": ""I21"", ""startPeriod"": 2003, ""indic_bt"": ""HW"", ""nace_r2"": ""MIG_DCOG""}",,,2003-01
IT_LAB_HW_007,eurostat,2,Labor_market_indicators,IT,Hours worked MIG durable consumer goods,STS_INLB_M,,"{""geo"": ""IT"", ""s_adj"": ""SCA"", ""unit"": ""I21"", ""startPeriod"": 2003, ""indic_bt"": ""HW"", ""nace_r2"": ""MIG_DCOG""}",,,2003-01
LT_LAB_HW_007,eurostat,2,Labor_market_indicators,LT,Hours worked MIG durable consumer goods,STS_INLB_M,,"{""geo"": ""LT"", ""s_adj"": ""SCA"", ""unit"": ""I21"", ""startPeriod"": 2003, ""indic_bt"": ""HW"", ""nace_r2"": ""MIG_DCOG""}",,,2003-01
LU_LAB_HW_007,eurostat,2,Labor_market_indicators,LU,Hours worked MIG durable consumer goods,STS_INLB_M,,"{""geo"": ""LU"", ""s_adj"": ""SCA"", ""unit"": ""I21"", ""startPeriod"": 2003, ""indic_bt"": ""HW"", ""nace_r2"": ""MIG_DCOG""}",,,2003-01
LV_LAB_HW_007,eurostat,2,Labor_market_indicators,LV,Hours worked MIG durable consumer goods,STS_INLB_M,,"{""geo"": ""LV"", ""s_adj"": ""SCA"", ""unit"": ""I21"", ""startPeriod"": 2003, ""indic_bt"": ""HW"", ""nace_r2"": ""MIG_DCOG""}",,,2003-01
MT_LAB_HW_007,eurostat,2,Labor_market_indicators,MT,Hours worked MIG durable consumer goods,STS_INLB_M,,"{""geo"": ""MT"", ""s_adj"": ""SCA"", ""unit"": ""I21"", ""startPeriod"": 2003, ""indic_bt"": ""HW"", ""nace_r2"": ""MIG_DCOG""}",,,2003-01
NL_LAB_HW_007,eurostat,2,Labor_market_indicators,NL,Hours worked MIG durable consumer goods,STS_INLB_M,,"{""geo"": ""NL"", ""s_adj"": ""SCA"", ""unit"": ""I21"", ""startPeriod"": 2003, ""indic_bt"": ""HW"", ""nace_r2"": ""MIG_DCOG""}",,,2003-01
PT_LAB_HW_007,eurostat,2,Labor_market_indicators,PT,Hours worked MIG durable consumer goods,STS_INLB_M,,"{""geo"": ""PT"", ""s_adj"": ""SCA"", ""unit"": ""I21"", ""startPeriod"": 2003, ""indic_bt"": ""HW"", ""nace_r2"": ""MIG_DCOG""}",,,2003-01
SI_LAB_HW_007,eurostat,2,Labor_market_indicators,SI,Hours worked MIG durable consumer goods,STS_INLB_M,,"{""geo"": ""SI"", ""s_adj"": ""SCA"", ""unit"": ""I21"", ""startPeriod"": 2003, ""indic_bt"": ""HW"", ""nace_r2"": ""MIG_DCOG""}",,,2003-01
SK_LAB_HW_007,eurostat,2,Labor_market_indicators,SK,Hours worked MIG durable consumer goods,STS_INLB_M,,"{""geo"": ""SK"", ""s_adj"": ""SCA"", ""unit"": ""I21"", ""startPeriod"": 2003, ""indic_bt"": ""HW"", ""nace_r2"": ""MIG_DCOG""}",,,2003-01
AT_LAB_HW_008,eurostat,2,Labor_market_indicators,AT,Hours worked MIG non-durable consumer goods,STS_INLB_M,,"{""geo"": ""AT"", ""s_adj"": ""SCA"", ""unit"": ""I21"", ""startPeriod"": 2003, ""indic_bt"": ""HW"", ""nace_r2"": ""MIG_NDCOG""}",,,2003-01
BE_LAB_HW_008,eurostat,2,Labor_market_indicators,BE,Hours worked MIG non-durable consumer goods,STS_INLB_M,,"{""geo"": ""BE"", ""s_adj"": ""SCA"", ""unit"": ""I21"", ""startPeriod"": 2003, ""indic_bt"": ""HW"", ""nace_r2"": ""MIG_NDCOG""}",,,2003-01
CY_LAB_HW_008,eurostat,2,Labor_market_indicators,CY,Hours worked MIG non-durable consumer goods,STS_INLB_M,,"{""geo"": ""CY"", ""s_adj"": ""SCA"", ""unit"": ""I21"", ""startPeriod"": 2003, ""indic_bt"": ""HW"", ""nace_r2"": ""MIG_NDCOG""}",,,2003-01
DE_LAB_HW_008,eurostat,2,Labor_market_indicators,DE,Hours worked MIG non-durable consumer goods,STS_INLB_M,,"{""geo"": ""DE"", ""s_adj"": ""SCA"", ""unit"": ""I21"", ""startPeriod"": 2003, ""indic_bt"": ""HW"", ""nace_r2"": ""MIG_NDCOG""}",,,2003-01
EE_LAB_HW_008,eurostat,2,Labor_market_indicators,EE,Hours worked MIG non-durable consumer goods,STS_INLB_M,,"{""geo"": ""EE"", ""s_adj"": ""SCA"", ""unit"": ""I21"", ""startPeriod"": 2003, ""indic_bt"": ""HW"", ""nace_r2"": ""MIG_NDCOG""}",,,2003-01
ES_LAB_HW_008,eurostat,2,Labor_market_indicators,ES,Hours worked MIG non-durable consumer goods,STS_INLB_M,,"{""geo"": ""ES"", ""s_adj"": ""SCA"", ""unit"": ""I21"", ""startPeriod"": 2003, ""indic_bt"": ""HW"", ""nace_r2"": ""MIG_NDCOG""}",,,2003-01
FI_LAB_HW_008,eurostat,2,Labor_market_indicators,FI,Hours worked MIG non-durable consumer goods,STS_INLB_M,,"{""geo"": ""FI"", ""s_adj"": ""SCA"", ""unit"": ""I21"", ""startPeriod"": 2003, ""indic_bt"": ""HW"", ""nace_r2"": ""MIG_NDCOG""}",,,2003-01
FR_LAB_HW_008,eurostat,2,Labor_market_indicators,FR,Hours worked MIG non-durable consumer goods,STS_INLB_M,,"{""geo"": ""FR"", ""s_adj"": ""SCA"", ""unit"": ""I21"", ""startPeriod"": 2003, ""indic_bt"": ""HW"", ""nace_r2"": ""MIG_NDCOG""}",,,2003-01
GR_LAB_HW_008,eurostat,2,Labor_market_indicators,GR,Hours worked MIG non-durable consumer goods,STS_INLB_M,,"{""geo"": ""EL"", ""s_adj"": ""SCA"", ""unit"": ""I21"", ""startPeriod"": 2003, ""indic_bt"": ""HW"", ""nace_r2"": ""MIG_NDCOG""}",,,2003-01
IE_LAB_HW_008,eurostat,2,Labor_market_indicators,IE,Hours worked MIG non-durable consumer goods,STS_INLB_M,,"{""geo"": ""IE"", ""s_adj"": ""SCA"", ""unit"": ""I21"", ""startPeriod"": 2003, ""indic_bt"": ""HW"", ""nace_r2"": ""MIG_NDCOG""}",,,2003-01
IT_LAB_HW_008,eurostat,2,Labor_market_indicators,IT,Hours worked MIG non-durable consumer goods,STS_INLB_M,,"{""geo"": ""IT"", ""s_adj"": ""SCA"", ""unit"": ""I21"", ""startPeriod"": 2003, ""indic_bt"": ""HW"", ""nace_r2"": ""MIG_NDCOG""}",,,2003-01
LT_LAB_HW_008,eurostat,2,Labor_market_indicators,LT,Hours worked MIG non-durable consumer goods,STS_INLB_M,,"{""geo"": ""LT"", ""s_adj"": ""SCA"", ""unit"": ""I21"", ""startPeriod"": 2003, ""indic_bt"": ""HW"", ""nace_r2"": ""MIG_NDCOG""}",,,2003-01
LU_LAB_HW_008,eurostat,2,Labor_market_indicators,LU,Hours worked MIG non-durable consumer goods,STS_INLB_M,,"{""geo"": ""LU"", ""s_adj"": ""SCA"", ""unit"": ""I21"", ""startPeriod"": 2003, ""indic_bt"": ""HW"", ""nace_r2"": ""MIG_NDCOG""}",,,2003-01
LV_LAB_HW_008,eurostat,2,Labor_market_indicators,LV,Hours worked MIG non-durable consumer goods,STS_INLB_M,,"{""geo"": ""LV"", ""s_adj"": ""SCA"", ""unit"": ""I21"", ""startPeriod"": 2003, ""indic_bt"": ""HW"", ""nace_r2"": ""MIG_NDCOG""}",,,2003-01
MT_LAB_HW_008,eurostat,2,Labor_market_indicators,MT,Hours worked MIG non-durable consumer goods,STS_INLB_M,,"{""geo"": ""MT"", ""s_adj"": ""SCA"", ""unit"": ""I21"", ""startPeriod"": 2003, ""indic_bt"": ""HW"", ""nace_r2"": ""MIG_NDCOG""}",,,2003-01
NL_LAB_HW_008,eurostat,2,Labor_market_indicators,NL,Hours worked MIG non-durable consumer goods,STS_INLB_M,,"{""geo"": ""NL"", ""s_adj"": ""SCA"", ""unit"": ""I21"", ""startPeriod"": 2003, ""indic_bt"": ""HW"", ""nace_r2"": ""MIG_NDCOG""}",,,2003-01
PT_LAB_HW_008,eurostat,2,Labor_market_indicators,PT,Hours worked MIG non-durable consumer goods,STS_INLB_M,,"{""geo"": ""PT"", ""s_adj"": ""SCA"", ""unit"": ""I21"", ""startPeriod"": 2003, ""indic_bt"": ""HW"", ""nace_r2"": ""MIG_NDCOG""}",,,2003-01
SI_LAB_HW_008,eurostat,2,Labor_market_indicators,SI,Hours worked MIG non-durable consumer goods,STS_INLB_M,,"{""geo"": ""SI"", ""s_adj"": ""SCA"", ""unit"": ""I21"", ""startPeriod"": 2003, ""indic_bt"": ""HW"", ""nace_r2"": ""MIG_NDCOG""}",,,2003-01
SK_LAB_HW_008,eurostat,2,Labor_market_indicators,SK,Hours worked MIG non-durable consumer goods,STS_INLB_M,,"{""geo"": ""SK"", ""s_adj"": ""SCA"", ""unit"": ""I21"", ""startPeriod"": 2003, ""indic_bt"": ""HW"", ""nace_r2"": ""MIG_NDCOG""}",,,2003-01
AT_LAB_HW_010,eurostat,2,Labor_market_indicators,AT,Hours worked MIG energy,STS_INLB_M,,"{""geo"": ""AT"", ""s_adj"": ""SCA"", ""unit"": ""I21"", ""startPeriod"": 2003, ""indic_bt"": ""HW"", ""nace_r2"": ""MIG_NRG""}",,,2003-01
BE_LAB_HW_010,eurostat,2,Labor_market_indicators,BE,Hours worked MIG energy,STS_INLB_M,,"{""geo"": ""BE"", ""s_adj"": ""SCA"", ""unit"": ""I21"", ""startPeriod"": 2003, ""indic_bt"": ""HW"", ""nace_r2"": ""MIG_NRG""}",,,2003-01
CY_LAB_HW_010,eurostat,2,Labor_market_indicators,CY,Hours worked MIG energy,STS_INLB_M,,"{""geo"": ""CY"", ""s_adj"": ""SCA"", ""unit"": ""I21"", ""startPeriod"": 2003, ""indic_bt"": ""HW"", ""nace_r2"": ""MIG_NRG""}",,,2003-01
DE_LAB_HW_010,eurostat,2,Labor_market_indicators,DE,Hours worked MIG energy,STS_INLB_M,,"{""geo"": ""DE"", ""s_adj"": ""SCA"", ""unit"": ""I21"", ""startPeriod"": 2003, ""indic_bt"": ""HW"", ""nace_r2"": ""MIG_NRG""}",,,2003-01
EE_LAB_HW_010,eurostat,2,Labor_market_indicators,EE,Hours worked MIG energy,STS_INLB_M,,"{""geo"": ""EE"", ""s_adj"": ""SCA"", ""unit"": ""I21"", ""startPeriod"": 2003, ""indic_bt"": ""HW"", ""nace_r2"": ""MIG_NRG""}",,,2003-01
ES_LAB_HW_010,eurostat,2,Labor_market_indicators,ES,Hours worked MIG energy,STS_INLB_M,,"{""geo"": ""ES"", ""s_adj"": ""SCA"", ""unit"": ""I21"", ""startPeriod"": 2003, ""indic_bt"": ""HW"", ""nace_r2"": ""MIG_NRG""}",,,2003-01
FI_LAB_HW_010,eurostat,2,Labor_market_indicators,FI,Hours worked MIG energy,STS_INLB_M,,"{""geo"": ""FI"", ""s_adj"": ""SCA"", ""unit"": ""I21"", ""startPeriod"": 2003, ""indic_bt"": ""HW"", ""nace_r2"": ""MIG_NRG""}",,,2003-01
FR_LAB_HW_010,eurostat,2,Labor_market_indicators,FR,Hours worked MIG energy,STS_INLB_M,,"{""geo"": ""FR"", ""s_adj"": ""SCA"", ""unit"": ""I21"", ""startPeriod"": 2003, ""indic_bt"": ""HW"", ""nace_r2"": ""MIG_NRG""}",,,2003-01
GR_LAB_HW_010,eurostat,2,Labor_market_indicators,GR,Hours worked MIG energy,STS_INLB_M,,"{""geo"": ""EL"", ""s_adj"": ""SCA"", ""unit"": ""I21"", ""startPeriod"": 2003, ""indic_bt"": ""HW"", ""nace_r2"": ""MIG_NRG""}",,,2003-01
IE_LAB_HW_010,eurostat,2,Labor_market_indicators,IE,Hours worked MIG energy,STS_INLB_M,,"{""geo"": ""IE"", ""s_adj"": ""SCA"", ""unit"": ""I21"", ""startPeriod"": 2003, ""indic_bt"": ""HW"", ""nace_r2"": ""MIG_NRG""}",,,2003-01
IT_LAB_HW_010,eurostat,2,Labor_market_indicators,IT,Hours worked MIG energy,STS_INLB_M,,"{""geo"": ""IT"", ""s_adj"": ""SCA"", ""unit"": ""I21"", ""startPeriod"": 2003, ""indic_bt"": ""HW"", ""nace_r2"": ""MIG_NRG""}",,,2003-01
LT_LAB_HW_010,eurostat,2,Labor_market_indicators,LT,Hours worked MIG energy,STS_INLB_M,,"{""geo"": ""LT"", ""s_adj"": ""SCA"", ""unit"": ""I21"", ""startPeriod"": 2003, ""indic_bt"": ""HW"", ""nace_r2"": ""MIG_NRG""}",,,2003-01
LU_LAB_HW_010,eurostat,2,Labor_market_indicators,LU,Hours worked MIG energy,STS_INLB_M,,"{""geo"": ""LU"", ""s_adj"": ""SCA"", ""unit"": ""I21"", ""startPeriod"": 2003, ""indic_bt"": ""HW"", ""nace_r2"": ""MIG_NRG""}",,,2003-01
LV_LAB_HW_010,eurostat,2,Labor_market_indicators,LV,Hours worked MIG energy,STS_INLB_M,,"{""geo"": ""LV"", ""s_adj"": ""SCA"", ""unit"": ""I21"", ""startPeriod"": 2003, ""indic_bt"": ""HW"", ""nace_r2"": ""MIG_NRG""}",,,2003-01
MT_LAB_HW_010,eurostat,2,Labor_market_indicators,MT,Hours worked MIG energy,STS_INLB_M,,"{""geo"": ""MT"", ""s_adj"": ""SCA"", ""unit"": ""I21"", ""startPeriod"": 2003, ""indic_bt"": ""HW"", ""nace_r2"": ""MIG_NRG""}",,,2003-01
NL_LAB_HW_010,eurostat,2,Labor_market_indicators,NL,Hours worked MIG energy,STS_INLB_M,,"{""geo"": ""NL"", ""s_adj"": ""SCA"", ""unit"": ""I21"", ""startPeriod"": 2003, ""indic_bt"": ""HW"", ""nace_r2"": ""MIG_NRG""}",,,2003-01
PT_LAB_HW_010,eurostat,2,Labor_market_indicators,PT,Hours worked MIG energy,STS_INLB_M,,"{""geo"": ""PT"", ""s_adj"": ""SCA"", ""unit"": ""I21"", ""startPeriod"": 2003, ""indic_bt"": ""HW"", ""nace_r2"": ""MIG_NRG""}",,,2003-01
SI_LAB_HW_010,eurostat,2,Labor_market_indicators,SI,Hours worked MIG energy,STS_INLB_M,,"{""geo"": ""SI"", ""s_adj"": ""SCA"", ""unit"": ""I21"", ""startPeriod"": 2003, ""indic_bt"": ""HW"", ""nace_r2"": ""MIG_NRG""}",,,2003-01
SK_LAB_HW_010,eurostat,2,Labor_market_indicators,SK,Hours worked MIG energy,STS_INLB_M,,"{""geo"": ""SK"", ""s_adj"": ""SCA"", ""unit"": ""I21"", ""startPeriod"": 2003, ""indic_bt"": ""HW"", ""nace_r2"": ""MIG_NRG""}",,,2003-01
AT_LAB_EMP_011,eurostat,2,Labor_market_indicators,AT,Employment accommodation & food services (I),STS_SELB_M,,"{""geo"": ""AT"", ""s_adj"": ""SCA"", ""unit"": ""I21"", ""startPeriod"": 2003, ""indic_bt"": ""EMP"", ""nace_r2"": ""I""}",,,2003-01
BE_LAB_EMP_011,eurostat,2,Labor_market_indicators,BE,Employment accommodation & food services (I),STS_SELB_M,,"{""geo"": ""BE"", ""s_adj"": ""SCA"", ""unit"": ""I21"", ""startPeriod"": 2003, ""indic_bt"": ""EMP"", ""nace_r2"": ""I""}",,,2003-01
CY_LAB_EMP_011,eurostat,2,Labor_market_indicators,CY,Employment accommodation & food services (I),STS_SELB_M,,"{""geo"": ""CY"", ""s_adj"": ""SCA"", ""unit"": ""I21"", ""startPeriod"": 2003, ""indic_bt"": ""EMP"", ""nace_r2"": ""I""}",,,2003-01
DE_LAB_EMP_011,eurostat,2,Labor_market_indicators,DE,Employment accommodation & food services (I),STS_SELB_M,,"{""geo"": ""DE"", ""s_adj"": ""SCA"", ""unit"": ""I21"", ""startPeriod"": 2003, ""indic_bt"": ""EMP"", ""nace_r2"": ""I""}",,,2003-01
EE_LAB_EMP_011,eurostat,2,Labor_market_indicators,EE,Employment accommodation & food services (I),STS_SELB_M,,"{""geo"": ""EE"", ""s_adj"": ""SCA"", ""unit"": ""I21"", ""startPeriod"": 2003, ""indic_bt"": ""EMP"", ""nace_r2"": ""I""}",,,2003-01
ES_LAB_EMP_011,eurostat,2,Labor_market_indicators,ES,Employment accommodation & food services (I),STS_SELB_M,,"{""geo"": ""ES"", ""s_adj"": ""SCA"", ""unit"": ""I21"", ""startPeriod"": 2003, ""indic_bt"": ""EMP"", ""nace_r2"": ""I""}",,,2003-01
FI_LAB_EMP_011,eurostat,2,Labor_market_indicators,FI,Employment accommodation & food services (I),STS_SELB_M,,"{""geo"": ""FI"", ""s_adj"": ""SCA"", ""unit"": ""I21"", ""startPeriod"": 2003, ""indic_bt"": ""EMP"", ""nace_r2"": ""I""}",,,2003-01
FR_LAB_EMP_011,eurostat,2,Labor_market_indicators,FR,Employment accommodation & food services (I),STS_SELB_M,,"{""geo"": ""FR"", ""s_adj"": ""SCA"", ""unit"": ""I21"", ""startPeriod"": 2003, ""indic_bt"": ""EMP"", ""nace_r2"": ""I""}",,,2003-01
GR_LAB_EMP_011,eurostat,2,Labor_market_indicators,GR,Employment accommodation & food services (I),STS_SELB_M,,"{""geo"": ""EL"", ""s_adj"": ""SCA"", ""unit"": ""I21"", ""startPeriod"": 2003, ""indic_bt"": ""EMP"", ""nace_r2"": ""I""}",,,2003-01
IE_LAB_EMP_011,eurostat,2,Labor_market_indicators,IE,Employment accommodation & food services (I),STS_SELB_M,,"{""geo"": ""IE"", ""s_adj"": ""SCA"", ""unit"": ""I21"", ""startPeriod"": 2003, ""indic_bt"": ""EMP"", ""nace_r2"": ""I""}",,,2003-01
IT_LAB_EMP_011,eurostat,2,Labor_market_indicators,IT,Employment accommodation & food services (I),STS_SELB_M,,"{""geo"": ""IT"", ""s_adj"": ""SCA"", ""unit"": ""I21"", ""startPeriod"": 2003, ""indic_bt"": ""EMP"", ""nace_r2"": ""I""}",,,2003-01
LT_LAB_EMP_011,eurostat,2,Labor_market_indicators,LT,Employment accommodation & food services (I),STS_SELB_M,,"{""geo"": ""LT"", ""s_adj"": ""SCA"", ""unit"": ""I21"", ""startPeriod"": 2003, ""indic_bt"": ""EMP"", ""nace_r2"": ""I""}",,,2003-01
LU_LAB_EMP_011,eurostat,2,Labor_market_indicators,LU,Employment accommodation & food services (I),STS_SELB_M,,"{""geo"": ""LU"", ""s_adj"": ""SCA"", ""unit"": ""I21"", ""startPeriod"": 2003, ""indic_bt"": ""EMP"", ""nace_r2"": ""I""}",,,2003-01
LV_LAB_EMP_011,eurostat,2,Labor_market_indicators,LV,Employment accommodation & food services (I),STS_SELB_M,,"{""geo"": ""LV"", ""s_adj"": ""SCA"", ""unit"": ""I21"", ""startPeriod"": 2003, ""indic_bt"": ""EMP"", ""nace_r2"": ""I""}",,,2003-01
MT_LAB_EMP_011,eurostat,2,Labor_market_indicators,MT,Employment accommodation & food services (I),STS_SELB_M,,"{""geo"": ""MT"", ""s_adj"": ""SCA"", ""unit"": ""I21"", ""startPeriod"": 2003, ""indic_bt"": ""EMP"", ""nace_r2"": ""I""}",,,2003-01
NL_LAB_EMP_011,eurostat,2,Labor_market_indicators,NL,Employment accommodation & food services (I),STS_SELB_M,,"{""geo"": ""NL"", ""s_adj"": ""SCA"", ""unit"": ""I21"", ""startPeriod"": 2003, ""indic_bt"": ""EMP"", ""nace_r2"": ""I""}",,,2003-01
PT_LAB_EMP_011,eurostat,2,Labor_market_indicators,PT,Employment accommodation & food services (I),STS_SELB_M,,"{""geo"": ""PT"", ""s_adj"": ""SCA"", ""unit"": ""I21"", ""startPeriod"": 2003, ""indic_bt"": ""EMP"", ""nace_r2"": ""I""}",,,2003-01
SI_LAB_EMP_011,eurostat,2,Labor_market_indicators,SI,Employment accommodation & food services (I),STS_SELB_M,,"{""geo"": ""SI"", ""s_adj"": ""SCA"", ""unit"": ""I21"", ""startPeriod"": 2003, ""indic_bt"": ""EMP"", ""nace_r2"": ""I""}",,,2003-01
SK_LAB_EMP_011,eurostat,2,Labor_market_indicators,SK,Employment accommodation & food services (I),STS_SELB_M,,"{""geo"": ""SK"", ""s_adj"": ""SCA"", ""unit"": ""I21"", ""startPeriod"": 2003, ""indic_bt"": ""EMP"", ""nace_r2"": ""I""}",,,2003-01
AT_UNEMP_001,eurostat,2,Labor_market_indicators,AT,Unemployment rate total,UNE_RT_M,,"{""geo"": ""AT"", ""s_adj"": ""SA"", ""unit"": ""PC_ACT"", ""age"": ""TOTAL"", ""sex"": ""T"", ""startPeriod"": 2003}",,,2003-01
BE_UNEMP_001,eurostat,2,Labor_market_indicators,BE,Unemployment rate total,UNE_RT_M,,"{""geo"": ""BE"", ""s_adj"": ""SA"", ""unit"": ""PC_ACT"", ""age"": ""TOTAL"", ""sex"": ""T"", ""startPeriod"": 2003}",,,2003-01
CY_UNEMP_001,eurostat,2,Labor_market_indicators,CY,Unemployment rate total,UNE_RT_M,,"{""geo"": ""CY"", ""s_adj"": ""SA"", ""unit"": ""PC_ACT"", ""age"": ""TOTAL"", ""sex"": ""T"", ""startPeriod"": 2003}",,,2003-01
DE_UNEMP_001,eurostat,2,Labor_market_indicators,DE,Unemployment rate total,UNE_RT_M,,"{""geo"": ""DE"", ""s_adj"": ""SA"", ""unit"": ""PC_ACT"", ""age"": ""TOTAL"", ""sex"": ""T"", ""startPeriod"": 2003}",,,2003-01
EE_UNEMP_001,eurostat,2,Labor_market_indicators,EE,Unemployment rate total,UNE_RT_M,,"{""geo"": ""EE"", ""s_adj"": ""SA"", ""unit"": ""PC_ACT"", ""age"": ""TOTAL"", ""sex"": ""T"", ""startPeriod"": 2003}",,,2003-01
ES_UNEMP_001,eurostat,2,Labor_market_indicators,ES,Unemployment rate total,UNE_RT_M,,"{""geo"": ""ES"", ""s_adj"": ""SA"", ""unit"": ""PC_ACT"", ""age"": ""TOTAL"", ""sex"": ""T"", ""startPeriod"": 2003}",,,2003-01
FI_UNEMP_001,eurostat,2,Labor_market_indicators,FI,Unemployment rate total,UNE_RT_M,,"{""geo"": ""FI"", ""s_adj"": ""SA"", ""unit"": ""PC_ACT"", ""age"": ""TOTAL"", ""sex"": ""T"", ""startPeriod"": 2003}",,,2003-01
FR_UNEMP_001,eurostat,2,Labor_market_indicators,FR,Unemployment rate total,UNE_RT_M,,"{""geo"": ""FR"", ""s_adj"": ""SA"", ""unit"": ""PC_ACT"", ""age"": ""TOTAL"", ""sex"": ""T"", ""startPeriod"": 2003}",,,2003-01
GR_UNEMP_001,eurostat,2,Labor_market_indicators,GR,Unemployment rate total,UNE_RT_M,,"{""geo"": ""EL"", ""s_adj"": ""SA"", ""unit"": ""PC_ACT"", ""age"": ""TOTAL"", ""sex"": ""T"", ""startPeriod"": 2003}",,,2003-01
IE_UNEMP_001,eurostat,2,Labor_market_indicators,IE,Unemployment rate total,UNE_RT_M,,"{""geo"": ""IE"", ""s_adj"": ""SA"", ""unit"": ""PC_ACT"", ""age"": ""TOTAL"", ""sex"": ""T"", ""startPeriod"": 2003}",,,2003-01
IT_UNEMP_001,eurostat,2,Labor_market_indicators,IT,Unemployment rate total,UNE_RT_M,,"{""geo"": ""IT"", ""s_adj"": ""SA"", ""unit"": ""PC_ACT"", ""age"": ""TOTAL"", ""sex"": ""T"", ""startPeriod"": 2003}",,,2003-01
LT_UNEMP_001,eurostat,2,Labor_market_indicators,LT,Unemployment rate total,UNE_RT_M,,"{""geo"": ""LT"", ""s_adj"": ""SA"", ""unit"": ""PC_ACT"", ""age"": ""TOTAL"", ""sex"": ""T"", ""startPeriod"": 2003}",,,2003-01
LU_UNEMP_001,eurostat,2,Labor_market_indicators,LU,Unemployment rate total,UNE_RT_M,,"{""geo"": ""LU"", ""s_adj"": ""SA"", ""unit"": ""PC_ACT"", ""age"": ""TOTAL"", ""sex"": ""T"", ""startPeriod"": 2003}",,,2003-01
LV_UNEMP_001,eurostat,2,Labor_market_indicators,LV,Unemployment rate total,UNE_RT_M,,"{""geo"": ""LV"", ""s_adj"": ""SA"", ""unit"": ""PC_ACT"", ""age"": ""TOTAL"", ""sex"": ""T"", ""startPeriod"": 2003}",,,2003-01
MT_UNEMP_001,eurostat,2,Labor_market_indicators,MT,Unemployment rate total,UNE_RT_M,,"{""geo"": ""MT"", ""s_adj"": ""SA"", ""unit"": ""PC_ACT"", ""age"": ""TOTAL"", ""sex"": ""T"", ""startPeriod"": 2003}",,,2003-01
NL_UNEMP_001,eurostat,2,Labor_market_indicators,NL,Unemployment rate total,UNE_RT_M,,"{""geo"": ""NL"", ""s_adj"": ""SA"", ""unit"": ""PC_ACT"", ""age"": ""TOTAL"", ""sex"": ""T"", ""startPeriod"": 2003}",,,2003-01
PT_UNEMP_001,eurostat,2,Labor_market_indicators,PT,Unemployment rate total,UNE_RT_M,,"{""geo"": ""PT"", ""s_adj"": ""SA"", ""unit"": ""PC_ACT"", ""age"": ""TOTAL"", ""sex"": ""T"", ""startPeriod"": 2003}",,,2003-01
SI_UNEMP_001,eurostat,2,Labor_market_indicators,SI,Unemployment rate total,UNE_RT_M,,"{""geo"": ""SI"", ""s_adj"": ""SA"", ""unit"": ""PC_ACT"", ""age"": ""TOTAL"", ""sex"": ""T"", ""startPeriod"": 2003}",,,2003-01
SK_UNEMP_001,eurostat,2,Labor_market_indicators,SK,Unemployment rate total,UNE_RT_M,,"{""geo"": ""SK"", ""s_adj"": ""SA"", ""unit"": ""PC_ACT"", ""age"": ""TOTAL"", ""sex"": ""T"", ""startPeriod"": 2003}",,,2003-01
AT_PPI_001,eurostat,3,Prices,AT,PPI manufacturing,STS_INPP_M,,"{""geo"": ""AT"", ""s_adj"": ""NSA"", ""unit"": ""I21"", ""startPeriod"": 2003, ""nace_r2"": ""C""}",,,2003-01
BE_PPI_001,eurostat,3,Prices,BE,PPI manufacturing,STS_INPP_M,,"{""geo"": ""BE"", ""s_adj"": ""NSA"", ""unit"": ""I21"", ""startPeriod"": 2003, ""nace_r2"": ""C""}",,,2003-01
CY_PPI_001,eurostat,3,Prices,CY,PPI manufacturing,STS_INPP_M,,"{""geo"": ""CY"", ""s_adj"": ""NSA"", ""unit"": ""I21"", ""startPeriod"": 2003, ""nace_r2"": ""C""}",,,2003-01
DE_PPI_001,eurostat,3,Prices,DE,PPI manufacturing,STS_INPP_M,,"{""geo"": ""DE"", ""s_adj"": ""NSA"", ""unit"": ""I21"", ""startPeriod"": 2003, ""nace_r2"": ""C""}",,,2003-01
EE_PPI_001,eurostat,3,Prices,EE,PPI manufacturing,STS_INPP_M,,"{""geo"": ""EE"", ""s_adj"": ""NSA"", ""unit"": ""I21"", ""startPeriod"": 2003, ""nace_r2"": ""C""}",,,2003-01
ES_PPI_001,eurostat,3,Prices,ES,PPI manufacturing,STS_INPP_M,,"{""geo"": ""ES"", ""s_adj"": ""NSA"", ""unit"": ""I21"", ""startPeriod"": 2003, ""nace_r2"": ""C""}",,,2003-01
FI_PPI_001,eurostat,3,Prices,FI,PPI manufacturing,STS_INPP_M,,"{""geo"": ""FI"", ""s_adj"": ""NSA"", ""unit"": ""I21"", ""startPeriod"": 2003, ""nace_r2"": ""C""}",,,2003-01
FR_PPI_001,eurostat,3,Prices,FR,PPI manufacturing,STS_INPP_M,,"{""geo"": ""FR"", ""s_adj"": ""NSA"", ""unit"": ""I21"", ""startPeriod"": 2003, ""nace_r2"": ""C""}",,,2003-01
GR_PPI_001,eurostat,3,Prices,GR,PPI manufacturing,STS_INPP_M,,"{""geo"": ""EL"", ""s_adj"": ""NSA"", ""unit"": ""I21"", ""startPeriod"": 2003, ""nace_r2"": ""C""}",,,2003-01
IE_PPI_001,eurostat,3,Prices,IE,PPI manufacturing,STS_INPP_M,,"{""geo"": ""IE"", ""s_adj"": ""NSA"", ""unit"": ""I21"", ""startPeriod"": 2003, ""nace_r2"": ""C""}",,,2003-01
IT_PPI_001,eurostat,3,Prices,IT,PPI manufacturing,STS_INPP_M,,"{""geo"": ""IT"", ""s_adj"": ""NSA"", ""unit"": ""I21"", ""startPeriod"": 2003, ""nace_r2"": ""C""}",,,2003-01
LT_PPI_001,eurostat,3,Prices,LT,PPI manufacturing,STS_INPP_M,,"{""geo"": ""LT"", ""s_adj"": ""NSA"", ""unit"": ""I21"", ""startPeriod"": 2003, ""nace_r2"": ""C""}",,,2003-01
LU_PPI_001,eurostat,3,Prices,LU,PPI manufacturing,STS_INPP_M,,"{""geo"": ""LU"", ""s_adj"": ""NSA"", ""unit"": ""I21"", ""startPeriod"": 2003, ""nace_r2"": ""C""}",,,2003-01
LV_PPI_001,eurostat,3,Prices,LV,PPI manufacturing,STS_INPP_M,,"{""geo"": ""LV"", ""s_adj"": ""NSA"", ""unit"": ""I21"", ""startPeriod"": 2003, ""nace_r2"": ""C""}",,,2003-01
MT_PPI_001,eurostat,3,Prices,MT,PPI manufacturing,STS_INPP_M,,"{""geo"": ""MT"", ""s_adj"": ""NSA"", ""unit"": ""I21"", ""startPeriod"": 2003, ""nace_r2"": ""C""}",,,2003-01
NL_PPI_001,eurostat,3,Prices,NL,PPI manufacturing,STS_INPP_M,,"{""geo"": ""NL"", ""s_adj"": ""NSA"", ""unit"": ""I21"", ""startPeriod"": 2003, ""nace_r2"": ""C""}",,,2003-01
PT_PPI_001,eurostat,3,Prices,PT,PPI manufacturing,STS_INPP_M,,"{""geo"": ""PT"", ""s_adj"": ""NSA"", ""unit"": ""I21"", ""startPeriod"": 2003, ""nace_r2"": ""C""}",,,2003-01
SI_PPI_001,eurostat,3,Prices,SI,PPI manufacturing,STS_INPP_M,,"{""geo"": ""SI"", ""s_adj"": ""NSA"", ""unit"": ""I21"", ""startPeriod"": 2003, ""nace_r2"": ""C""}",,,2003-01
SK_PPI_001,eurostat,3,Prices,SK,PPI manufacturing,STS_INPP_M,,"{""geo"": ""SK"", ""s_adj"": ""NSA"", ""unit"": ""I21"", ""startPeriod"": 2003, ""nace_r2"": ""C""}",,,2003-01
AT_PPI_002,eurostat,3,Prices,AT,PPI total industry excl construction,STS_INPP_M,,"{""geo"": ""AT"", ""s_adj"": ""NSA"", ""unit"": ""I21"", ""startPeriod"": 2003, ""nace_r2"": ""B-E36""}",,,2003-01
BE_PPI_002,eurostat,3,Prices,BE,PPI total industry excl construction,STS_INPP_M,,"{""geo"": ""BE"", ""s_adj"": ""NSA"", ""unit"": ""I21"", ""startPeriod"": 2003, ""nace_r2"": ""B-E36""}",,,2003-01
CY_PPI_002,eurostat,3,Prices,CY,PPI total industry excl construction,STS_INPP_M,,"{""geo"": ""CY"", ""s_adj"": ""NSA"", ""unit"": ""I21"", ""startPeriod"": 2003, ""nace_r2"": ""B-E36""}",,,2003-01
DE_PPI_002,eurostat,3,Prices,DE,PPI total industry excl construction,STS_INPP_M,,"{""geo"": ""DE"", ""s_adj"": ""NSA"", ""unit"": ""I21"", ""startPeriod"": 2003, ""nace_r2"": ""B-E36""}",,,2003-01
EE_PPI_002,eurostat,3,Prices,EE,PPI total industry excl construction,STS_INPP_M,,"{""geo"": ""EE"", ""s_adj"": ""NSA"", ""unit"": ""I21"", ""startPeriod"": 2003, ""nace_r2"": ""B-E36""}",,,2003-01
ES_PPI_002,eurostat,3,Prices,ES,PPI total industry excl construction,STS_INPP_M,,"{""geo"": ""ES"", ""s_adj"": ""NSA"", ""unit"": ""I21"", ""startPeriod"": 2003, ""nace_r2"": ""B-E36""}",,,2003-01
FI_PPI_002,eurostat,3,Prices,FI,PPI total industry excl construction,STS_INPP_M,,"{""geo"": ""FI"", ""s_adj"": ""NSA"", ""unit"": ""I21"", ""startPeriod"": 2003, ""nace_r2"": ""B-E36""}",,,2003-01
FR_PPI_002,eurostat,3,Prices,FR,PPI total industry excl construction,STS_INPP_M,,"{""geo"": ""FR"", ""s_adj"": ""NSA"", ""unit"": ""I21"", ""startPeriod"": 2003, ""nace_r2"": ""B-E36""}",,,2003-01
GR_PPI_002,eurostat,3,Prices,GR,PPI total industry excl construction,STS_INPP_M,,"{""geo"": ""EL"", ""s_adj"": ""NSA"", ""unit"": ""I21"", ""startPeriod"": 2003, ""nace_r2"": ""B-E36""}",,,2003-01
IE_PPI_002,eurostat,3,Prices,IE,PPI total industry excl construction,STS_INPP_M,,"{""geo"": ""IE"", ""s_adj"": ""NSA"", ""unit"": ""I21"", ""startPeriod"": 2003, ""nace_r2"": ""B-E36""}",,,2003-01
IT_PPI_002,eurostat,3,Prices,IT,PPI total industry excl construction,STS_INPP_M,,"{""geo"": ""IT"", ""s_adj"": ""NSA"", ""unit"": ""I21"", ""startPeriod"": 2003, ""nace_r2"": ""B-E36""}",,,2003-01
LT_PPI_002,eurostat,3,Prices,LT,PPI total industry excl construction,STS_INPP_M,,"{""geo"": ""LT"", ""s_adj"": ""NSA"", ""unit"": ""I21"", ""startPeriod"": 2003, ""nace_r2"": ""B-E36""}",,,2003-01
LU_PPI_002,eurostat,3,Prices,LU,PPI total industry excl construction,STS_INPP_M,,"{""geo"": ""LU"", ""s_adj"": ""NSA"", ""unit"": ""I21"", ""startPeriod"": 2003, ""nace_r2"": ""B-E36""}",,,2003-01
LV_PPI_002,eurostat,3,Prices,LV,PPI total industry excl construction,STS_INPP_M,,"{""geo"": ""LV"", ""s_adj"": ""NSA"", ""unit"": ""I21"", ""startPeriod"": 2003, ""nace_r2"": ""B-E36""}",,,2003-01
MT_PPI_002,eurostat,3,Prices,MT,PPI total industry excl construction,STS_INPP_M,,"{""geo"": ""MT"", ""s_adj"": ""NSA"", ""unit"": ""I21"", ""startPeriod"": 2003, ""nace_r2"": ""B-E36""}",,,2003-01
NL_PPI_002,eurostat,3,Prices,NL,PPI total industry excl construction,STS_INPP_M,,"{""geo"": ""NL"", ""s_adj"": ""NSA"", ""unit"": ""I21"", ""startPeriod"": 2003, ""nace_r2"": ""B-E36""}",,,2003-01
PT_PPI_002,eurostat,3,Prices,PT,PPI total industry excl construction,STS_INPP_M,,"{""geo"": ""PT"", ""s_adj"": ""NSA"", ""unit"": ""I21"", ""startPeriod"": 2003, ""nace_r2"": ""B-E36""}",,,2003-01
SI_PPI_002,eurostat,3,Prices,SI,PPI total industry excl construction,STS_INPP_M,,"{""geo"": ""SI"", ""s_adj"": ""NSA"", ""unit"": ""I21"", ""startPeriod"": 2003, ""nace_r2"": ""B-E36""}",,,2003-01
SK_PPI_002,eurostat,3,Prices,SK,PPI total industry excl construction,STS_INPP_M,,"{""geo"": ""SK"", ""s_adj"": ""NSA"", ""unit"": ""I21"", ""startPeriod"": 2003, ""nace_r2"": ""B-E36""}",,,2003-01
AT_PPI_003,eurostat,3,Prices,AT,PPI MIG intermediate goods,STS_INPP_M,,"{""geo"": ""AT"", ""s_adj"": ""NSA"", ""unit"": ""I21"", ""startPeriod"": 2003, ""nace_r2"": ""MIG_ING""}",,,2003-01
BE_PPI_003,eurostat,3,Prices,BE,PPI MIG intermediate goods,STS_INPP_M,,"{""geo"": ""BE"", ""s_adj"": ""NSA"", ""unit"": ""I21"", ""startPeriod"": 2003, ""nace_r2"": ""MIG_ING""}",,,2003-01
CY_PPI_003,eurostat,3,Prices,CY,PPI MIG intermediate goods,STS_INPP_M,,"{""geo"": ""CY"", ""s_adj"": ""NSA"", ""unit"": ""I21"", ""startPeriod"": 2003, ""nace_r2"": ""MIG_ING""}",,,2003-01
DE_PPI_003,eurostat,3,Prices,DE,PPI MIG intermediate goods,STS_INPP_M,,"{""geo"": ""DE"", ""s_adj"": ""NSA"", ""unit"": ""I21"", ""startPeriod"": 2003, ""nace_r2"": ""MIG_ING""}",,,2003-01
EE_PPI_003,eurostat,3,Prices,EE,PPI MIG intermediate goods,STS_INPP_M,,"{""geo"": ""EE"", ""s_adj"": ""NSA"", ""unit"": ""I21"", ""startPeriod"": 2003, ""nace_r2"": ""MIG_ING""}",,,2003-01
ES_PPI_003,eurostat,3,Prices,ES,PPI MIG intermediate goods,STS_INPP_M,,"{""geo"": ""ES"", ""s_adj"": ""NSA"", ""unit"": ""I21"", ""startPeriod"": 2003, ""nace_r2"": ""MIG_ING""}",,,2003-01
FI_PPI_003,eurostat,3,Prices,FI,PPI MIG intermediate goods,STS_INPP_M,,"{""geo"": ""FI"", ""s_adj"": ""NSA"", ""unit"": ""I21"", ""startPeriod"": 2003, ""nace_r2"": ""MIG_ING""}",,,2003-01
FR_PPI_003,eurostat,3,Prices,FR,PPI MIG intermediate goods,STS_INPP_M,,"{""geo"": ""FR"", ""s_adj"": ""NSA"", ""unit"": ""I21"", ""startPeriod"": 2003, ""nace_r2"": ""MIG_ING""}",,,2003-01
GR_PPI_003,eurostat,3,Prices,GR,PPI MIG intermediate goods,STS_INPP_M,,"{""geo"": ""EL"", ""s_adj"": ""NSA"", ""unit"": ""I21"", ""startPeriod"": 2003, ""nace_r2"": ""MIG_ING""}",,,2003-01
IE_PPI_003,eurostat,3,Prices,IE,PPI MIG intermediate goods,STS_INPP_M,,"{""geo"": ""IE"", ""s_adj"": ""NSA"", ""unit"": ""I21"", ""startPeriod"": 2003, ""nace_r2"": ""MIG_ING""}",,,2003-01
IT_PPI_003,eurostat,3,Prices,IT,PPI MIG intermediate goods,STS_INPP_M,,"{""geo"": ""IT"", ""s_adj"": ""NSA"", ""unit"": ""I21"", ""startPeriod"": 2003, ""nace_r2"": ""MIG_ING""}",,,2003-01
LT_PPI_003,eurostat,3,Prices,LT,PPI MIG intermediate goods,STS_INPP_M,,"{""geo"": ""LT"", ""s_adj"": ""NSA"", ""unit"": ""I21"", ""startPeriod"": 2003, ""nace_r2"": ""MIG_ING""}",,,2003-01
LU_PPI_003,eurostat,3,Prices,LU,PPI MIG intermediate goods,STS_INPP_M,,"{""geo"": ""LU"", ""s_adj"": ""NSA"", ""unit"": ""I21"", ""startPeriod"": 2003, ""nace_r2"": ""MIG_ING""}",,,2003-01
LV_PPI_003,eurostat,3,Prices,LV,PPI MIG intermediate goods,STS_INPP_M,,"{""geo"": ""LV"", ""s_adj"": ""NSA"", ""unit"": ""I21"", ""startPeriod"": 2003, ""nace_r2"": ""MIG_ING""}",,,2003-01
MT_PPI_003,eurostat,3,Prices,MT,PPI MIG intermediate goods,STS_INPP_M,,"{""geo"": ""MT"", ""s_adj"": ""NSA"", ""unit"": ""I21"", ""startPeriod"": 2003, ""nace_r2"": ""MIG_ING""}",,,2003-01
NL_PPI_003,eurostat,3,Prices,NL,PPI MIG intermediate goods,STS_INPP_M,,"{""geo"": ""NL"", ""s_adj"": ""NSA"", ""unit"": ""I21"", ""startPeriod"": 2003, ""nace_r2"": ""MIG_ING""}",,,2003-01
PT_PPI_003,eurostat,3,Prices,PT,PPI MIG intermediate goods,STS_INPP_M,,"{""geo"": ""PT"", ""s_adj"": ""NSA"", ""unit"": ""I21"", ""startPeriod"": 2003, ""nace_r2"": ""MIG_ING""}",,,2003-01
SI_PPI_003,eurostat,3,Prices,SI,PPI MIG intermediate goods,STS_INPP_M,,"{""geo"": ""SI"", ""s_adj"": ""NSA"", ""unit"": ""I21"", ""startPeriod"": 2003, ""nace_r2"": ""MIG_ING""}",,,2003-01
SK_PPI_003,eurostat,3,Prices,SK,PPI MIG intermediate goods,STS_INPP_M,,"{""geo"": ""SK"", ""s_adj"": ""NSA"", ""unit"": ""I21"", ""startPeriod"": 2003, ""nace_r2"": ""MIG_ING""}",,,2003-01
AT_PPI_004,eurostat,3,Prices,AT,PPI MIG capital goods,STS_INPP_M,,"{""geo"": ""AT"", ""s_adj"": ""NSA"", ""unit"": ""I21"", ""startPeriod"": 2003, ""nace_r2"": ""MIG_CAG""}",,,2003-01
BE_PPI_004,eurostat,3,Prices,BE,PPI MIG capital goods,STS_INPP_M,,"{""geo"": ""BE"", ""s_adj"": ""NSA"", ""unit"": ""I21"", ""startPeriod"": 2003, ""nace_r2"": ""MIG_CAG""}",,,2003-01
CY_PPI_004,eurostat,3,Prices,CY,PPI MIG capital goods,STS_INPP_M,,"{""geo"": ""CY"", ""s_adj"": ""NSA"", ""unit"": ""I21"", ""startPeriod"": 2003, ""nace_r2"": ""MIG_CAG""}",,,2003-01
DE_PPI_004,eurostat,3,Prices,DE,PPI MIG capital goods,STS_INPP_M,,"{""geo"": ""DE"", ""s_adj"": ""NSA"", ""unit"": ""I21"", ""startPeriod"": 2003, ""nace_r2"": ""MIG_CAG""}",,,2003-01
EE_PPI_004,eurostat,3,Prices,EE,PPI MIG capital goods,STS_INPP_M,,"{""geo"": ""EE"", ""s_adj"": ""NSA"", ""unit"": ""I21"", ""startPeriod"": 2003, ""nace_r2"": ""MIG_CAG""}",,,2003-01
ES_PPI_004,eurostat,3,Prices,ES,PPI MIG capital goods,STS_INPP_M,,"{""geo"": ""ES"", ""s_adj"": ""NSA"", ""unit"": ""I21"", ""startPeriod"": 2003, ""nace_r2"": ""MIG_CAG""}",,,2003-01
FI_PPI_004,eurostat,3,Prices,FI,PPI MIG capital goods,STS_INPP_M,,"{""geo"": ""FI"", ""s_adj"": ""NSA"", ""unit"": ""I21"", ""startPeriod"": 2003, ""nace_r2"": ""MIG_CAG""}",,,2003-01
FR_PPI_004,eurostat,3,Prices,FR,PPI MIG capital goods,STS_INPP_M,,"{""geo"": ""FR"", ""s_adj"": ""NSA"", ""unit"": ""I21"", ""startPeriod"": 2003, ""nace_r2"": ""MIG_CAG""}",,,2003-01
GR_PPI_004,eurostat,3,Prices,GR,PPI MIG capital goods,STS_INPP_M,,"{""geo"": ""EL"", ""s_adj"": ""NSA"", ""unit"": ""I21"", ""startPeriod"": 2003, ""nace_r2"": ""MIG_CAG""}",,,2003-01
IE_PPI_004,eurostat,3,Prices,IE,PPI MIG capital goods,STS_INPP_M,,"{""geo"": ""IE"", ""s_adj"": ""NSA"", ""unit"": ""I21"", ""startPeriod"": 2003, ""nace_r2"": ""MIG_CAG""}",,,2003-01
IT_PPI_004,eurostat,3,Prices,IT,PPI MIG capital goods,STS_INPP_M,,"{""geo"": ""IT"", ""s_adj"": ""NSA"", ""unit"": ""I21"", ""startPeriod"": 2003, ""nace_r2"": ""MIG_CAG""}",,,2003-01
LT_PPI_004,eurostat,3,Prices,LT,PPI MIG capital goods,STS_INPP_M,,"{""geo"": ""LT"", ""s_adj"": ""NSA"", ""unit"": ""I21"", ""startPeriod"": 2003, ""nace_r2"": ""MIG_CAG""}",,,2003-01
LU_PPI_004,eurostat,3,Prices,LU,PPI MIG capital goods,STS_INPP_M,,"{""geo"": ""LU"", ""s_adj"": ""NSA"", ""unit"": ""I21"", ""startPeriod"": 2003, ""nace_r2"": ""MIG_CAG""}",,,2003-01
LV_PPI_004,eurostat,3,Prices,LV,PPI MIG capital goods,STS_INPP_M,,"{""geo"": ""LV"", ""s_adj"": ""NSA"", ""unit"": ""I21"", ""startPeriod"": 2003, ""nace_r2"": ""MIG_CAG""}",,,2003-01
MT_PPI_004,eurostat,3,Prices,MT,PPI MIG capital goods,STS_INPP_M,,"{""geo"": ""MT"", ""s_adj"": ""NSA"", ""unit"": ""I21"", ""startPeriod"": 2003, ""nace_r2"": ""MIG_CAG""}",,,2003-01
NL_PPI_004,eurostat,3,Prices,NL,PPI MIG capital goods,STS_INPP_M,,"{""geo"": ""NL"", ""s_adj"": ""NSA"", ""unit"": ""I21"", ""startPeriod"": 2003, ""nace_r2"": ""MIG_CAG""}",,,2003-01
PT_PPI_004,eurostat,3,Prices,PT,PPI MIG capital goods,STS_INPP_M,,"{""geo"": ""PT"", ""s_adj"": ""NSA"", ""unit"": ""I21"", ""startPeriod"": 2003, ""nace_r2"": ""MIG_CAG""}",,,2003-01
SI_PPI_004,eurostat,3,Prices,SI,PPI MIG capital goods,STS_INPP_M,,"{""geo"": ""SI"", ""s_adj"": ""NSA"", ""unit"": ""I21"", ""startPeriod"": 2003, ""nace_r2"": ""MIG_CAG""}",,,2003-01
SK_PPI_004,eurostat,3,Prices,SK,PPI MIG capital goods,STS_INPP_M,,"{""geo"": ""SK"", ""s_adj"": ""NSA"", ""unit"": ""I21"", ""startPeriod"": 2003, ""nace_r2"": ""MIG_CAG""}",,,2003-01
AT_PPI_005,eurostat,3,Prices,AT,PPI MIG durable consumer goods,STS_INPP_M,,"{""geo"": ""AT"", ""s_adj"": ""NSA"", ""unit"": ""I21"", ""startPeriod"": 2003, ""nace_r2"": ""MIG_DCOG""}",,,2003-01
BE_PPI_005,eurostat,3,Prices,BE,PPI MIG durable consumer goods,STS_INPP_M,,"{""geo"": ""BE"", ""s_adj"": ""NSA"", ""unit"": ""I21"", ""startPeriod"": 2003, ""nace_r2"": ""MIG_DCOG""}",,,2003-01
CY_PPI_005,eurostat,3,Prices,CY,PPI MIG durable consumer goods,STS_INPP_M,,"{""geo"": ""CY"", ""s_adj"": ""NSA"", ""unit"": ""I21"", ""startPeriod"": 2003, ""nace_r2"": ""MIG_DCOG""}",,,2003-01
DE_PPI_005,eurostat,3,Prices,DE,PPI MIG durable consumer goods,STS_INPP_M,,"{""geo"": ""DE"", ""s_adj"": ""NSA"", ""unit"": ""I21"", ""startPeriod"": 2003, ""nace_r2"": ""MIG_DCOG""}",,,2003-01
EE_PPI_005,eurostat,3,Prices,EE,PPI MIG durable consumer goods,STS_INPP_M,,"{""geo"": ""EE"", ""s_adj"": ""NSA"", ""unit"": ""I21"", ""startPeriod"": 2003, ""nace_r2"": ""MIG_DCOG""}",,,2003-01
ES_PPI_005,eurostat,3,Prices,ES,PPI MIG durable consumer goods,STS_INPP_M,,"{""geo"": ""ES"", ""s_adj"": ""NSA"", ""unit"": ""I21"", ""startPeriod"": 2003, ""nace_r2"": ""MIG_DCOG""}",,,2003-01
FI_PPI_005,eurostat,3,Prices,FI,PPI MIG durable consumer goods,STS_INPP_M,,"{""geo"": ""FI"", ""s_adj"": ""NSA"", ""unit"": ""I21"", ""startPeriod"": 2003, ""nace_r2"": ""MIG_DCOG""}",,,2003-01
FR_PPI_005,eurostat,3,Prices,FR,PPI MIG durable consumer goods,STS_INPP_M,,"{""geo"": ""FR"", ""s_adj"": ""NSA"", ""unit"": ""I21"", ""startPeriod"": 2003, ""nace_r2"": ""MIG_DCOG""}",,,2003-01
GR_PPI_005,eurostat,3,Prices,GR,PPI MIG durable consumer goods,STS_INPP_M,,"{""geo"": ""EL"", ""s_adj"": ""NSA"", ""unit"": ""I21"", ""startPeriod"": 2003, ""nace_r2"": ""MIG_DCOG""}",,,2003-01
IE_PPI_005,eurostat,3,Prices,IE,PPI MIG durable consumer goods,STS_INPP_M,,"{""geo"": ""IE"", ""s_adj"": ""NSA"", ""unit"": ""I21"", ""startPeriod"": 2003, ""nace_r2"": ""MIG_DCOG""}",,,2003-01
IT_PPI_005,eurostat,3,Prices,IT,PPI MIG durable consumer goods,STS_INPP_M,,"{""geo"": ""IT"", ""s_adj"": ""NSA"", ""unit"": ""I21"", ""startPeriod"": 2003, ""nace_r2"": ""MIG_DCOG""}",,,2003-01
LT_PPI_005,eurostat,3,Prices,LT,PPI MIG durable consumer goods,STS_INPP_M,,"{""geo"": ""LT"", ""s_adj"": ""NSA"", ""unit"": ""I21"", ""startPeriod"": 2003, ""nace_r2"": ""MIG_DCOG""}",,,2003-01
LU_PPI_005,eurostat,3,Prices,LU,PPI MIG durable consumer goods,STS_INPP_M,,"{""geo"": ""LU"", ""s_adj"": ""NSA"", ""unit"": ""I21"", ""startPeriod"": 2003, ""nace_r2"": ""MIG_DCOG""}",,,2003-01
LV_PPI_005,eurostat,3,Prices,LV,PPI MIG durable consumer goods,STS_INPP_M,,"{""geo"": ""LV"", ""s_adj"": ""NSA"", ""unit"": ""I21"", ""startPeriod"": 2003, ""nace_r2"": ""MIG_DCOG""}",,,2003-01
MT_PPI_005,eurostat,3,Prices,MT,PPI MIG durable consumer goods,STS_INPP_M,,"{""geo"": ""MT"", ""s_adj"": ""NSA"", ""unit"": ""I21"", ""startPeriod"": 2003, ""nace_r2"": ""MIG_DCOG""}",,,2003-01
NL_PPI_005,eurostat,3,Prices,NL,PPI MIG durable consumer goods,STS_INPP_M,,"{""geo"": ""NL"", ""s_adj"": ""NSA"", ""unit"": ""I21"", ""startPeriod"": 2003, ""nace_r2"": ""MIG_DCOG""}",,,2003-01
PT_PPI_005,eurostat,3,Prices,PT,PPI MIG durable consumer goods,STS_INPP_M,,"{""geo"": ""PT"", ""s_adj"": ""NSA"", ""unit"": ""I21"", ""startPeriod"": 2003, ""nace_r2"": ""MIG_DCOG""}",,,2003-01
SI_PPI_005,eurostat,3,Prices,SI,PPI MIG durable consumer goods,STS_INPP_M,,"{""geo"": ""SI"", ""s_adj"": ""NSA"", ""unit"": ""I21"", ""startPeriod"": 2003, ""nace_r2"": ""MIG_DCOG""}",,,2003-01
SK_PPI_005,eurostat,3,Prices,SK,PPI MIG durable consumer goods,STS_INPP_M,,"{""geo"": ""SK"", ""s_adj"": ""NSA"", ""unit"": ""I21"", ""startPeriod"": 2003, ""nace_r2"": ""MIG_DCOG""}",,,2003-01
AT_PPI_006,eurostat,3,Prices,AT,PPI MIG non-durable consumer goods,STS_INPP_M,,"{""geo"": ""AT"", ""s_adj"": ""NSA"", ""unit"": ""I21"", ""startPeriod"": 2003, ""nace_r2"": ""MIG_NDCOG""}",,,2003-01
BE_PPI_006,eurostat,3,Prices,BE,PPI MIG non-durable consumer goods,STS_INPP_M,,"{""geo"": ""BE"", ""s_adj"": ""NSA"", ""unit"": ""I21"", ""startPeriod"": 2003, ""nace_r2"": ""MIG_NDCOG""}",,,2003-01
CY_PPI_006,eurostat,3,Prices,CY,PPI MIG non-durable consumer goods,STS_INPP_M,,"{""geo"": ""CY"", ""s_adj"": ""NSA"", ""unit"": ""I21"", ""startPeriod"": 2003, ""nace_r2"": ""MIG_NDCOG""}",,,2003-01
DE_PPI_006,eurostat,3,Prices,DE,PPI MIG non-durable consumer goods,STS_INPP_M,,"{""geo"": ""DE"", ""s_adj"": ""NSA"", ""unit"": ""I21"", ""startPeriod"": 2003, ""nace_r2"": ""MIG_NDCOG""}",,,2003-01
EE_PPI_006,eurostat,3,Prices,EE,PPI MIG non-durable consumer goods,STS_INPP_M,,"{""geo"": ""EE"", ""s_adj"": ""NSA"", ""unit"": ""I21"", ""startPeriod"": 2003, ""nace_r2"": ""MIG_NDCOG""}",,,2003-01
ES_PPI_006,eurostat,3,Prices,ES,PPI MIG non-durable consumer goods,STS_INPP_M,,"{""geo"": ""ES"", ""s_adj"": ""NSA"", ""unit"": ""I21"", ""startPeriod"": 2003, ""nace_r2"": ""MIG_NDCOG""}",,,2003-01
FI_PPI_006,eurostat,3,Prices,FI,PPI MIG non-durable consumer goods,STS_INPP_M,,"{""geo"": ""FI"", ""s_adj"": ""NSA"", ""unit"": ""I21"", ""startPeriod"": 2003, ""nace_r2"": ""MIG_NDCOG""}",,,2003-01
FR_PPI_006,eurostat,3,Prices,FR,PPI MIG non-durable consumer goods,STS_INPP_M,,"{""geo"": ""FR"", ""s_adj"": ""NSA"", ""unit"": ""I21"", ""startPeriod"": 2003, ""nace_r2"": ""MIG_NDCOG""}",,,2003-01
GR_PPI_006,eurostat,3,Prices,GR,PPI MIG non-durable consumer goods,STS_INPP_M,,"{""geo"": ""EL"", ""s_adj"": ""NSA"", ""unit"": ""I21"", ""startPeriod"": 2003, ""nace_r2"": ""MIG_NDCOG""}",,,2003-01
IE_PPI_006,eurostat,3,Prices,IE,PPI MIG non-durable consumer goods,STS_INPP_M,,"{""geo"": ""IE"", ""s_adj"": ""NSA"", ""unit"": ""I21"", ""startPeriod"": 2003, ""nace_r2"": ""MIG_NDCOG""}",,,2003-01
IT_PPI_006,eurostat,3,Prices,IT,PPI MIG non-durable consumer goods,STS_INPP_M,,"{""geo"": ""IT"", ""s_adj"": ""NSA"", ""unit"": ""I21"", ""startPeriod"": 2003, ""nace_r2"": ""MIG_NDCOG""}",,,2003-01
LT_PPI_006,eurostat,3,Prices,LT,PPI MIG non-durable consumer goods,STS_INPP_M,,"{""geo"": ""LT"", ""s_adj"": ""NSA"", ""unit"": ""I21"", ""startPeriod"": 2003, ""nace_r2"": ""MIG_NDCOG""}",,,2003-01
LU_PPI_006,eurostat,3,Prices,LU,PPI MIG non-durable consumer goods,STS_INPP_M,,"{""geo"": ""LU"", ""s_adj"": ""NSA"", ""unit"": ""I21"", ""startPeriod"": 2003, ""nace_r2"": ""MIG_NDCOG""}",,,2003-01
LV_PPI_006,eurostat,3,Prices,LV,PPI MIG non-durable consumer goods,STS_INPP_M,,"{""geo"": ""LV"", ""s_adj"": ""NSA"", ""unit"": ""I21"", ""startPeriod"": 2003, ""nace_r2"": ""MIG_NDCOG""}",,,2003-01
MT_PPI_006,eurostat,3,Prices,MT,PPI MIG non-durable consumer goods,STS_INPP_M,,"{""geo"": ""MT"", ""s_adj"": ""NSA"", ""unit"": ""I21"", ""startPeriod"": 2003, ""nace_r2"": ""MIG_NDCOG""}",,,2003-01
NL_PPI_006,eurostat,3,Prices,NL,PPI MIG non-durable consumer goods,STS_INPP_M,,"{""geo"": ""NL"", ""s_adj"": ""NSA"", ""unit"": ""I21"", ""startPeriod"": 2003, ""nace_r2"": ""MIG_NDCOG""}",,,2003-01
PT_PPI_006,eurostat,3,Prices,PT,PPI MIG non-durable consumer goods,STS_INPP_M,,"{""geo"": ""PT"", ""s_adj"": ""NSA"", ""unit"": ""I21"", ""startPeriod"": 2003, ""nace_r2"": ""MIG_NDCOG""}",,,2003-01
SI_PPI_006,eurostat,3,Prices,SI,PPI MIG non-durable consumer goods,STS_INPP_M,,"{""geo"": ""SI"", ""s_adj"": ""NSA"", ""unit"": ""I21"", ""startPeriod"": 2003, ""nace_r2"": ""MIG_NDCOG""}",,,2003-01
SK_PPI_006,eurostat,3,Prices,SK,PPI MIG non-durable consumer goods,STS_INPP_M,,"{""geo"": ""SK"", ""s_adj"": ""NSA"", ""unit"": ""I21"", ""startPeriod"": 2003, ""nace_r2"": ""MIG_NDCOG""}",,,2003-01
AT_PPI_007,eurostat,3,Prices,AT,PPI consumer goods industry,STS_INPP_M,,"{""geo"": ""AT"", ""s_adj"": ""NSA"", ""unit"": ""I21"", ""startPeriod"": 2003, ""nace_r2"": ""MIG_COG""}",,,2003-01
BE_PPI_007,eurostat,3,Prices,BE,PPI consumer goods industry,STS_INPP_M,,"{""geo"": ""BE"", ""s_adj"": ""NSA"", ""unit"": ""I21"", ""startPeriod"": 2003, ""nace_r2"": ""MIG_COG""}",,,2003-01
CY_PPI_007,eurostat,3,Prices,CY,PPI consumer goods industry,STS_INPP_M,,"{""geo"": ""CY"", ""s_adj"": ""NSA"", ""unit"": ""I21"", ""startPeriod"": 2003, ""nace_r2"": ""MIG_COG""}",,,2003-01
DE_PPI_007,eurostat,3,Prices,DE,PPI consumer goods industry,STS_INPP_M,,"{""geo"": ""DE"", ""s_adj"": ""NSA"", ""unit"": ""I21"", ""startPeriod"": 2003, ""nace_r2"": ""MIG_COG""}",,,2003-01
EE_PPI_007,eurostat,3,Prices,EE,PPI consumer goods industry,STS_INPP_M,,"{""geo"": ""EE"", ""s_adj"": ""NSA"", ""unit"": ""I21"", ""startPeriod"": 2003, ""nace_r2"": ""MIG_COG""}",,,2003-01
ES_PPI_007,eurostat,3,Prices,ES,PPI consumer goods industry,STS_INPP_M,,"{""geo"": ""ES"", ""s_adj"": ""NSA"", ""unit"": ""I21"", ""startPeriod"": 2003, ""nace_r2"": ""MIG_COG""}",,,2003-01
FI_PPI_007,eurostat,3,Prices,FI,PPI consumer goods industry,STS_INPP_M,,"{""geo"": ""FI"", ""s_adj"": ""NSA"", ""unit"": ""I21"", ""startPeriod"": 2003, ""nace_r2"": ""MIG_COG""}",,,2003-01
FR_PPI_007,eurostat,3,Prices,FR,PPI consumer goods industry,STS_INPP_M,,"{""geo"": ""FR"", ""s_adj"": ""NSA"", ""unit"": ""I21"", ""startPeriod"": 2003, ""nace_r2"": ""MIG_COG""}",,,2003-01
GR_PPI_007,eurostat,3,Prices,GR,PPI consumer goods industry,STS_INPP_M,,"{""geo"": ""EL"", ""s_adj"": ""NSA"", ""unit"": ""I21"", ""startPeriod"": 2003, ""nace_r2"": ""MIG_COG""}",,,2003-01
IE_PPI_007,eurostat,3,Prices,IE,PPI consumer goods industry,STS_INPP_M,,"{""geo"": ""IE"", ""s_adj"": ""NSA"", ""unit"": ""I21"", ""startPeriod"": 2003, ""nace_r2"": ""MIG_COG""}",,,2003-01
IT_PPI_007,eurostat,3,Prices,IT,PPI consumer goods industry,STS_INPP_M,,"{""geo"": ""IT"", ""s_adj"": ""NSA"", ""unit"": ""I21"", ""startPeriod"": 2003, ""nace_r2"": ""MIG_COG""}",,,2003-01
LT_PPI_007,eurostat,3,Prices,LT,PPI consumer goods industry,STS_INPP_M,,"{""geo"": ""LT"", ""s_adj"": ""NSA"", ""unit"": ""I21"", ""startPeriod"": 2003, ""nace_r2"": ""MIG_COG""}",,,2003-01
LU_PPI_007,eurostat,3,Prices,LU,PPI consumer goods industry,STS_INPP_M,,"{""geo"": ""LU"", ""s_adj"": ""NSA"", ""unit"": ""I21"", ""startPeriod"": 2003, ""nace_r2"": ""MIG_COG""}",,,2003-01
LV_PPI_007,eurostat,3,Prices,LV,PPI consumer goods industry,STS_INPP_M,,"{""geo"": ""LV"", ""s_adj"": ""NSA"", ""unit"": ""I21"", ""startPeriod"": 2003, ""nace_r2"": ""MIG_COG""}",,,2003-01
MT_PPI_007,eurostat,3,Prices,MT,PPI consumer goods industry,STS_INPP_M,,"{""geo"": ""MT"", ""s_adj"": ""NSA"", ""unit"": ""I21"", ""startPeriod"": 2003, ""nace_r2"": ""MIG_COG""}",,,2003-01
NL_PPI_007,eurostat,3,Prices,NL,PPI consumer goods industry,STS_INPP_M,,"{""geo"": ""NL"", ""s_adj"": ""NSA"", ""unit"": ""I21"", ""startPeriod"": 2003, ""nace_r2"": ""MIG_COG""}",,,2003-01
PT_PPI_007,eurostat,3,Prices,PT,PPI consumer goods industry,STS_INPP_M,,"{""geo"": ""PT"", ""s_adj"": ""NSA"", ""unit"": ""I21"", ""startPeriod"": 2003, ""nace_r2"": ""MIG_COG""}",,,2003-01
SI_PPI_007,eurostat,3,Prices,SI,PPI consumer goods industry,STS_INPP_M,,"{""geo"": ""SI"", ""s_adj"": ""NSA"", ""unit"": ""I21"", ""startPeriod"": 2003, ""nace_r2"": ""MIG_COG""}",,,2003-01
SK_PPI_007,eurostat,3,Prices,SK,PPI consumer goods industry,STS_INPP_M,,"{""geo"": ""SK"", ""s_adj"": ""NSA"", ""unit"": ""I21"", ""startPeriod"": 2003, ""nace_r2"": ""MIG_COG""}",,,2003-01
AT_PPI_008,eurostat,3,Prices,AT,PPI MIG energy,STS_INPP_M,,"{""geo"": ""AT"", ""s_adj"": ""NSA"", ""unit"": ""I21"", ""startPeriod"": 2003, ""nace_r2"": ""MIG_NRG""}",,,2003-01
BE_PPI_008,eurostat,3,Prices,BE,PPI MIG energy,STS_INPP_M,,"{""geo"": ""BE"", ""s_adj"": ""NSA"", ""unit"": ""I21"", ""startPeriod"": 2003, ""nace_r2"": ""MIG_NRG""}",,,2003-01
CY_PPI_008,eurostat,3,Prices,CY,PPI MIG energy,STS_INPP_M,,"{""geo"": ""CY"", ""s_adj"": ""NSA"", ""unit"": ""I21"", ""startPeriod"": 2003, ""nace_r2"": ""MIG_NRG""}",,,2003-01
DE_PPI_008,eurostat,3,Prices,DE,PPI MIG energy,STS_INPP_M,,"{""geo"": ""DE"", ""s_adj"": ""NSA"", ""unit"": ""I21"", ""startPeriod"": 2003, ""nace_r2"": ""MIG_NRG""}",,,2003-01
EE_PPI_008,eurostat,3,Prices,EE,PPI MIG energy,STS_INPP_M,,"{""geo"": ""EE"", ""s_adj"": ""NSA"", ""unit"": ""I21"", ""startPeriod"": 2003, ""nace_r2"": ""MIG_NRG""}",,,2003-01
ES_PPI_008,eurostat,3,Prices,ES,PPI MIG energy,STS_INPP_M,,"{""geo"": ""ES"", ""s_adj"": ""NSA"", ""unit"": ""I21"", ""startPeriod"": 2003, ""nace_r2"": ""MIG_NRG""}",,,2003-01
FI_PPI_008,eurostat,3,Prices,FI,PPI MIG energy,STS_INPP_M,,"{""geo"": ""FI"", ""s_adj"": ""NSA"", ""unit"": ""I21"", ""startPeriod"": 2003, ""nace_r2"": ""MIG_NRG""}",,,2003-01
FR_PPI_008,eurostat,3,Prices,FR,PPI MIG energy,STS_INPP_M,,"{""geo"": ""FR"", ""s_adj"": ""NSA"", ""unit"": ""I21"", ""startPeriod"": 2003, ""nace_r2"": ""MIG_NRG""}",,,2003-01
GR_PPI_008,eurostat,3,Prices,GR,PPI MIG energy,STS_INPP_M,,"{""geo"": ""EL"", ""s_adj"": ""NSA"", ""unit"": ""I21"", ""startPeriod"": 2003, ""nace_r2"": ""MIG_NRG""}",,,2003-01
IE_PPI_008,eurostat,3,Prices,IE,PPI MIG energy,STS_INPP_M,,"{""geo"": ""IE"", ""s_adj"": ""NSA"", ""unit"": ""I21"", ""startPeriod"": 2003, ""nace_r2"": ""MIG_NRG""}",,,2003-01
IT_PPI_008,eurostat,3,Prices,IT,PPI MIG energy,STS_INPP_M,,"{""geo"": ""IT"", ""s_adj"": ""NSA"", ""unit"": ""I21"", ""startPeriod"": 2003, ""nace_r2"": ""MIG_NRG""}",,,2003-01
LT_PPI_008,eurostat,3,Prices,LT,PPI MIG energy,STS_INPP_M,,"{""geo"": ""LT"", ""s_adj"": ""NSA"", ""unit"": ""I21"", ""startPeriod"": 2003, ""nace_r2"": ""MIG_NRG""}",,,2003-01
LU_PPI_008,eurostat,3,Prices,LU,PPI MIG energy,STS_INPP_M,,"{""geo"": ""LU"", ""s_adj"": ""NSA"", ""unit"": ""I21"", ""startPeriod"": 2003, ""nace_r2"": ""MIG_NRG""}",,,2003-01
LV_PPI_008,eurostat,3,Prices,LV,PPI MIG energy,STS_INPP_M,,"{""geo"": ""LV"", ""s_adj"": ""NSA"", ""unit"": ""I21"", ""startPeriod"": 2003, ""nace_r2"": ""MIG_NRG""}",,,2003-01
MT_PPI_008,eurostat,3,Prices,MT,PPI MIG energy,STS_INPP_M,,"{""geo"": ""MT"", ""s_adj"": ""NSA"", ""unit"": ""I21"", ""startPeriod"": 2003, ""nace_r2"": ""MIG_NRG""}",,,2003-01
NL_PPI_008,eurostat,3,Prices,NL,PPI MIG energy,STS_INPP_M,,"{""geo"": ""NL"", ""s_adj"": ""NSA"", ""unit"": ""I21"", ""startPeriod"": 2003, ""nace_r2"": ""MIG_NRG""}",,,2003-01
PT_PPI_008,eurostat,3,Prices,PT,PPI MIG energy,STS_INPP_M,,"{""geo"": ""PT"", ""s_adj"": ""NSA"", ""unit"": ""I21"", ""startPeriod"": 2003, ""nace_r2"": ""MIG_NRG""}",,,2003-01
SI_PPI_008,eurostat,3,Prices,SI,PPI MIG energy,STS_INPP_M,,"{""geo"": ""SI"", ""s_adj"": ""NSA"", ""unit"": ""I21"", ""startPeriod"": 2003, ""nace_r2"": ""MIG_NRG""}",,,2003-01
SK_PPI_008,eurostat,3,Prices,SK,PPI MIG energy,STS_INPP_M,,"{""geo"": ""SK"", ""s_adj"": ""NSA"", ""unit"": ""I21"", ""startPeriod"": 2003, ""nace_r2"": ""MIG_NRG""}",,,2003-01
AT_IMPPR_001,eurostat,3,Prices,AT,Import prices manufactured products,STS_INPI_M,,"{""geo"": ""AT"", ""s_adj"": ""NSA"", ""unit"": ""I21"", ""indic_bt"": ""PRC_IMP"", ""startPeriod"": 2003, ""cpa2_1"": ""CPA_C""}",,,2003-01
BE_IMPPR_001,eurostat,3,Prices,BE,Import prices manufactured products,STS_INPI_M,,"{""geo"": ""BE"", ""s_adj"": ""NSA"", ""unit"": ""I21"", ""indic_bt"": ""PRC_IMP"", ""startPeriod"": 2003, ""cpa2_1"": ""CPA_C""}",,,2003-01
CY_IMPPR_001,eurostat,3,Prices,CY,Import prices manufactured products,STS_INPI_M,,"{""geo"": ""CY"", ""s_adj"": ""NSA"", ""unit"": ""I21"", ""indic_bt"": ""PRC_IMP"", ""startPeriod"": 2003, ""cpa2_1"": ""CPA_C""}",,,2003-01
DE_IMPPR_001,eurostat,3,Prices,DE,Import prices manufactured products,STS_INPI_M,,"{""geo"": ""DE"", ""s_adj"": ""NSA"", ""unit"": ""I21"", ""indic_bt"": ""PRC_IMP"", ""startPeriod"": 2003, ""cpa2_1"": ""CPA_C""}",,,2003-01
EE_IMPPR_001,eurostat,3,Prices,EE,Import prices manufactured products,STS_INPI_M,,"{""geo"": ""EE"", ""s_adj"": ""NSA"", ""unit"": ""I21"", ""indic_bt"": ""PRC_IMP"", ""startPeriod"": 2003, ""cpa2_1"": ""CPA_C""}",,,2003-01
ES_IMPPR_001,eurostat,3,Prices,ES,Import prices manufactured products,STS_INPI_M,,"{""geo"": ""ES"", ""s_adj"": ""NSA"", ""unit"": ""I21"", ""indic_bt"": ""PRC_IMP"", ""startPeriod"": 2003, ""cpa2_1"": ""CPA_C""}",,,2003-01
FI_IMPPR_001,eurostat,3,Prices,FI,Import prices manufactured products,STS_INPI_M,,"{""geo"": ""FI"", ""s_adj"": ""NSA"", ""unit"": ""I21"", ""indic_bt"": ""PRC_IMP"", ""startPeriod"": 2003, ""cpa2_1"": ""CPA_C""}",,,2003-01
FR_IMPPR_001,eurostat,3,Prices,FR,Import prices manufactured products,STS_INPI_M,,"{""geo"": ""FR"", ""s_adj"": ""NSA"", ""unit"": ""I21"", ""indic_bt"": ""PRC_IMP"", ""startPeriod"": 2003, ""cpa2_1"": ""CPA_C""}",,,2003-01
GR_IMPPR_001,eurostat,3,Prices,GR,Import prices manufactured products,STS_INPI_M,,"{""geo"": ""EL"", ""s_adj"": ""NSA"", ""unit"": ""I21"", ""indic_bt"": ""PRC_IMP"", ""startPeriod"": 2003, ""cpa2_1"": ""CPA_C""}",,,2003-01
IE_IMPPR_001,eurostat,3,Prices,IE,Import prices manufactured products,STS_INPI_M,,"{""geo"": ""IE"", ""s_adj"": ""NSA"", ""unit"": ""I21"", ""indic_bt"": ""PRC_IMP"", ""startPeriod"": 2003, ""cpa2_1"": ""CPA_C""}",,,2003-01
IT_IMPPR_001,eurostat,3,Prices,IT,Import prices manufactured products,STS_INPI_M,,"{""geo"": ""IT"", ""s_adj"": ""NSA"", ""unit"": ""I21"", ""indic_bt"": ""PRC_IMP"", ""startPeriod"": 2003, ""cpa2_1"": ""CPA_C""}",,,2003-01
LT_IMPPR_001,eurostat,3,Prices,LT,Import prices manufactured products,STS_INPI_M,,"{""geo"": ""LT"", ""s_adj"": ""NSA"", ""unit"": ""I21"", ""indic_bt"": ""PRC_IMP"", ""startPeriod"": 2003, ""cpa2_1"": ""CPA_C""}",,,2003-01
LU_IMPPR_001,eurostat,3,Prices,LU,Import prices manufactured products,STS_INPI_M,,"{""geo"": ""LU"", ""s_adj"": ""NSA"", ""unit"": ""I21"", ""indic_bt"": ""PRC_IMP"", ""startPeriod"": 2003, ""cpa2_1"": ""CPA_C""}",,,2003-01
LV_IMPPR_001,eurostat,3,Prices,LV,Import prices manufactured products,STS_INPI_M,,"{""geo"": ""LV"", ""s_adj"": ""NSA"", ""unit"": ""I21"", ""indic_bt"": ""PRC_IMP"", ""startPeriod"": 2003, ""cpa2_1"": ""CPA_C""}",,,2003-01
MT_IMPPR_001,eurostat,3,Prices,MT,Import prices manufactured products,STS_INPI_M,,"{""geo"": ""MT"", ""s_adj"": ""NSA"", ""unit"": ""I21"", ""indic_bt"": ""PRC_IMP"", ""startPeriod"": 2003, ""cpa2_1"": ""CPA_C""}",,,2003-01
NL_IMPPR_001,eurostat,3,Prices,NL,Import prices manufactured products,STS_INPI_M,,"{""geo"": ""NL"", ""s_adj"": ""NSA"", ""unit"": ""I21"", ""indic_bt"": ""PRC_IMP"", ""startPeriod"": 2003, ""cpa2_1"": ""CPA_C""}",,,2003-01
PT_IMPPR_001,eurostat,3,Prices,PT,Import prices manufactured products,STS_INPI_M,,"{""geo"": ""PT"", ""s_adj"": ""NSA"", ""unit"": ""I21"", ""indic_bt"": ""PRC_IMP"", ""startPeriod"": 2003, ""cpa2_1"": ""CPA_C""}",,,2003-01
SI_IMPPR_001,eurostat,3,Prices,SI,Import prices manufactured products,STS_INPI_M,,"{""geo"": ""SI"", ""s_adj"": ""NSA"", ""unit"": ""I21"", ""indic_bt"": ""PRC_IMP"", ""startPeriod"": 2003, ""cpa2_1"": ""CPA_C""}",,,2003-01
SK_IMPPR_001,eurostat,3,Prices,SK,Import prices manufactured products,STS_INPI_M,,"{""geo"": ""SK"", ""s_adj"": ""NSA"", ""unit"": ""I21"", ""indic_bt"": ""PRC_IMP"", ""startPeriod"": 2003, ""cpa2_1"": ""CPA_C""}",,,2003-01
AT_IMPPR_002,eurostat,3,Prices,AT,Import prices MIG intermediate goods,STS_INPI_M,,"{""geo"": ""AT"", ""s_adj"": ""NSA"", ""unit"": ""I21"", ""indic_bt"": ""PRC_IMP"", ""startPeriod"": 2003, ""cpa2_1"": ""CPA_MIG_ING""}",,,2003-01
BE_IMPPR_002,eurostat,3,Prices,BE,Import prices MIG intermediate goods,STS_INPI_M,,"{""geo"": ""BE"", ""s_adj"": ""NSA"", ""unit"": ""I21"", ""indic_bt"": ""PRC_IMP"", ""startPeriod"": 2003, ""cpa2_1"": ""CPA_MIG_ING""}",,,2003-01
CY_IMPPR_002,eurostat,3,Prices,CY,Import prices MIG intermediate goods,STS_INPI_M,,"{""geo"": ""CY"", ""s_adj"": ""NSA"", ""unit"": ""I21"", ""indic_bt"": ""PRC_IMP"", ""startPeriod"": 2003, ""cpa2_1"": ""CPA_MIG_ING""}",,,2003-01
DE_IMPPR_002,eurostat,3,Prices,DE,Import prices MIG intermediate goods,STS_INPI_M,,"{""geo"": ""DE"", ""s_adj"": ""NSA"", ""unit"": ""I21"", ""indic_bt"": ""PRC_IMP"", ""startPeriod"": 2003, ""cpa2_1"": ""CPA_MIG_ING""}",,,2003-01
EE_IMPPR_002,eurostat,3,Prices,EE,Import prices MIG intermediate goods,STS_INPI_M,,"{""geo"": ""EE"", ""s_adj"": ""NSA"", ""unit"": ""I21"", ""indic_bt"": ""PRC_IMP"", ""startPeriod"": 2003, ""cpa2_1"": ""CPA_MIG_ING""}",,,2003-01
ES_IMPPR_002,eurostat,3,Prices,ES,Import prices MIG intermediate goods,STS_INPI_M,,"{""geo"": ""ES"", ""s_adj"": ""NSA"", ""unit"": ""I21"", ""indic_bt"": ""PRC_IMP"", ""startPeriod"": 2003, ""cpa2_1"": ""CPA_MIG_ING""}",,,2003-01
FI_IMPPR_002,eurostat,3,Prices,FI,Import prices MIG intermediate goods,STS_INPI_M,,"{""geo"": ""FI"", ""s_adj"": ""NSA"", ""unit"": ""I21"", ""indic_bt"": ""PRC_IMP"", ""startPeriod"": 2003, ""cpa2_1"": ""CPA_MIG_ING""}",,,2003-01
FR_IMPPR_002,eurostat,3,Prices,FR,Import prices MIG intermediate goods,STS_INPI_M,,"{""geo"": ""FR"", ""s_adj"": ""NSA"", ""unit"": ""I21"", ""indic_bt"": ""PRC_IMP"", ""startPeriod"": 2003, ""cpa2_1"": ""CPA_MIG_ING""}",,,2003-01
GR_IMPPR_002,eurostat,3,Prices,GR,Import prices MIG intermediate goods,STS_INPI_M,,"{""geo"": ""EL"", ""s_adj"": ""NSA"", ""unit"": ""I21"", ""indic_bt"": ""PRC_IMP"", ""startPeriod"": 2003, ""cpa2_1"": ""CPA_MIG_ING""}",,,2003-01
IE_IMPPR_002,eurostat,3,Prices,IE,Import prices MIG intermediate goods,STS_INPI_M,,"{""geo"": ""IE"", ""s_adj"": ""NSA"", ""unit"": ""I21"", ""indic_bt"": ""PRC_IMP"", ""startPeriod"": 2003, ""cpa2_1"": ""CPA_MIG_ING""}",,,2003-01
IT_IMPPR_002,eurostat,3,Prices,IT,Import prices MIG intermediate goods,STS_INPI_M,,"{""geo"": ""IT"", ""s_adj"": ""NSA"", ""unit"": ""I21"", ""indic_bt"": ""PRC_IMP"", ""startPeriod"": 2003, ""cpa2_1"": ""CPA_MIG_ING""}",,,2003-01
LT_IMPPR_002,eurostat,3,Prices,LT,Import prices MIG intermediate goods,STS_INPI_M,,"{""geo"": ""LT"", ""s_adj"": ""NSA"", ""unit"": ""I21"", ""indic_bt"": ""PRC_IMP"", ""startPeriod"": 2003, ""cpa2_1"": ""CPA_MIG_ING""}",,,2003-01
LU_IMPPR_002,eurostat,3,Prices,LU,Import prices MIG intermediate goods,STS_INPI_M,,"{""geo"": ""LU"", ""s_adj"": ""NSA"", ""unit"": ""I21"", ""indic_bt"": ""PRC_IMP"", ""startPeriod"": 2003, ""cpa2_1"": ""CPA_MIG_ING""}",,,2003-01
LV_IMPPR_002,eurostat,3,Prices,LV,Import prices MIG intermediate goods,STS_INPI_M,,"{""geo"": ""LV"", ""s_adj"": ""NSA"", ""unit"": ""I21"", ""indic_bt"": ""PRC_IMP"", ""startPeriod"": 2003, ""cpa2_1"": ""CPA_MIG_ING""}",,,2003-01
MT_IMPPR_002,eurostat,3,Prices,MT,Import prices MIG intermediate goods,STS_INPI_M,,"{""geo"": ""MT"", ""s_adj"": ""NSA"", ""unit"": ""I21"", ""indic_bt"": ""PRC_IMP"", ""startPeriod"": 2003, ""cpa2_1"": ""CPA_MIG_ING""}",,,2003-01
NL_IMPPR_002,eurostat,3,Prices,NL,Import prices MIG intermediate goods,STS_INPI_M,,"{""geo"": ""NL"", ""s_adj"": ""NSA"", ""unit"": ""I21"", ""indic_bt"": ""PRC_IMP"", ""startPeriod"": 2003, ""cpa2_1"": ""CPA_MIG_ING""}",,,2003-01
PT_IMPPR_002,eurostat,3,Prices,PT,Import prices MIG intermediate goods,STS_INPI_M,,"{""geo"": ""PT"", ""s_adj"": ""NSA"", ""unit"": ""I21"", ""indic_bt"": ""PRC_IMP"", ""startPeriod"": 2003, ""cpa2_1"": ""CPA_MIG_ING""}",,,2003-01
SI_IMPPR_002,eurostat,3,Prices,SI,Import prices MIG intermediate goods,STS_INPI_M,,"{""geo"": ""SI"", ""s_adj"": ""NSA"", ""unit"": ""I21"", ""indic_bt"": ""PRC_IMP"", ""startPeriod"": 2003, ""cpa2_1"": ""CPA_MIG_ING""}",,,2003-01
SK_IMPPR_002,eurostat,3,Prices,SK,Import prices MIG intermediate goods,STS_INPI_M,,"{""geo"": ""SK"", ""s_adj"": ""NSA"", ""unit"": ""I21"", ""indic_bt"": ""PRC_IMP"", ""startPeriod"": 2003, ""cpa2_1"": ""CPA_MIG_ING""}",,,2003-01
AT_IMPPR_003,eurostat,3,Prices,AT,Import prices MIG capital goods,STS_INPI_M,,"{""geo"": ""AT"", ""s_adj"": ""NSA"", ""unit"": ""I21"", ""indic_bt"": ""PRC_IMP"", ""startPeriod"": 2003, ""cpa2_1"": ""CPA_MIG_CAG""}",,,2003-01
BE_IMPPR_003,eurostat,3,Prices,BE,Import prices MIG capital goods,STS_INPI_M,,"{""geo"": ""BE"", ""s_adj"": ""NSA"", ""unit"": ""I21"", ""indic_bt"": ""PRC_IMP"", ""startPeriod"": 2003, ""cpa2_1"": ""CPA_MIG_CAG""}",,,2003-01
CY_IMPPR_003,eurostat,3,Prices,CY,Import prices MIG capital goods,STS_INPI_M,,"{""geo"": ""CY"", ""s_adj"": ""NSA"", ""unit"": ""I21"", ""indic_bt"": ""PRC_IMP"", ""startPeriod"": 2003, ""cpa2_1"": ""CPA_MIG_CAG""}",,,2003-01
DE_IMPPR_003,eurostat,3,Prices,DE,Import prices MIG capital goods,STS_INPI_M,,"{""geo"": ""DE"", ""s_adj"": ""NSA"", ""unit"": ""I21"", ""indic_bt"": ""PRC_IMP"", ""startPeriod"": 2003, ""cpa2_1"": ""CPA_MIG_CAG""}",,,2003-01
EE_IMPPR_003,eurostat,3,Prices,EE,Import prices MIG capital goods,STS_INPI_M,,"{""geo"": ""EE"", ""s_adj"": ""NSA"", ""unit"": ""I21"", ""indic_bt"": ""PRC_IMP"", ""startPeriod"": 2003, ""cpa2_1"": ""CPA_MIG_CAG""}",,,2003-01
ES_IMPPR_003,eurostat,3,Prices,ES,Import prices MIG capital goods,STS_INPI_M,,"{""geo"": ""ES"", ""s_adj"": ""NSA"", ""unit"": ""I21"", ""indic_bt"": ""PRC_IMP"", ""startPeriod"": 2003, ""cpa2_1"": ""CPA_MIG_CAG""}",,,2003-01
FI_IMPPR_003,eurostat,3,Prices,FI,Import prices MIG capital goods,STS_INPI_M,,"{""geo"": ""FI"", ""s_adj"": ""NSA"", ""unit"": ""I21"", ""indic_bt"": ""PRC_IMP"", ""startPeriod"": 2003, ""cpa2_1"": ""CPA_MIG_CAG""}",,,2003-01
FR_IMPPR_003,eurostat,3,Prices,FR,Import prices MIG capital goods,STS_INPI_M,,"{""geo"": ""FR"", ""s_adj"": ""NSA"", ""unit"": ""I21"", ""indic_bt"": ""PRC_IMP"", ""startPeriod"": 2003, ""cpa2_1"": ""CPA_MIG_CAG""}",,,2003-01
GR_IMPPR_003,eurostat,3,Prices,GR,Import prices MIG capital goods,STS_INPI_M,,"{""geo"": ""EL"", ""s_adj"": ""NSA"", ""unit"": ""I21"", ""indic_bt"": ""PRC_IMP"", ""startPeriod"": 2003, ""cpa2_1"": ""CPA_MIG_CAG""}",,,2003-01
IE_IMPPR_003,eurostat,3,Prices,IE,Import prices MIG capital goods,STS_INPI_M,,"{""geo"": ""IE"", ""s_adj"": ""NSA"", ""unit"": ""I21"", ""indic_bt"": ""PRC_IMP"", ""startPeriod"": 2003, ""cpa2_1"": ""CPA_MIG_CAG""}",,,2003-01
IT_IMPPR_003,eurostat,3,Prices,IT,Import prices MIG capital goods,STS_INPI_M,,"{""geo"": ""IT"", ""s_adj"": ""NSA"", ""unit"": ""I21"", ""indic_bt"": ""PRC_IMP"", ""startPeriod"": 2003, ""cpa2_1"": ""CPA_MIG_CAG""}",,,2003-01
LT_IMPPR_003,eurostat,3,Prices,LT,Import prices MIG capital goods,STS_INPI_M,,"{""geo"": ""LT"", ""s_adj"": ""NSA"", ""unit"": ""I21"", ""indic_bt"": ""PRC_IMP"", ""startPeriod"": 2003, ""cpa2_1"": ""CPA_MIG_CAG""}",,,2003-01
LU_IMPPR_003,eurostat,3,Prices,LU,Import prices MIG capital goods,STS_INPI_M,,"{""geo"": ""LU"", ""s_adj"": ""NSA"", ""unit"": ""I21"", ""indic_bt"": ""PRC_IMP"", ""startPeriod"": 2003, ""cpa2_1"": ""CPA_MIG_CAG""}",,,2003-01
LV_IMPPR_003,eurostat,3,Prices,LV,Import prices MIG capital goods,STS_INPI_M,,"{""geo"": ""LV"", ""s_adj"": ""NSA"", ""unit"": ""I21"", ""indic_bt"": ""PRC_IMP"", ""startPeriod"": 2003, ""cpa2_1"": ""CPA_MIG_CAG""}",,,2003-01
MT_IMPPR_003,eurostat,3,Prices,MT,Import prices MIG capital goods,STS_INPI_M,,"{""geo"": ""MT"", ""s_adj"": ""NSA"", ""unit"": ""I21"", ""indic_bt"": ""PRC_IMP"", ""startPeriod"": 2003, ""cpa2_1"": ""CPA_MIG_CAG""}",,,2003-01
NL_IMPPR_003,eurostat,3,Prices,NL,Import prices MIG capital goods,STS_INPI_M,,"{""geo"": ""NL"", ""s_adj"": ""NSA"", ""unit"": ""I21"", ""indic_bt"": ""PRC_IMP"", ""startPeriod"": 2003, ""cpa2_1"": ""CPA_MIG_CAG""}",,,2003-01
PT_IMPPR_003,eurostat,3,Prices,PT,Import prices MIG capital goods,STS_INPI_M,,"{""geo"": ""PT"", ""s_adj"": ""NSA"", ""unit"": ""I21"", ""indic_bt"": ""PRC_IMP"", ""startPeriod"": 2003, ""cpa2_1"": ""CPA_MIG_CAG""}",,,2003-01
SI_IMPPR_003,eurostat,3,Prices,SI,Import prices MIG capital goods,STS_INPI_M,,"{""geo"": ""SI"", ""s_adj"": ""NSA"", ""unit"": ""I21"", ""indic_bt"": ""PRC_IMP"", ""startPeriod"": 2003, ""cpa2_1"": ""CPA_MIG_CAG""}",,,2003-01
SK_IMPPR_003,eurostat,3,Prices,SK,Import prices MIG capital goods,STS_INPI_M,,"{""geo"": ""SK"", ""s_adj"": ""NSA"", ""unit"": ""I21"", ""indic_bt"": ""PRC_IMP"", ""startPeriod"": 2003, ""cpa2_1"": ""CPA_MIG_CAG""}",,,2003-01
AT_IMPPR_004,eurostat,3,Prices,AT,Import prices MIG durable consumer goods,STS_INPI_M,,"{""geo"": ""AT"", ""s_adj"": ""NSA"", ""unit"": ""I21"", ""indic_bt"": ""PRC_IMP"", ""startPeriod"": 2003, ""cpa2_1"": ""CPA_MIG_DCOG""}",,,2003-01
BE_IMPPR_004,eurostat,3,Prices,BE,Import prices MIG durable consumer goods,STS_INPI_M,,"{""geo"": ""BE"", ""s_adj"": ""NSA"", ""unit"": ""I21"", ""indic_bt"": ""PRC_IMP"", ""startPeriod"": 2003, ""cpa2_1"": ""CPA_MIG_DCOG""}",,,2003-01
CY_IMPPR_004,eurostat,3,Prices,CY,Import prices MIG durable consumer goods,STS_INPI_M,,"{""geo"": ""CY"", ""s_adj"": ""NSA"", ""unit"": ""I21"", ""indic_bt"": ""PRC_IMP"", ""startPeriod"": 2003, ""cpa2_1"": ""CPA_MIG_DCOG""}",,,2003-01
DE_IMPPR_004,eurostat,3,Prices,DE,Import prices MIG durable consumer goods,STS_INPI_M,,"{""geo"": ""DE"", ""s_adj"": ""NSA"", ""unit"": ""I21"", ""indic_bt"": ""PRC_IMP"", ""startPeriod"": 2003, ""cpa2_1"": ""CPA_MIG_DCOG""}",,,2003-01
EE_IMPPR_004,eurostat,3,Prices,EE,Import prices MIG durable consumer goods,STS_INPI_M,,"{""geo"": ""EE"", ""s_adj"": ""NSA"", ""unit"": ""I21"", ""indic_bt"": ""PRC_IMP"", ""startPeriod"": 2003, ""cpa2_1"": ""CPA_MIG_DCOG""}",,,2003-01
ES_IMPPR_004,eurostat,3,Prices,ES,Import prices MIG durable consumer goods,STS_INPI_M,,"{""geo"": ""ES"", ""s_adj"": ""NSA"", ""unit"": ""I21"", ""indic_bt"": ""PRC_IMP"", ""startPeriod"": 2003, ""cpa2_1"": ""CPA_MIG_DCOG""}",,,2003-01
FI_IMPPR_004,eurostat,3,Prices,FI,Import prices MIG durable consumer goods,STS_INPI_M,,"{""geo"": ""FI"", ""s_adj"": ""NSA"", ""unit"": ""I21"", ""indic_bt"": ""PRC_IMP"", ""startPeriod"": 2003, ""cpa2_1"": ""CPA_MIG_DCOG""}",,,2003-01
FR_IMPPR_004,eurostat,3,Prices,FR,Import prices MIG durable consumer goods,STS_INPI_M,,"{""geo"": ""FR"", ""s_adj"": ""NSA"", ""unit"": ""I21"", ""indic_bt"": ""PRC_IMP"", ""startPeriod"": 2003, ""cpa2_1"": ""CPA_MIG_DCOG""}",,,2003-01
GR_IMPPR_004,eurostat,3,Prices,GR,Import prices MIG durable consumer goods,STS_INPI_M,,"{""geo"": ""EL"", ""s_adj"": ""NSA"", ""unit"": ""I21"", ""indic_bt"": ""PRC_IMP"", ""startPeriod"": 2003, ""cpa2_1"": ""CPA_MIG_DCOG""}",,,2003-01
IE_IMPPR_004,eurostat,3,Prices,IE,Import prices MIG durable consumer goods,STS_INPI_M,,"{""geo"": ""IE"", ""s_adj"": ""NSA"", ""unit"": ""I21"", ""indic_bt"": ""PRC_IMP"", ""startPeriod"": 2003, ""cpa2_1"": ""CPA_MIG_DCOG""}",,,2003-01
IT_IMPPR_004,eurostat,3,Prices,IT,Import prices MIG durable consumer goods,STS_INPI_M,,"{""geo"": ""IT"", ""s_adj"": ""NSA"", ""unit"": ""I21"", ""indic_bt"": ""PRC_IMP"", ""startPeriod"": 2003, ""cpa2_1"": ""CPA_MIG_DCOG""}",,,2003-01
LT_IMPPR_004,eurostat,3,Prices,LT,Import prices MIG durable consumer goods,STS_INPI_M,,"{""geo"": ""LT"", ""s_adj"": ""NSA"", ""unit"": ""I21"", ""indic_bt"": ""PRC_IMP"", ""startPeriod"": 2003, ""cpa2_1"": ""CPA_MIG_DCOG""}",,,2003-01
LU_IMPPR_004,eurostat,3,Prices,LU,Import prices MIG durable consumer goods,STS_INPI_M,,"{""geo"": ""LU"", ""s_adj"": ""NSA"", ""unit"": ""I21"", ""indic_bt"": ""PRC_IMP"", ""startPeriod"": 2003, ""cpa2_1"": ""CPA_MIG_DCOG""}",,,2003-01
LV_IMPPR_004,eurostat,3,Prices,LV,Import prices MIG durable consumer goods,STS_INPI_M,,"{""geo"": ""LV"", ""s_adj"": ""NSA"", ""unit"": ""I21"", ""indic_bt"": ""PRC_IMP"", ""startPeriod"": 2003, ""cpa2_1"": ""CPA_MIG_DCOG""}",,,2003-01
MT_IMPPR_004,eurostat,3,Prices,MT,Import prices MIG durable consumer goods,STS_INPI_M,,"{""geo"": ""MT"", ""s_adj"": ""NSA"", ""unit"": ""I21"", ""indic_bt"": ""PRC_IMP"", ""startPeriod"": 2003, ""cpa2_1"": ""CPA_MIG_DCOG""}",,,2003-01
NL_IMPPR_004,eurostat,3,Prices,NL,Import prices MIG durable consumer goods,STS_INPI_M,,"{""geo"": ""NL"", ""s_adj"": ""NSA"", ""unit"": ""I21"", ""indic_bt"": ""PRC_IMP"", ""startPeriod"": 2003, ""cpa2_1"": ""CPA_MIG_DCOG""}",,,2003-01
PT_IMPPR_004,eurostat,3,Prices,PT,Import prices MIG durable consumer goods,STS_INPI_M,,"{""geo"": ""PT"", ""s_adj"": ""NSA"", ""unit"": ""I21"", ""indic_bt"": ""PRC_IMP"", ""startPeriod"": 2003, ""cpa2_1"": ""CPA_MIG_DCOG""}",,,2003-01
SI_IMPPR_004,eurostat,3,Prices,SI,Import prices MIG durable consumer goods,STS_INPI_M,,"{""geo"": ""SI"", ""s_adj"": ""NSA"", ""unit"": ""I21"", ""indic_bt"": ""PRC_IMP"", ""startPeriod"": 2003, ""cpa2_1"": ""CPA_MIG_DCOG""}",,,2003-01
SK_IMPPR_004,eurostat,3,Prices,SK,Import prices MIG durable consumer goods,STS_INPI_M,,"{""geo"": ""SK"", ""s_adj"": ""NSA"", ""unit"": ""I21"", ""indic_bt"": ""PRC_IMP"", ""startPeriod"": 2003, ""cpa2_1"": ""CPA_MIG_DCOG""}",,,2003-01
AT_IMPPR_005,eurostat,3,Prices,AT,Import prices MIG non-durable consumer goods,STS_INPI_M,,"{""geo"": ""AT"", ""s_adj"": ""NSA"", ""unit"": ""I21"", ""indic_bt"": ""PRC_IMP"", ""startPeriod"": 2003, ""cpa2_1"": ""CPA_MIG_NDCOG""}",,,2003-01
BE_IMPPR_005,eurostat,3,Prices,BE,Import prices MIG non-durable consumer goods,STS_INPI_M,,"{""geo"": ""BE"", ""s_adj"": ""NSA"", ""unit"": ""I21"", ""indic_bt"": ""PRC_IMP"", ""startPeriod"": 2003, ""cpa2_1"": ""CPA_MIG_NDCOG""}",,,2003-01
CY_IMPPR_005,eurostat,3,Prices,CY,Import prices MIG non-durable consumer goods,STS_INPI_M,,"{""geo"": ""CY"", ""s_adj"": ""NSA"", ""unit"": ""I21"", ""indic_bt"": ""PRC_IMP"", ""startPeriod"": 2003, ""cpa2_1"": ""CPA_MIG_NDCOG""}",,,2003-01
DE_IMPPR_005,eurostat,3,Prices,DE,Import prices MIG non-durable consumer goods,STS_INPI_M,,"{""geo"": ""DE"", ""s_adj"": ""NSA"", ""unit"": ""I21"", ""indic_bt"": ""PRC_IMP"", ""startPeriod"": 2003, ""cpa2_1"": ""CPA_MIG_NDCOG""}",,,2003-01
EE_IMPPR_005,eurostat,3,Prices,EE,Import prices MIG non-durable consumer goods,STS_INPI_M,,"{""geo"": ""EE"", ""s_adj"": ""NSA"", ""unit"": ""I21"", ""indic_bt"": ""PRC_IMP"", ""startPeriod"": 2003, ""cpa2_1"": ""CPA_MIG_NDCOG""}",,,2003-01
ES_IMPPR_005,eurostat,3,Prices,ES,Import prices MIG non-durable consumer goods,STS_INPI_M,,"{""geo"": ""ES"", ""s_adj"": ""NSA"", ""unit"": ""I21"", ""indic_bt"": ""PRC_IMP"", ""startPeriod"": 2003, ""cpa2_1"": ""CPA_MIG_NDCOG""}",,,2003-01
FI_IMPPR_005,eurostat,3,Prices,FI,Import prices MIG non-durable consumer goods,STS_INPI_M,,"{""geo"": ""FI"", ""s_adj"": ""NSA"", ""unit"": ""I21"", ""indic_bt"": ""PRC_IMP"", ""startPeriod"": 2003, ""cpa2_1"": ""CPA_MIG_NDCOG""}",,,2003-01
FR_IMPPR_005,eurostat,3,Prices,FR,Import prices MIG non-durable consumer goods,STS_INPI_M,,"{""geo"": ""FR"", ""s_adj"": ""NSA"", ""unit"": ""I21"", ""indic_bt"": ""PRC_IMP"", ""startPeriod"": 2003, ""cpa2_1"": ""CPA_MIG_NDCOG""}",,,2003-01
GR_IMPPR_005,eurostat,3,Prices,GR,Import prices MIG non-durable consumer goods,STS_INPI_M,,"{""geo"": ""EL"", ""s_adj"": ""NSA"", ""unit"": ""I21"", ""indic_bt"": ""PRC_IMP"", ""startPeriod"": 2003, ""cpa2_1"": ""CPA_MIG_NDCOG""}",,,2003-01
IE_IMPPR_005,eurostat,3,Prices,IE,Import prices MIG non-durable consumer goods,STS_INPI_M,,"{""geo"": ""IE"", ""s_adj"": ""NSA"", ""unit"": ""I21"", ""indic_bt"": ""PRC_IMP"", ""startPeriod"": 2003, ""cpa2_1"": ""CPA_MIG_NDCOG""}",,,2003-01
IT_IMPPR_005,eurostat,3,Prices,IT,Import prices MIG non-durable consumer goods,STS_INPI_M,,"{""geo"": ""IT"", ""s_adj"": ""NSA"", ""unit"": ""I21"", ""indic_bt"": ""PRC_IMP"", ""startPeriod"": 2003, ""cpa2_1"": ""CPA_MIG_NDCOG""}",,,2003-01
LT_IMPPR_005,eurostat,3,Prices,LT,Import prices MIG non-durable consumer goods,STS_INPI_M,,"{""geo"": ""LT"", ""s_adj"": ""NSA"", ""unit"": ""I21"", ""indic_bt"": ""PRC_IMP"", ""startPeriod"": 2003, ""cpa2_1"": ""CPA_MIG_NDCOG""}",,,2003-01
LU_IMPPR_005,eurostat,3,Prices,LU,Import prices MIG non-durable consumer goods,STS_INPI_M,,"{""geo"": ""LU"", ""s_adj"": ""NSA"", ""unit"": ""I21"", ""indic_bt"": ""PRC_IMP"", ""startPeriod"": 2003, ""cpa2_1"": ""CPA_MIG_NDCOG""}",,,2003-01
LV_IMPPR_005,eurostat,3,Prices,LV,Import prices MIG non-durable consumer goods,STS_INPI_M,,"{""geo"": ""LV"", ""s_adj"": ""NSA"", ""unit"": ""I21"", ""indic_bt"": ""PRC_IMP"", ""startPeriod"": 2003, ""cpa2_1"": ""CPA_MIG_NDCOG""}",,,2003-01
MT_IMPPR_005,eurostat,3,Prices,MT,Import prices MIG non-durable consumer goods,STS_INPI_M,,"{""geo"": ""MT"", ""s_adj"": ""NSA"", ""unit"": ""I21"", ""indic_bt"": ""PRC_IMP"", ""startPeriod"": 2003, ""cpa2_1"": ""CPA_MIG_NDCOG""}",,,2003-01
NL_IMPPR_005,eurostat,3,Prices,NL,Import prices MIG non-durable consumer goods,STS_INPI_M,,"{""geo"": ""NL"", ""s_adj"": ""NSA"", ""unit"": ""I21"", ""indic_bt"": ""PRC_IMP"", ""startPeriod"": 2003, ""cpa2_1"": ""CPA_MIG_NDCOG""}",,,2003-01
PT_IMPPR_005,eurostat,3,Prices,PT,Import prices MIG non-durable consumer goods,STS_INPI_M,,"{""geo"": ""PT"", ""s_adj"": ""NSA"", ""unit"": ""I21"", ""indic_bt"": ""PRC_IMP"", ""startPeriod"": 2003, ""cpa2_1"": ""CPA_MIG_NDCOG""}",,,2003-01
SI_IMPPR_005,eurostat,3,Prices,SI,Import prices MIG non-durable consumer goods,STS_INPI_M,,"{""geo"": ""SI"", ""s_adj"": ""NSA"", ""unit"": ""I21"", ""indic_bt"": ""PRC_IMP"", ""startPeriod"": 2003, ""cpa2_1"": ""CPA_MIG_NDCOG""}",,,2003-01
SK_IMPPR_005,eurostat,3,Prices,SK,Import prices MIG non-durable consumer goods,STS_INPI_M,,"{""geo"": ""SK"", ""s_adj"": ""NSA"", ""unit"": ""I21"", ""indic_bt"": ""PRC_IMP"", ""startPeriod"": 2003, ""cpa2_1"": ""CPA_MIG_NDCOG""}",,,2003-01
AT_IMPPR_006,eurostat,3,Prices,AT,Import prices consumer goods industry,STS_INPI_M,,"{""geo"": ""AT"", ""s_adj"": ""NSA"", ""unit"": ""I21"", ""indic_bt"": ""PRC_IMP"", ""startPeriod"": 2003, ""cpa2_1"": ""CPA_MIG_COG""}",,,2003-01
BE_IMPPR_006,eurostat,3,Prices,BE,Import prices consumer goods industry,STS_INPI_M,,"{""geo"": ""BE"", ""s_adj"": ""NSA"", ""unit"": ""I21"", ""indic_bt"": ""PRC_IMP"", ""startPeriod"": 2003, ""cpa2_1"": ""CPA_MIG_COG""}",,,2003-01
CY_IMPPR_006,eurostat,3,Prices,CY,Import prices consumer goods industry,STS_INPI_M,,"{""geo"": ""CY"", ""s_adj"": ""NSA"", ""unit"": ""I21"", ""indic_bt"": ""PRC_IMP"", ""startPeriod"": 2003, ""cpa2_1"": ""CPA_MIG_COG""}",,,2003-01
DE_IMPPR_006,eurostat,3,Prices,DE,Import prices consumer goods industry,STS_INPI_M,,"{""geo"": ""DE"", ""s_adj"": ""NSA"", ""unit"": ""I21"", ""indic_bt"": ""PRC_IMP"", ""startPeriod"": 2003, ""cpa2_1"": ""CPA_MIG_COG""}",,,2003-01
EE_IMPPR_006,eurostat,3,Prices,EE,Import prices consumer goods industry,STS_INPI_M,,"{""geo"": ""EE"", ""s_adj"": ""NSA"", ""unit"": ""I21"", ""indic_bt"": ""PRC_IMP"", ""startPeriod"": 2003, ""cpa2_1"": ""CPA_MIG_COG""}",,,2003-01
ES_IMPPR_006,eurostat,3,Prices,ES,Import prices consumer goods industry,STS_INPI_M,,"{""geo"": ""ES"", ""s_adj"": ""NSA"", ""unit"": ""I21"", ""indic_bt"": ""PRC_IMP"", ""startPeriod"": 2003, ""cpa2_1"": ""CPA_MIG_COG""}",,,2003-01
FI_IMPPR_006,eurostat,3,Prices,FI,Import prices consumer goods industry,STS_INPI_M,,"{""geo"": ""FI"", ""s_adj"": ""NSA"", ""unit"": ""I21"", ""indic_bt"": ""PRC_IMP"", ""startPeriod"": 2003, ""cpa2_1"": ""CPA_MIG_COG""}",,,2003-01
FR_IMPPR_006,eurostat,3,Prices,FR,Import prices consumer goods industry,STS_INPI_M,,"{""geo"": ""FR"", ""s_adj"": ""NSA"", ""unit"": ""I21"", ""indic_bt"": ""PRC_IMP"", ""startPeriod"": 2003, ""cpa2_1"": ""CPA_MIG_COG""}",,,2003-01
GR_IMPPR_006,eurostat,3,Prices,GR,Import prices consumer goods industry,STS_INPI_M,,"{""geo"": ""EL"", ""s_adj"": ""NSA"", ""unit"": ""I21"", ""indic_bt"": ""PRC_IMP"", ""startPeriod"": 2003, ""cpa2_1"": ""CPA_MIG_COG""}",,,2003-01
IE_IMPPR_006,eurostat,3,Prices,IE,Import prices consumer goods industry,STS_INPI_M,,"{""geo"": ""IE"", ""s_adj"": ""NSA"", ""unit"": ""I21"", ""indic_bt"": ""PRC_IMP"", ""startPeriod"": 2003, ""cpa2_1"": ""CPA_MIG_COG""}",,,2003-01
IT_IMPPR_006,eurostat,3,Prices,IT,Import prices consumer goods industry,STS_INPI_M,,"{""geo"": ""IT"", ""s_adj"": ""NSA"", ""unit"": ""I21"", ""indic_bt"": ""PRC_IMP"", ""startPeriod"": 2003, ""cpa2_1"": ""CPA_MIG_COG""}",,,2003-01
LT_IMPPR_006,eurostat,3,Prices,LT,Import prices consumer goods industry,STS_INPI_M,,"{""geo"": ""LT"", ""s_adj"": ""NSA"", ""unit"": ""I21"", ""indic_bt"": ""PRC_IMP"", ""startPeriod"": 2003, ""cpa2_1"": ""CPA_MIG_COG""}",,,2003-01
LU_IMPPR_006,eurostat,3,Prices,LU,Import prices consumer goods industry,STS_INPI_M,,"{""geo"": ""LU"", ""s_adj"": ""NSA"", ""unit"": ""I21"", ""indic_bt"": ""PRC_IMP"", ""startPeriod"": 2003, ""cpa2_1"": ""CPA_MIG_COG""}",,,2003-01
LV_IMPPR_006,eurostat,3,Prices,LV,Import prices consumer goods industry,STS_INPI_M,,"{""geo"": ""LV"", ""s_adj"": ""NSA"", ""unit"": ""I21"", ""indic_bt"": ""PRC_IMP"", ""startPeriod"": 2003, ""cpa2_1"": ""CPA_MIG_COG""}",,,2003-01
MT_IMPPR_006,eurostat,3,Prices,MT,Import prices consumer goods industry,STS_INPI_M,,"{""geo"": ""MT"", ""s_adj"": ""NSA"", ""unit"": ""I21"", ""indic_bt"": ""PRC_IMP"", ""startPeriod"": 2003, ""cpa2_1"": ""CPA_MIG_COG""}",,,2003-01
NL_IMPPR_006,eurostat,3,Prices,NL,Import prices consumer goods industry,STS_INPI_M,,"{""geo"": ""NL"", ""s_adj"": ""NSA"", ""unit"": ""I21"", ""indic_bt"": ""PRC_IMP"", ""startPeriod"": 2003, ""cpa2_1"": ""CPA_MIG_COG""}",,,2003-01
PT_IMPPR_006,eurostat,3,Prices,PT,Import prices consumer goods industry,STS_INPI_M,,"{""geo"": ""PT"", ""s_adj"": ""NSA"", ""unit"": ""I21"", ""indic_bt"": ""PRC_IMP"", ""startPeriod"": 2003, ""cpa2_1"": ""CPA_MIG_COG""}",,,2003-01
SI_IMPPR_006,eurostat,3,Prices,SI,Import prices consumer goods industry,STS_INPI_M,,"{""geo"": ""SI"", ""s_adj"": ""NSA"", ""unit"": ""I21"", ""indic_bt"": ""PRC_IMP"", ""startPeriod"": 2003, ""cpa2_1"": ""CPA_MIG_COG""}",,,2003-01
SK_IMPPR_006,eurostat,3,Prices,SK,Import prices consumer goods industry,STS_INPI_M,,"{""geo"": ""SK"", ""s_adj"": ""NSA"", ""unit"": ""I21"", ""indic_bt"": ""PRC_IMP"", ""startPeriod"": 2003, ""cpa2_1"": ""CPA_MIG_COG""}",,,2003-01
AT_IMPPR_007,eurostat,3,Prices,AT,Import prices MIG energy (excl section E),STS_INPI_M,,"{""geo"": ""AT"", ""s_adj"": ""NSA"", ""unit"": ""I21"", ""indic_bt"": ""PRC_IMP"", ""startPeriod"": 2003, ""cpa2_1"": ""CPA_MIG_NRG_X_E""}",,,2003-01
BE_IMPPR_007,eurostat,3,Prices,BE,Import prices MIG energy (excl section E),STS_INPI_M,,"{""geo"": ""BE"", ""s_adj"": ""NSA"", ""unit"": ""I21"", ""indic_bt"": ""PRC_IMP"", ""startPeriod"": 2003, ""cpa2_1"": ""CPA_MIG_NRG_X_E""}",,,2003-01
CY_IMPPR_007,eurostat,3,Prices,CY,Import prices MIG energy (excl section E),STS_INPI_M,,"{""geo"": ""CY"", ""s_adj"": ""NSA"", ""unit"": ""I21"", ""indic_bt"": ""PRC_IMP"", ""startPeriod"": 2003, ""cpa2_1"": ""CPA_MIG_NRG_X_E""}",,,2003-01
DE_IMPPR_007,eurostat,3,Prices,DE,Import prices MIG energy (excl section E),STS_INPI_M,,"{""geo"": ""DE"", ""s_adj"": ""NSA"", ""unit"": ""I21"", ""indic_bt"": ""PRC_IMP"", ""startPeriod"": 2003, ""cpa2_1"": ""CPA_MIG_NRG_X_E""}",,,2003-01
EE_IMPPR_007,eurostat,3,Prices,EE,Import prices MIG energy (excl section E),STS_INPI_M,,"{""geo"": ""EE"", ""s_adj"": ""NSA"", ""unit"": ""I21"", ""indic_bt"": ""PRC_IMP"", ""startPeriod"": 2003, ""cpa2_1"": ""CPA_MIG_NRG_X_E""}",,,2003-01
ES_IMPPR_007,eurostat,3,Prices,ES,Import prices MIG energy (excl section E),STS_INPI_M,,"{""geo"": ""ES"", ""s_adj"": ""NSA"", ""unit"": ""I21"", ""indic_bt"": ""PRC_IMP"", ""startPeriod"": 2003, ""cpa2_1"": ""CPA_MIG_NRG_X_E""}",,,2003-01
FI_IMPPR_007,eurostat,3,Prices,FI,Import prices MIG energy (excl section E),STS_INPI_M,,"{""geo"": ""FI"", ""s_adj"": ""NSA"", ""unit"": ""I21"", ""indic_bt"": ""PRC_IMP"", ""startPeriod"": 2003, ""cpa2_1"": ""CPA_MIG_NRG_X_E""}",,,2003-01
FR_IMPPR_007,eurostat,3,Prices,FR,Import prices MIG energy (excl section E),STS_INPI_M,,"{""geo"": ""FR"", ""s_adj"": ""NSA"", ""unit"": ""I21"", ""indic_bt"": ""PRC_IMP"", ""startPeriod"": 2003, ""cpa2_1"": ""CPA_MIG_NRG_X_E""}",,,2003-01
GR_IMPPR_007,eurostat,3,Prices,GR,Import prices MIG energy (excl section E),STS_INPI_M,,"{""geo"": ""EL"", ""s_adj"": ""NSA"", ""unit"": ""I21"", ""indic_bt"": ""PRC_IMP"", ""startPeriod"": 2003, ""cpa2_1"": ""CPA_MIG_NRG_X_E""}",,,2003-01
IE_IMPPR_007,eurostat,3,Prices,IE,Import prices MIG energy (excl section E),STS_INPI_M,,"{""geo"": ""IE"", ""s_adj"": ""NSA"", ""unit"": ""I21"", ""indic_bt"": ""PRC_IMP"", ""startPeriod"": 2003, ""cpa2_1"": ""CPA_MIG_NRG_X_E""}",,,2003-01
IT_IMPPR_007,eurostat,3,Prices,IT,Import prices MIG energy (excl section E),STS_INPI_M,,"{""geo"": ""IT"", ""s_adj"": ""NSA"", ""unit"": ""I21"", ""indic_bt"": ""PRC_IMP"", ""startPeriod"": 2003, ""cpa2_1"": ""CPA_MIG_NRG_X_E""}",,,2003-01
LT_IMPPR_007,eurostat,3,Prices,LT,Import prices MIG energy (excl section E),STS_INPI_M,,"{""geo"": ""LT"", ""s_adj"": ""NSA"", ""unit"": ""I21"", ""indic_bt"": ""PRC_IMP"", ""startPeriod"": 2003, ""cpa2_1"": ""CPA_MIG_NRG_X_E""}",,,2003-01
LU_IMPPR_007,eurostat,3,Prices,LU,Import prices MIG energy (excl section E),STS_INPI_M,,"{""geo"": ""LU"", ""s_adj"": ""NSA"", ""unit"": ""I21"", ""indic_bt"": ""PRC_IMP"", ""startPeriod"": 2003, ""cpa2_1"": ""CPA_MIG_NRG_X_E""}",,,2003-01
LV_IMPPR_007,eurostat,3,Prices,LV,Import prices MIG energy (excl section E),STS_INPI_M,,"{""geo"": ""LV"", ""s_adj"": ""NSA"", ""unit"": ""I21"", ""indic_bt"": ""PRC_IMP"", ""startPeriod"": 2003, ""cpa2_1"": ""CPA_MIG_NRG_X_E""}",,,2003-01
MT_IMPPR_007,eurostat,3,Prices,MT,Import prices MIG energy (excl section E),STS_INPI_M,,"{""geo"": ""MT"", ""s_adj"": ""NSA"", ""unit"": ""I21"", ""indic_bt"": ""PRC_IMP"", ""startPeriod"": 2003, ""cpa2_1"": ""CPA_MIG_NRG_X_E""}",,,2003-01
NL_IMPPR_007,eurostat,3,Prices,NL,Import prices MIG energy (excl section E),STS_INPI_M,,"{""geo"": ""NL"", ""s_adj"": ""NSA"", ""unit"": ""I21"", ""indic_bt"": ""PRC_IMP"", ""startPeriod"": 2003, ""cpa2_1"": ""CPA_MIG_NRG_X_E""}",,,2003-01
PT_IMPPR_007,eurostat,3,Prices,PT,Import prices MIG energy (excl section E),STS_INPI_M,,"{""geo"": ""PT"", ""s_adj"": ""NSA"", ""unit"": ""I21"", ""indic_bt"": ""PRC_IMP"", ""startPeriod"": 2003, ""cpa2_1"": ""CPA_MIG_NRG_X_E""}",,,2003-01
SI_IMPPR_007,eurostat,3,Prices,SI,Import prices MIG energy (excl section E),STS_INPI_M,,"{""geo"": ""SI"", ""s_adj"": ""NSA"", ""unit"": ""I21"", ""indic_bt"": ""PRC_IMP"", ""startPeriod"": 2003, ""cpa2_1"": ""CPA_MIG_NRG_X_E""}",,,2003-01
SK_IMPPR_007,eurostat,3,Prices,SK,Import prices MIG energy (excl section E),STS_INPI_M,,"{""geo"": ""SK"", ""s_adj"": ""NSA"", ""unit"": ""I21"", ""indic_bt"": ""PRC_IMP"", ""startPeriod"": 2003, ""cpa2_1"": ""CPA_MIG_NRG_X_E""}",,,2003-01
AT_HICP_001,eurostat,3,Prices,AT,HICP overall index,PRC_HICP_MIDX,,"{""geo"": ""AT"", ""unit"": ""I15"", ""startPeriod"": 2003, ""coicop"": ""CP00""}",,,2003-01
BE_HICP_001,eurostat,3,Prices,BE,HICP overall index,PRC_HICP_MIDX,,"{""geo"": ""BE"", ""unit"": ""I15"", ""startPeriod"": 2003, ""coicop"": ""CP00""}",,,2003-01
CY_HICP_001,eurostat,3,Prices,CY,HICP overall index,PRC_HICP_MIDX,,"{""geo"": ""CY"", ""unit"": ""I15"", ""startPeriod"": 2003, ""coicop"": ""CP00""}",,,2003-01
DE_HICP_001,eurostat,3,Prices,DE,HICP overall index,PRC_HICP_MIDX,,"{""geo"": ""DE"", ""unit"": ""I15"", ""startPeriod"": 2003, ""coicop"": ""CP00""}",,,2003-01
EE_HICP_001,eurostat,3,Prices,EE,HICP overall index,PRC_HICP_MIDX,,"{""geo"": ""EE"", ""unit"": ""I15"", ""startPeriod"": 2003, ""coicop"": ""CP00""}",,,2003-01
ES_HICP_001,eurostat,3,Prices,ES,HICP overall index,PRC_HICP_MIDX,,"{""geo"": ""ES"", ""unit"": ""I15"", ""startPeriod"": 2003, ""coicop"": ""CP00""}",,,2003-01
FI_HICP_001,eurostat,3,Prices,FI,HICP overall index,PRC_HICP_MIDX,,"{""geo"": ""FI"", ""unit"": ""I15"", ""startPeriod"": 2003, ""coicop"": ""CP00""}",,,2003-01
FR_HICP_001,eurostat,3,Prices,FR,HICP overall index,PRC_HICP_MIDX,,"{""geo"": ""FR"", ""unit"": ""I15"", ""startPeriod"": 2003, ""coicop"": ""CP00""}",,,2003-01
GR_HICP_001,eurostat,3,Prices,GR,HICP overall index,PRC_HICP_MIDX,,"{""geo"": ""EL"", ""unit"": ""I15"", ""startPeriod"": 2003, ""coicop"": ""CP00""}",,,2003-01
IE_HICP_001,eurostat,3,Prices,IE,HICP overall index,PRC_HICP_MIDX,,"{""geo"": ""IE"", ""unit"": ""I15"", ""startPeriod"": 2003, ""coicop"": ""CP00""}",,,2003-01
IT_HICP_001,eurostat,3,Prices,IT,HICP overall index,PRC_HICP_MIDX,,"{""geo"": ""IT"", ""unit"": ""I15"", ""startPeriod"": 2003, ""coicop"": ""CP00""}",,,2003-01
LT_HICP_001,eurostat,3,Prices,LT,HICP overall index,PRC_HICP_MIDX,,"{""geo"": ""LT"", ""unit"": ""I15"", ""startPeriod"": 2003, ""coicop"": ""CP00""}",,,2003-01
LU_HICP_001,eurostat,3,Prices,LU,HICP overall index,PRC_HICP_MIDX,,"{""geo"": ""LU"", ""unit"": ""I15"", ""startPeriod"": 2003, ""coicop"": ""CP00""}",,,2003-01
LV_HICP_001,eurostat,3,Prices,LV,HICP overall index,PRC_HICP_MIDX,,"{""geo"": ""LV"", ""unit"": ""I15"", ""startPeriod"": 2003, ""coicop"": ""CP00""}",,,2003-01
MT_HICP_001,eurostat,3,Prices,MT,HICP overall index,PRC_HICP_MIDX,,"{""geo"": ""MT"", ""unit"": ""I15"", ""startPeriod"": 2003, ""coicop"": ""CP00""}",,,2003-01
NL_HICP_001,eurostat,3,Prices,NL,HICP overall index,PRC_HICP_MIDX,,"{""geo"": ""NL"", ""unit"": ""I15"", ""startPeriod"": 2003, ""coicop"": ""CP00""}",,,2003-01
PT_HICP_001,eurostat,3,Prices,PT,HICP overall index,PRC_HICP_MIDX,,"{""geo"": ""PT"", ""unit"": ""I15"", ""startPeriod"": 2003, ""coicop"": ""CP00""}",,,2003-01
SI_HICP_001,eurostat,3,Prices,SI,HICP overall index,PRC_HICP_MIDX,,"{""geo"": ""SI"", ""unit"": ""I15"", ""startPeriod"": 2003, ""coicop"": ""CP00""}",,,2003-01
SK_HICP_001,eurostat,3,Prices,SK,HICP overall index,PRC_HICP_MIDX,,"{""geo"": ""SK"", ""unit"": ""I15"", ""startPeriod"": 2003, ""coicop"": ""CP00""}",,,2003-01
AT_HICP_002,eurostat,3,Prices,AT,HICP energy,PRC_HICP_MIDX,,"{""geo"": ""AT"", ""unit"": ""I15"", ""startPeriod"": 2003, ""coicop"": ""NRG""}",,,2003-01
BE_HICP_002,eurostat,3,Prices,BE,HICP energy,PRC_HICP_MIDX,,"{""geo"": ""BE"", ""unit"": ""I15"", ""startPeriod"": 2003, ""coicop"": ""NRG""}",,,2003-01
CY_HICP_002,eurostat,3,Prices,CY,HICP energy,PRC_HICP_MIDX,,"{""geo"": ""CY"", ""unit"": ""I15"", ""startPeriod"": 2003, ""coicop"": ""NRG""}",,,2003-01
DE_HICP_002,eurostat,3,Prices,DE,HICP energy,PRC_HICP_MIDX,,"{""geo"": ""DE"", ""unit"": ""I15"", ""startPeriod"": 2003, ""coicop"": ""NRG""}",,,2003-01
EE_HICP_002,eurostat,3,Prices,EE,HICP energy,PRC_HICP_MIDX,,"{""geo"": ""EE"", ""unit"": ""I15"", ""startPeriod"": 2003, ""coicop"": ""NRG""}",,,2003-01
ES_HICP_002,eurostat,3,Prices,ES,HICP energy,PRC_HICP_MIDX,,"{""geo"": ""ES"", ""unit"": ""I15"", ""startPeriod"": 2003, ""coicop"": ""NRG""}",,,2003-01
FI_HICP_002,eurostat,3,Prices,FI,HICP energy,PRC_HICP_MIDX,,"{""geo"": ""FI"", ""unit"": ""I15"", ""startPeriod"": 2003, ""coicop"": ""NRG""}",,,2003-01
FR_HICP_002,eurostat,3,Prices,FR,HICP energy,PRC_HICP_MIDX,,"{""geo"": ""FR"", ""unit"": ""I15"", ""startPeriod"": 2003, ""coicop"": ""NRG""}",,,2003-01
GR_HICP_002,eurostat,3,Prices,GR,HICP energy,PRC_HICP_MIDX,,"{""geo"": ""EL"", ""unit"": ""I15"", ""startPeriod"": 2003, ""coicop"": ""NRG""}",,,2003-01
IE_HICP_002,eurostat,3,Prices,IE,HICP energy,PRC_HICP_MIDX,,"{""geo"": ""IE"", ""unit"": ""I15"", ""startPeriod"": 2003, ""coicop"": ""NRG""}",,,2003-01
IT_HICP_002,eurostat,3,Prices,IT,HICP energy,PRC_HICP_MIDX,,"{""geo"": ""IT"", ""unit"": ""I15"", ""startPeriod"": 2003, ""coicop"": ""NRG""}",,,2003-01
LT_HICP_002,eurostat,3,Prices,LT,HICP energy,PRC_HICP_MIDX,,"{""geo"": ""LT"", ""unit"": ""I15"", ""startPeriod"": 2003, ""coicop"": ""NRG""}",,,2003-01
LU_HICP_002,eurostat,3,Prices,LU,HICP energy,PRC_HICP_MIDX,,"{""geo"": ""LU"", ""unit"": ""I15"", ""startPeriod"": 2003, ""coicop"": ""NRG""}",,,2003-01
LV_HICP_002,eurostat,3,Prices,LV,HICP energy,PRC_HICP_MIDX,,"{""geo"": ""LV"", ""unit"": ""I15"", ""startPeriod"": 2003, ""coicop"": ""NRG""}",,,2003-01
MT_HICP_002,eurostat,3,Prices,MT,HICP energy,PRC_HICP_MIDX,,"{""geo"": ""MT"", ""unit"": ""I15"", ""startPeriod"": 2003, ""coicop"": ""NRG""}",,,2003-01
NL_HICP_002,eurostat,3,Prices,NL,HICP energy,PRC_HICP_MIDX,,"{""geo"": ""NL"", ""unit"": ""I15"", ""startPeriod"": 2003, ""coicop"": ""NRG""}",,,2003-01
PT_HICP_002,eurostat,3,Prices,PT,HICP energy,PRC_HICP_MIDX,,"{""geo"": ""PT"", ""unit"": ""I15"", ""startPeriod"": 2003, ""coicop"": ""NRG""}",,,2003-01
SI_HICP_002,eurostat,3,Prices,SI,HICP energy,PRC_HICP_MIDX,,"{""geo"": ""SI"", ""unit"": ""I15"", ""startPeriod"": 2003, ""coicop"": ""NRG""}",,,2003-01
SK_HICP_002,eurostat,3,Prices,SK,HICP energy,PRC_HICP_MIDX,,"{""geo"": ""SK"", ""unit"": ""I15"", ""startPeriod"": 2003, ""coicop"": ""NRG""}",,,2003-01
AT_HICP_003,eurostat,3,Prices,AT,HICP industrial goods,PRC_HICP_MIDX,,"{""geo"": ""AT"", ""unit"": ""I15"", ""startPeriod"": 2003, ""coicop"": ""IGD""}",,,2003-01
BE_HICP_003,eurostat,3,Prices,BE,HICP industrial goods,PRC_HICP_MIDX,,"{""geo"": ""BE"", ""unit"": ""I15"", ""startPeriod"": 2003, ""coicop"": ""IGD""}",,,2003-01
CY_HICP_003,eurostat,3,Prices,CY,HICP industrial goods,PRC_HICP_MIDX,,"{""geo"": ""CY"", ""unit"": ""I15"", ""startPeriod"": 2003, ""coicop"": ""IGD""}",,,2003-01
DE_HICP_003,eurostat,3,Prices,DE,HICP industrial goods,PRC_HICP_MIDX,,"{""geo"": ""DE"", ""unit"": ""I15"", ""startPeriod"": 2003, ""coicop"": ""IGD""}",,,2003-01
EE_HICP_003,eurostat,3,Prices,EE,HICP industrial goods,PRC_HICP_MIDX,,"{""geo"": ""EE"", ""unit"": ""I15"", ""startPeriod"": 2003, ""coicop"": ""IGD""}",,,2003-01
ES_HICP_003,eurostat,3,Prices,ES,HICP industrial goods,PRC_HICP_MIDX,,"{""geo"": ""ES"", ""unit"": ""I15"", ""startPeriod"": 2003, ""coicop"": ""IGD""}",,,2003-01
FI_HICP_003,eurostat,3,Prices,FI,HICP industrial goods,PRC_HICP_MIDX,,"{""geo"": ""FI"", ""unit"": ""I15"", ""startPeriod"": 2003, ""coicop"": ""IGD""}",,,2003-01
FR_HICP_003,eurostat,3,Prices,FR,HICP industrial goods,PRC_HICP_MIDX,,"{""geo"": ""FR"", ""unit"": ""I15"", ""startPeriod"": 2003, ""coicop"": ""IGD""}",,,2003-01
GR_HICP_003,eurostat,3,Prices,GR,HICP industrial goods,PRC_HICP_MIDX,,"{""geo"": ""EL"", ""unit"": ""I15"", ""startPeriod"": 2003, ""coicop"": ""IGD""}",,,2003-01
IE_HICP_003,eurostat,3,Prices,IE,HICP industrial goods,PRC_HICP_MIDX,,"{""geo"": ""IE"", ""unit"": ""I15"", ""startPeriod"": 2003, ""coicop"": ""IGD""}",,,2003-01
IT_HICP_003,eurostat,3,Prices,IT,HICP industrial goods,PRC_HICP_MIDX,,"{""geo"": ""IT"", ""unit"": ""I15"", ""startPeriod"": 2003, ""coicop"": ""IGD""}",,,2003-01
LT_HICP_003,eurostat,3,Prices,LT,HICP industrial goods,PRC_HICP_MIDX,,"{""geo"": ""LT"", ""unit"": ""I15"", ""startPeriod"": 2003, ""coicop"": ""IGD""}",,,2003-01
LU_HICP_003,eurostat,3,Prices,LU,HICP industrial goods,PRC_HICP_MIDX,,"{""geo"": ""LU"", ""unit"": ""I15"", ""startPeriod"": 2003, ""coicop"": ""IGD""}",,,2003-01
LV_HICP_003,eurostat,3,Prices,LV,HICP industrial goods,PRC_HICP_MIDX,,"{""geo"": ""LV"", ""unit"": ""I15"", ""startPeriod"": 2003, ""coicop"": ""IGD""}",,,2003-01
MT_HICP_003,eurostat,3,Prices,MT,HICP industrial goods,PRC_HICP_MIDX,,"{""geo"": ""MT"", ""unit"": ""I15"", ""startPeriod"": 2003, ""coicop"": ""IGD""}",,,2003-01
NL_HICP_003,eurostat,3,Prices,NL,HICP industrial goods,PRC_HICP_MIDX,,"{""geo"": ""NL"", ""unit"": ""I15"", ""startPeriod"": 2003, ""coicop"": ""IGD""}",,,2003-01
PT_HICP_003,eurostat,3,Prices,PT,HICP industrial goods,PRC_HICP_MIDX,,"{""geo"": ""PT"", ""unit"": ""I15"", ""startPeriod"": 2003, ""coicop"": ""IGD""}",,,2003-01
SI_HICP_003,eurostat,3,Prices,SI,HICP industrial goods,PRC_HICP_MIDX,,"{""geo"": ""SI"", ""unit"": ""I15"", ""startPeriod"": 2003, ""coicop"": ""IGD""}",,,2003-01
SK_HICP_003,eurostat,3,Prices,SK,HICP industrial goods,PRC_HICP_MIDX,,"{""geo"": ""SK"", ""unit"": ""I15"", ""startPeriod"": 2003, ""coicop"": ""IGD""}",,,2003-01
AT_HICP_004,eurostat,3,Prices,AT,HICP goods,PRC_HICP_MIDX,,"{""geo"": ""AT"", ""unit"": ""I15"", ""startPeriod"": 2003, ""coicop"": ""GD""}",,,2003-01
BE_HICP_004,eurostat,3,Prices,BE,HICP goods,PRC_HICP_MIDX,,"{""geo"": ""BE"", ""unit"": ""I15"", ""startPeriod"": 2003, ""coicop"": ""GD""}",,,2003-01
CY_HICP_004,eurostat,3,Prices,CY,HICP goods,PRC_HICP_MIDX,,"{""geo"": ""CY"", ""unit"": ""I15"", ""startPeriod"": 2003, ""coicop"": ""GD""}",,,2003-01
DE_HICP_004,eurostat,3,Prices,DE,HICP goods,PRC_HICP_MIDX,,"{""geo"": ""DE"", ""unit"": ""I15"", ""startPeriod"": 2003, ""coicop"": ""GD""}",,,2003-01
EE_HICP_004,eurostat,3,Prices,EE,HICP goods,PRC_HICP_MIDX,,"{""geo"": ""EE"", ""unit"": ""I15"", ""startPeriod"": 2003, ""coicop"": ""GD""}",,,2003-01
ES_HICP_004,eurostat,3,Prices,ES,HICP goods,PRC_HICP_MIDX,,"{""geo"": ""ES"", ""unit"": ""I15"", ""startPeriod"": 2003, ""coicop"": ""GD""}",,,2003-01
FI_HICP_004,eurostat,3,Prices,FI,HICP goods,PRC_HICP_MIDX,,"{""geo"": ""FI"", ""unit"": ""I15"", ""startPeriod"": 2003, ""coicop"": ""GD""}",,,2003-01
FR_HICP_004,eurostat,3,Prices,FR,HICP goods,PRC_HICP_MIDX,,"{""geo"": ""FR"", ""unit"": ""I15"", ""startPeriod"": 2003, ""coicop"": ""GD""}",,,2003-01
GR_HICP_004,eurostat,3,Prices,GR,HICP goods,PRC_HICP_MIDX,,"{""geo"": ""EL"", ""unit"": ""I15"", ""startPeriod"": 2003, ""coicop"": ""GD""}",,,2003-01
IE_HICP_004,eurostat,3,Prices,IE,HICP goods,PRC_HICP_MIDX,,"{""geo"": ""IE"", ""unit"": ""I15"", ""startPeriod"": 2003, ""coicop"": ""GD""}",,,2003-01
IT_HICP_004,eurostat,3,Prices,IT,HICP goods,PRC_HICP_MIDX,,"{""geo"": ""IT"", ""unit"": ""I15"", ""startPeriod"": 2003, ""coicop"": ""GD""}",,,2003-01
LT_HICP_004,eurostat,3,Prices,LT,HICP goods,PRC_HICP_MIDX,,"{""geo"": ""LT"", ""unit"": ""I15"", ""startPeriod"": 2003, ""coicop"": ""GD""}",,,2003-01
LU_HICP_004,eurostat,3,Prices,LU,HICP goods,PRC_HICP_MIDX,,"{""geo"": ""LU"", ""unit"": ""I15"", ""startPeriod"": 2003, ""coicop"": ""GD""}",,,2003-01
LV_HICP_004,eurostat,3,Prices,LV,HICP goods,PRC_HICP_MIDX,,"{""geo"": ""LV"", ""unit"": ""I15"", ""startPeriod"": 2003, ""coicop"": ""GD""}",,,2003-01
MT_HICP_004,eurostat,3,Prices,MT,HICP goods,PRC_HICP_MIDX,,"{""geo"": ""MT"", ""unit"": ""I15"", ""startPeriod"": 2003, ""coicop"": ""GD""}",,,2003-01
NL_HICP_004,eurostat,3,Prices,NL,HICP goods,PRC_HICP_MIDX,,"{""geo"": ""NL"", ""unit"": ""I15"", ""startPeriod"": 2003, ""coicop"": ""GD""}",,,2003-01
PT_HICP_004,eurostat,3,Prices,PT,HICP goods,PRC_HICP_MIDX,,"{""geo"": ""PT"", ""unit"": ""I15"", ""startPeriod"": 2003, ""coicop"": ""GD""}",,,2003-01
SI_HICP_004,eurostat,3,Prices,SI,HICP goods,PRC_HICP_MIDX,,"{""geo"": ""SI"", ""unit"": ""I15"", ""startPeriod"": 2003, ""coicop"": ""GD""}",,,2003-01
SK_HICP_004,eurostat,3,Prices,SK,HICP goods,PRC_HICP_MIDX,,"{""geo"": ""SK"", ""unit"": ""I15"", ""startPeriod"": 2003, ""coicop"": ""GD""}",,,2003-01
AT_HICP_005,eurostat,3,Prices,AT,HICP food incl alcohol & tobacco,PRC_HICP_MIDX,,"{""geo"": ""AT"", ""unit"": ""I15"", ""startPeriod"": 2003, ""coicop"": ""FOOD""}",,,2003-01
BE_HICP_005,eurostat,3,Prices,BE,HICP food incl alcohol & tobacco,PRC_HICP_MIDX,,"{""geo"": ""BE"", ""unit"": ""I15"", ""startPeriod"": 2003, ""coicop"": ""FOOD""}",,,2003-01
CY_HICP_005,eurostat,3,Prices,CY,HICP food incl alcohol & tobacco,PRC_HICP_MIDX,,"{""geo"": ""CY"", ""unit"": ""I15"", ""startPeriod"": 2003, ""coicop"": ""FOOD""}",,,2003-01
DE_HICP_005,eurostat,3,Prices,DE,HICP food incl alcohol & tobacco,PRC_HICP_MIDX,,"{""geo"": ""DE"", ""unit"": ""I15"", ""startPeriod"": 2003, ""coicop"": ""FOOD""}",,,2003-01
EE_HICP_005,eurostat,3,Prices,EE,HICP food incl alcohol & tobacco,PRC_HICP_MIDX,,"{""geo"": ""EE"", ""unit"": ""I15"", ""startPeriod"": 2003, ""coicop"": ""FOOD""}",,,2003-01
ES_HICP_005,eurostat,3,Prices,ES,HICP food incl alcohol & tobacco,PRC_HICP_MIDX,,"{""geo"": ""ES"", ""unit"": ""I15"", ""startPeriod"": 2003, ""coicop"": ""FOOD""}",,,2003-01
FI_HICP_005,eurostat,3,Prices,FI,HICP food incl alcohol & tobacco,PRC_HICP_MIDX,,"{""geo"": ""FI"", ""unit"": ""I15"", ""startPeriod"": 2003, ""coicop"": ""FOOD""}",,,2003-01
FR_HICP_005,eurostat,3,Prices,FR,HICP food incl alcohol & tobacco,PRC_HICP_MIDX,,"{""geo"": ""FR"", ""unit"": ""I15"", ""startPeriod"": 2003, ""coicop"": ""FOOD""}",,,2003-01
GR_HICP_005,eurostat,3,Prices,GR,HICP food incl alcohol & tobacco,PRC_HICP_MIDX,,"{""geo"": ""EL"", ""unit"": ""I15"", ""startPeriod"": 2003, ""coicop"": ""FOOD""}",,,2003-01
IE_HICP_005,eurostat,3,Prices,IE,HICP food incl alcohol & tobacco,PRC_HICP_MIDX,,"{""geo"": ""IE"", ""unit"": ""I15"", ""startPeriod"": 2003, ""coicop"": ""FOOD""}",,,2003-01
IT_HICP_005,eurostat,3,Prices,IT,HICP food incl alcohol & tobacco,PRC_HICP_MIDX,,"{""geo"": ""IT"", ""unit"": ""I15"", ""startPeriod"": 2003, ""coicop"": ""FOOD""}",,,2003-01
LT_HICP_005,eurostat,3,Prices,LT,HICP food incl alcohol & tobacco,PRC_HICP_MIDX,,"{""geo"": ""LT"", ""unit"": ""I15"", ""startPeriod"": 2003, ""coicop"": ""FOOD""}",,,2003-01
LU_HICP_005,eurostat,3,Prices,LU,HICP food incl alcohol & tobacco,PRC_HICP_MIDX,,"{""geo"": ""LU"", ""unit"": ""I15"", ""startPeriod"": 2003, ""coicop"": ""FOOD""}",,,2003-01
LV_HICP_005,eurostat,3,Prices,LV,HICP food incl alcohol & tobacco,PRC_HICP_MIDX,,"{""geo"": ""LV"", ""unit"": ""I15"", ""startPeriod"": 2003, ""coicop"": ""FOOD""}",,,2003-01
MT_HICP_005,eurostat,3,Prices,MT,HICP food incl alcohol & tobacco,PRC_HICP_MIDX,,"{""geo"": ""MT"", ""unit"": ""I15"", ""startPeriod"": 2003, ""coicop"": ""FOOD""}",,,2003-01
NL_HICP_005,eurostat,3,Prices,NL,HICP food incl alcohol & tobacco,PRC_HICP_MIDX,,"{""geo"": ""NL"", ""unit"": ""I15"", ""startPeriod"": 2003, ""coicop"": ""FOOD""}",,,2003-01
PT_HICP_005,eurostat,3,Prices,PT,HICP food incl alcohol & tobacco,PRC_HICP_MIDX,,"{""geo"": ""PT"", ""unit"": ""I15"", ""startPeriod"": 2003, ""coicop"": ""FOOD""}",,,2003-01
SI_HICP_005,eurostat,3,Prices,SI,HICP food incl alcohol & tobacco,PRC_HICP_MIDX,,"{""geo"": ""SI"", ""unit"": ""I15"", ""startPeriod"": 2003, ""coicop"": ""FOOD""}",,,2003-01
SK_HICP_005,eurostat,3,Prices,SK,HICP food incl alcohol & tobacco,PRC_HICP_MIDX,,"{""geo"": ""SK"", ""unit"": ""I15"", ""startPeriod"": 2003, ""coicop"": ""FOOD""}",,,2003-01
AT_HICP_006,eurostat,3,Prices,AT,HICP services,PRC_HICP_MIDX,,"{""geo"": ""AT"", ""unit"": ""I15"", ""startPeriod"": 2003, ""coicop"": ""SERV""}",,,2003-01
BE_HICP_006,eurostat,3,Prices,BE,HICP services,PRC_HICP_MIDX,,"{""geo"": ""BE"", ""unit"": ""I15"", ""startPeriod"": 2003, ""coicop"": ""SERV""}",,,2003-01
CY_HICP_006,eurostat,3,Prices,CY,HICP services,PRC_HICP_MIDX,,"{""geo"": ""CY"", ""unit"": ""I15"", ""startPeriod"": 2003, ""coicop"": ""SERV""}",,,2003-01
DE_HICP_006,eurostat,3,Prices,DE,HICP services,PRC_HICP_MIDX,,"{""geo"": ""DE"", ""unit"": ""I15"", ""startPeriod"": 2003, ""coicop"": ""SERV""}",,,2003-01
EE_HICP_006,eurostat,3,Prices,EE,HICP services,PRC_HICP_MIDX,,"{""geo"": ""EE"", ""unit"": ""I15"", ""startPeriod"": 2003, ""coicop"": ""SERV""}",,,2003-01
ES_HICP_006,eurostat,3,Prices,ES,HICP services,PRC_HICP_MIDX,,"{""geo"": ""ES"", ""unit"": ""I15"", ""startPeriod"": 2003, ""coicop"": ""SERV""}",,,2003-01
FI_HICP_006,eurostat,3,Prices,FI,HICP services,PRC_HICP_MIDX,,"{""geo"": ""FI"", ""unit"": ""I15"", ""startPeriod"": 2003, ""coicop"": ""SERV""}",,,2003-01
FR_HICP_006,eurostat,3,Prices,FR,HICP services,PRC_HICP_MIDX,,"{""geo"": ""FR"", ""unit"": ""I15"", ""startPeriod"": 2003, ""coicop"": ""SERV""}",,,2003-01
GR_HICP_006,eurostat,3,Prices,GR,HICP services,PRC_HICP_MIDX,,"{""geo"": ""EL"", ""unit"": ""I15"", ""startPeriod"": 2003, ""coicop"": ""SERV""}",,,2003-01
IE_HICP_006,eurostat,3,Prices,IE,HICP services,PRC_HICP_MIDX,,"{""geo"": ""IE"", ""unit"": ""I15"", ""startPeriod"": 2003, ""coicop"": ""SERV""}",,,2003-01
IT_HICP_006,eurostat,3,Prices,IT,HICP services,PRC_HICP_MIDX,,"{""geo"": ""IT"", ""unit"": ""I15"", ""startPeriod"": 2003, ""coicop"": ""SERV""}",,,2003-01
LT_HICP_006,eurostat,3,Prices,LT,HICP services,PRC_HICP_MIDX,,"{""geo"": ""LT"", ""unit"": ""I15"", ""startPeriod"": 2003, ""coicop"": ""SERV""}",,,2003-01
LU_HICP_006,eurostat,3,Prices,LU,HICP services,PRC_HICP_MIDX,,"{""geo"": ""LU"", ""unit"": ""I15"", ""startPeriod"": 2003, ""coicop"": ""SERV""}",,,2003-01
LV_HICP_006,eurostat,3,Prices,LV,HICP services,PRC_HICP_MIDX,,"{""geo"": ""LV"", ""unit"": ""I15"", ""startPeriod"": 2003, ""coicop"": ""SERV""}",,,2003-01
MT_HICP_006,eurostat,3,Prices,MT,HICP services,PRC_HICP_MIDX,,"{""geo"": ""MT"", ""unit"": ""I15"", ""startPeriod"": 2003, ""coicop"": ""SERV""}",,,2003-01
NL_HICP_006,eurostat,3,Prices,NL,HICP services,PRC_HICP_MIDX,,"{""geo"": ""NL"", ""unit"": ""I15"", ""startPeriod"": 2003, ""coicop"": ""SERV""}",,,2003-01
PT_HICP_006,eurostat,3,Prices,PT,HICP services,PRC_HICP_MIDX,,"{""geo"": ""PT"", ""unit"": ""I15"", ""startPeriod"": 2003, ""coicop"": ""SERV""}",,,2003-01
SI_HICP_006,eurostat,3,Prices,SI,HICP services,PRC_HICP_MIDX,,"{""geo"": ""SI"", ""unit"": ""I15"", ""startPeriod"": 2003, ""coicop"": ""SERV""}",,,2003-01
SK_HICP_006,eurostat,3,Prices,SK,HICP services,PRC_HICP_MIDX,,"{""geo"": ""SK"", ""unit"": ""I15"", ""startPeriod"": 2003, ""coicop"": ""SERV""}",,,2003-01
AT_HICP_007,eurostat,3,Prices,AT,HICP transport services,PRC_HICP_MIDX,,"{""geo"": ""AT"", ""unit"": ""I15"", ""startPeriod"": 2003, ""coicop"": ""CP073""}",,,2003-01
BE_HICP_007,eurostat,3,Prices,BE,HICP transport services,PRC_HICP_MIDX,,"{""geo"": ""BE"", ""unit"": ""I15"", ""startPeriod"": 2003, ""coicop"": ""CP073""}",,,2003-01
CY_HICP_007,eurostat,3,Prices,CY,HICP transport services,PRC_HICP_MIDX,,"{""geo"": ""CY"", ""unit"": ""I15"", ""startPeriod"": 2003, ""coicop"": ""CP073""}",,,2003-01
DE_HICP_007,eurostat,3,Prices,DE,HICP transport services,PRC_HICP_MIDX,,"{""geo"": ""DE"", ""unit"": ""I15"", ""startPeriod"": 2003, ""coicop"": ""CP073""}",,,2003-01
EE_HICP_007,eurostat,3,Prices,EE,HICP transport services,PRC_HICP_MIDX,,"{""geo"": ""EE"", ""unit"": ""I15"", ""startPeriod"": 2003, ""coicop"": ""CP073""}",,,2003-01
ES_HICP_007,eurostat,3,Prices,ES,HICP transport services,PRC_HICP_MIDX,,"{""geo"": ""ES"", ""unit"": ""I15"", ""startPeriod"": 2003, ""coicop"": ""CP073""}",,,2003-01
FI_HICP_007,eurostat,3,Prices,FI,HICP transport services,PRC_HICP_MIDX,,"{""geo"": ""FI"", ""unit"": ""I15"", ""startPeriod"": 2003, ""coicop"": ""CP073""}",,,2003-01
FR_HICP_007,eurostat,3,Prices,FR,HICP transport services,PRC_HICP_MIDX,,"{""geo"": ""FR"", ""unit"": ""I15"", ""startPeriod"": 2003, ""coicop"": ""CP073""}",,,2003-01
GR_HICP_007,eurostat,3,Prices,GR,HICP transport services,PRC_HICP_MIDX,,"{""geo"": ""EL"", ""unit"": ""I15"", ""startPeriod"": 2003, ""coicop"": ""CP073""}",,,2003-01
IE_HICP_007,eurostat,3,Prices,IE,HICP transport services,PRC_HICP_MIDX,,"{""geo"": ""IE"", ""unit"": ""I15"", ""startPeriod"": 2003, ""coicop"": ""CP073""}",,,2003-01
IT_HICP_007,eurostat,3,Prices,IT,HICP transport services,PRC_HICP_MIDX,,"{""geo"": ""IT"", ""unit"": ""I15"", ""startPeriod"": 2003, ""coicop"": ""CP073""}",,,2003-01
LT_HICP_007,eurostat,3,Prices,LT,HICP transport services,PRC_HICP_MIDX,,"{""geo"": ""LT"", ""unit"": ""I15"", ""startPeriod"": 2003, ""coicop"": ""CP073""}",,,2003-01
LU_HICP_007,eurostat,3,Prices,LU,HICP transport services,PRC_HICP_MIDX,,"{""geo"": ""LU"", ""unit"": ""I15"", ""startPeriod"": 2003, ""coicop"": ""CP073""}",,,2003-01
LV_HICP_007,eurostat,3,Prices,LV,HICP transport services,PRC_HICP_MIDX,,"{""geo"": ""LV"", ""unit"": ""I15"", ""startPeriod"": 2003, ""coicop"": ""CP073""}",,,2003-01
MT_HICP_007,eurostat,3,Prices,MT,HICP transport services,PRC_HICP_MIDX,,"{""geo"": ""MT"", ""unit"": ""I15"", ""startPeriod"": 2003, ""coicop"": ""CP073""}",,,2003-01
NL_HICP_007,eurostat,3,Prices,NL,HICP transport services,PRC_HICP_MIDX,,"{""geo"": ""NL"", ""unit"": ""I15"", ""startPeriod"": 2003, ""coicop"": ""CP073""}",,,2003-01
PT_HICP_007,eurostat,3,Prices,PT,HICP transport services,PRC_HICP_MIDX,,"{""geo"": ""PT"", ""unit"": ""I15"", ""startPeriod"": 2003, ""coicop"": ""CP073""}",,,2003-01
SI_HICP_007,eurostat,3,Prices,SI,HICP transport services,PRC_HICP_MIDX,,"{""geo"": ""SI"", ""unit"": ""I15"", ""startPeriod"": 2003, ""coicop"": ""CP073""}",,,2003-01
SK_HICP_007,eurostat,3,Prices,SK,HICP transport services,PRC_HICP_MIDX,,"{""geo"": ""SK"", ""unit"": ""I15"", ""startPeriod"": 2003, ""coicop"": ""CP073""}",,,2003-01
AT_HICP_008,eurostat,3,Prices,AT,HICP excl housing/water/electricity/gas/other fuels,PRC_HICP_MIDX,,"{""geo"": ""AT"", ""unit"": ""I15"", ""startPeriod"": 2003, ""coicop"": ""TOT_X_HOUS""}",,,2003-01
BE_HICP_008,eurostat,3,Prices,BE,HICP excl housing/water/electricity/gas/other fuels,PRC_HICP_MIDX,,"{""geo"": ""BE"", ""unit"": ""I15"", ""startPeriod"": 2003, ""coicop"": ""TOT_X_HOUS""}",,,2003-01
CY_HICP_008,eurostat,3,Prices,CY,HICP excl housing/water/electricity/gas/other fuels,PRC_HICP_MIDX,,"{""geo"": ""CY"", ""unit"": ""I15"", ""startPeriod"": 2003, ""coicop"": ""TOT_X_HOUS""}",,,2003-01
DE_HICP_008,eurostat,3,Prices,DE,HICP excl housing/water/electricity/gas/other fuels,PRC_HICP_MIDX,,"{""geo"": ""DE"", ""unit"": ""I15"", ""startPeriod"": 2003, ""coicop"": ""TOT_X_HOUS""}",,,2003-01
EE_HICP_008,eurostat,3,Prices,EE,HICP excl housing/water/electricity/gas/other fuels,PRC_HICP_MIDX,,"{""geo"": ""EE"", ""unit"": ""I15"", ""startPeriod"": 2003, ""coicop"": ""TOT_X_HOUS""}",,,2003-01
ES_HICP_008,eurostat,3,Prices,ES,HICP excl housing/water/electricity/gas/other fuels,PRC_HICP_MIDX,,"{""geo"": ""ES"", ""unit"": ""I15"", ""startPeriod"": 2003, ""coicop"": ""TOT_X_HOUS""}",,,2003-01
FI_HICP_008,eurostat,3,Prices,FI,HICP excl housing/water/electricity/gas/other fuels,PRC_HICP_MIDX,,"{""geo"": ""FI"", ""unit"": ""I15"", ""startPeriod"": 2003, ""coicop"": ""TOT_X_HOUS""}",,,2003-01
FR_HICP_008,eurostat,3,Prices,FR,HICP excl housing/water/electricity/gas/other fuels,PRC_HICP_MIDX,,"{""geo"": ""FR"", ""unit"": ""I15"", ""startPeriod"": 2003, ""coicop"": ""TOT_X_HOUS""}",,,2003-01
GR_HICP_008,eurostat,3,Prices,GR,HICP excl housing/water/electricity/gas/other fuels,PRC_HICP_MIDX,,"{""geo"": ""EL"", ""unit"": ""I15"", ""startPeriod"": 2003, ""coicop"": ""TOT_X_HOUS""}",,,2003-01
IE_HICP_008,eurostat,3,Prices,IE,HICP excl housing/water/electricity/gas/other fuels,PRC_HICP_MIDX,,"{""geo"": ""IE"", ""unit"": ""I15"", ""startPeriod"": 2003, ""coicop"": ""TOT_X_HOUS""}",,,2003-01
IT_HICP_008,eurostat,3,Prices,IT,HICP excl housing/water/electricity/gas/other fuels,PRC_HICP_MIDX,,"{""geo"": ""IT"", ""unit"": ""I15"", ""startPeriod"": 2003, ""coicop"": ""TOT_X_HOUS""}",,,2003-01
LT_HICP_008,eurostat,3,Prices,LT,HICP excl housing/water/electricity/gas/other fuels,PRC_HICP_MIDX,,"{""geo"": ""LT"", ""unit"": ""I15"", ""startPeriod"": 2003, ""coicop"": ""TOT_X_HOUS""}",,,2003-01
LU_HICP_008,eurostat,3,Prices,LU,HICP excl housing/water/electricity/gas/other fuels,PRC_HICP_MIDX,,"{""geo"": ""LU"", ""unit"": ""I15"", ""startPeriod"": 2003, ""coicop"": ""TOT_X_HOUS""}",,,2003-01
LV_HICP_008,eurostat,3,Prices,LV,HICP excl housing/water/electricity/gas/other fuels,PRC_HICP_MIDX,,"{""geo"": ""LV"", ""unit"": ""I15"", ""startPeriod"": 2003, ""coicop"": ""TOT_X_HOUS""}",,,2003-01
MT_HICP_008,eurostat,3,Prices,MT,HICP excl housing/water/electricity/gas/other fuels,PRC_HICP_MIDX,,"{""geo"": ""MT"", ""unit"": ""I15"", ""startPeriod"": 2003, ""coicop"": ""TOT_X_HOUS""}",,,2003-01
NL_HICP_008,eurostat,3,Prices,NL,HICP excl housing/water/electricity/gas/other fuels,PRC_HICP_MIDX,,"{""geo"": ""NL"", ""unit"": ""I15"", ""startPeriod"": 2003, ""coicop"": ""TOT_X_HOUS""}",,,2003-01
PT_HICP_008,eurostat,3,Prices,PT,HICP excl housing/water/electricity/gas/other fuels,PRC_HICP_MIDX,,"{""geo"": ""PT"", ""unit"": ""I15"", ""startPeriod"": 2003, ""coicop"": ""TOT_X_HOUS""}",,,2003-01
SI_HICP_008,eurostat,3,Prices,SI,HICP excl housing/water/electricity/gas/other fuels,PRC_HICP_MIDX,,"{""geo"": ""SI"", ""unit"": ""I15"", ""startPeriod"": 2003, ""coicop"": ""TOT_X_HOUS""}",,,2003-01
SK_HICP_008,eurostat,3,Prices,SK,HICP excl housing/water/electricity/gas/other fuels,PRC_HICP_MIDX,,"{""geo"": ""SK"", ""unit"": ""I15"", ""startPeriod"": 2003, ""coicop"": ""TOT_X_HOUS""}",,,2003-01
AT_HICP_009,eurostat,3,Prices,AT,HICP excl energy & food,PRC_HICP_MIDX,,"{""geo"": ""AT"", ""unit"": ""I15"", ""startPeriod"": 2003, ""coicop"": ""TOT_X_NRG_FOOD""}",,,2003-01
BE_HICP_009,eurostat,3,Prices,BE,HICP excl energy & food,PRC_HICP_MIDX,,"{""geo"": ""BE"", ""unit"": ""I15"", ""startPeriod"": 2003, ""coicop"": ""TOT_X_NRG_FOOD""}",,,2003-01
CY_HICP_009,eurostat,3,Prices,CY,HICP excl energy & food,PRC_HICP_MIDX,,"{""geo"": ""CY"", ""unit"": ""I15"", ""startPeriod"": 2003, ""coicop"": ""TOT_X_NRG_FOOD""}",,,2003-01
DE_HICP_009,eurostat,3,Prices,DE,HICP excl energy & food,PRC_HICP_MIDX,,"{""geo"": ""DE"", ""unit"": ""I15"", ""startPeriod"": 2003, ""coicop"": ""TOT_X_NRG_FOOD""}",,,2003-01
EE_HICP_009,eurostat,3,Prices,EE,HICP excl energy & food,PRC_HICP_MIDX,,"{""geo"": ""EE"", ""unit"": ""I15"", ""startPeriod"": 2003, ""coicop"": ""TOT_X_NRG_FOOD""}",,,2003-01
ES_HICP_009,eurostat,3,Prices,ES,HICP excl energy & food,PRC_HICP_MIDX,,"{""geo"": ""ES"", ""unit"": ""I15"", ""startPeriod"": 2003, ""coicop"": ""TOT_X_NRG_FOOD""}",,,2003-01
FI_HICP_009,eurostat,3,Prices,FI,HICP excl energy & food,PRC_HICP_MIDX,,"{""geo"": ""FI"", ""unit"": ""I15"", ""startPeriod"": 2003, ""coicop"": ""TOT_X_NRG_FOOD""}",,,2003-01
FR_HICP_009,eurostat,3,Prices,FR,HICP excl energy & food,PRC_HICP_MIDX,,"{""geo"": ""FR"", ""unit"": ""I15"", ""startPeriod"": 2003, ""coicop"": ""TOT_X_NRG_FOOD""}",,,2003-01
GR_HICP_009,eurostat,3,Prices,GR,HICP excl energy & food,PRC_HICP_MIDX,,"{""geo"": ""EL"", ""unit"": ""I15"", ""startPeriod"": 2003, ""coicop"": ""TOT_X_NRG_FOOD""}",,,2003-01
IE_HICP_009,eurostat,3,Prices,IE,HICP excl energy & food,PRC_HICP_MIDX,,"{""geo"": ""IE"", ""unit"": ""I15"", ""startPeriod"": 2003, ""coicop"": ""TOT_X_NRG_FOOD""}",,,2003-01
IT_HICP_009,eurostat,3,Prices,IT,HICP excl energy & food,PRC_HICP_MIDX,,"{""geo"": ""IT"", ""unit"": ""I15"", ""startPeriod"": 2003, ""coicop"": ""TOT_X_NRG_FOOD""}",,,2003-01
LT_HICP_009,eurostat,3,Prices,LT,HICP excl energy & food,PRC_HICP_MIDX,,"{""geo"": ""LT"", ""unit"": ""I15"", ""startPeriod"": 2003, ""coicop"": ""TOT_X_NRG_FOOD""}",,,2003-01
LU_HICP_009,eurostat,3,Prices,LU,HICP excl energy & food,PRC_HICP_MIDX,,"{""geo"": ""LU"", ""unit"": ""I15"", ""startPeriod"": 2003, ""coicop"": ""TOT_X_NRG_FOOD""}",,,2003-01
LV_HICP_009,eurostat,3,Prices,LV,HICP excl energy & food,PRC_HICP_MIDX,,"{""geo"": ""LV"", ""unit"": ""I15"", ""startPeriod"": 2003, ""coicop"": ""TOT_X_NRG_FOOD""}",,,2003-01
MT_HICP_009,eurostat,3,Prices,MT,HICP excl energy & food,PRC_HICP_MIDX,,"{""geo"": ""MT"", ""unit"": ""I15"", ""startPeriod"": 2003, ""coicop"": ""TOT_X_NRG_FOOD""}",,,2003-01
NL_HICP_009,eurostat,3,Prices,NL,HICP excl energy & food,PRC_HICP_MIDX,,"{""geo"": ""NL"", ""unit"": ""I15"", ""startPeriod"": 2003, ""coicop"": ""TOT_X_NRG_FOOD""}",,,2003-01
PT_HICP_009,eurostat,3,Prices,PT,HICP excl energy & food,PRC_HICP_MIDX,,"{""geo"": ""PT"", ""unit"": ""I15"", ""startPeriod"": 2003, ""coicop"": ""TOT_X_NRG_FOOD""}",,,2003-01
SI_HICP_009,eurostat,3,Prices,SI,HICP excl energy & food,PRC_HICP_MIDX,,"{""geo"": ""SI"", ""unit"": ""I15"", ""startPeriod"": 2003, ""coicop"": ""TOT_X_NRG_FOOD""}",,,2003-01
SK_HICP_009,eurostat,3,Prices,SK,HICP excl energy & food,PRC_HICP_MIDX,,"{""geo"": ""SK"", ""unit"": ""I15"", ""startPeriod"": 2003, ""coicop"": ""TOT_X_NRG_FOOD""}",,,2003-01
AT_HICP_010,eurostat,3,Prices,AT,HICP excl education/health/social protection,PRC_HICP_MIDX,,"{""geo"": ""AT"", ""unit"": ""I15"", ""startPeriod"": 2003, ""coicop"": ""TOT_X_EDUC_HLTH_SPR""}",,,2003-01
BE_HICP_010,eurostat,3,Prices,BE,HICP excl education/health/social protection,PRC_HICP_MIDX,,"{""geo"": ""BE"", ""unit"": ""I15"", ""startPeriod"": 2003, ""coicop"": ""TOT_X_EDUC_HLTH_SPR""}",,,2003-01
CY_HICP_010,eurostat,3,Prices,CY,HICP excl education/health/social protection,PRC_HICP_MIDX,,"{""geo"": ""CY"", ""unit"": ""I15"", ""startPeriod"": 2003, ""coicop"": ""TOT_X_EDUC_HLTH_SPR""}",,,2003-01
DE_HICP_010,eurostat,3,Prices,DE,HICP excl education/health/social protection,PRC_HICP_MIDX,,"{""geo"": ""DE"", ""unit"": ""I15"", ""startPeriod"": 2003, ""coicop"": ""TOT_X_EDUC_HLTH_SPR""}",,,2003-01
EE_HICP_010,eurostat,3,Prices,EE,HICP excl education/health/social protection,PRC_HICP_MIDX,,"{""geo"": ""EE"", ""unit"": ""I15"", ""startPeriod"": 2003, ""coicop"": ""TOT_X_EDUC_HLTH_SPR""}",,,2003-01
ES_HICP_010,eurostat,3,Prices,ES,HICP excl education/health/social protection,PRC_HICP_MIDX,,"{""geo"": ""ES"", ""unit"": ""I15"", ""startPeriod"": 2003, ""coicop"": ""TOT_X_EDUC_HLTH_SPR""}",,,2003-01
FI_HICP_010,eurostat,3,Prices,FI,HICP excl education/health/social protection,PRC_HICP_MIDX,,"{""geo"": ""FI"", ""unit"": ""I15"", ""startPeriod"": 2003, ""coicop"": ""TOT_X_EDUC_HLTH_SPR""}",,,2003-01
FR_HICP_010,eurostat,3,Prices,FR,HICP excl education/health/social protection,PRC_HICP_MIDX,,"{""geo"": ""FR"", ""unit"": ""I15"", ""startPeriod"": 2003, ""coicop"": ""TOT_X_EDUC_HLTH_SPR""}",,,2003-01
GR_HICP_010,eurostat,3,Prices,GR,HICP excl education/health/social protection,PRC_HICP_MIDX,,"{""geo"": ""EL"", ""unit"": ""I15"", ""startPeriod"": 2003, ""coicop"": ""TOT_X_EDUC_HLTH_SPR""}",,,2003-01
IE_HICP_010,eurostat,3,Prices,IE,HICP excl education/health/social protection,PRC_HICP_MIDX,,"{""geo"": ""IE"", ""unit"": ""I15"", ""startPeriod"": 2003, ""coicop"": ""TOT_X_EDUC_HLTH_SPR""}",,,2003-01
IT_HICP_010,eurostat,3,Prices,IT,HICP excl education/health/social protection,PRC_HICP_MIDX,,"{""geo"": ""IT"", ""unit"": ""I15"", ""startPeriod"": 2003, ""coicop"": ""TOT_X_EDUC_HLTH_SPR""}",,,2003-01
LT_HICP_010,eurostat,3,Prices,LT,HICP excl education/health/social protection,PRC_HICP_MIDX,,"{""geo"": ""LT"", ""unit"": ""I15"", ""startPeriod"": 2003, ""coicop"": ""TOT_X_EDUC_HLTH_SPR""}",,,2003-01
LU_HICP_010,eurostat,3,Prices,LU,HICP excl education/health/social protection,PRC_HICP_MIDX,,"{""geo"": ""LU"", ""unit"": ""I15"", ""startPeriod"": 2003, ""coicop"": ""TOT_X_EDUC_HLTH_SPR""}",,,2003-01
LV_HICP_010,eurostat,3,Prices,LV,HICP excl education/health/social protection,PRC_HICP_MIDX,,"{""geo"": ""LV"", ""unit"": ""I15"", ""startPeriod"": 2003, ""coicop"": ""TOT_X_EDUC_HLTH_SPR""}",,,2003-01
MT_HICP_010,eurostat,3,Prices,MT,HICP excl education/health/social protection,PRC_HICP_MIDX,,"{""geo"": ""MT"", ""unit"": ""I15"", ""startPeriod"": 2003, ""coicop"": ""TOT_X_EDUC_HLTH_SPR""}",,,2003-01
NL_HICP_010,eurostat,3,Prices,NL,HICP excl education/health/social protection,PRC_HICP_MIDX,,"{""geo"": ""NL"", ""unit"": ""I15"", ""startPeriod"": 2003, ""coicop"": ""TOT_X_EDUC_HLTH_SPR""}",,,2003-01
PT_HICP_010,eurostat,3,Prices,PT,HICP excl education/health/social protection,PRC_HICP_MIDX,,"{""geo"": ""PT"", ""unit"": ""I15"", ""startPeriod"": 2003, ""coicop"": ""TOT_X_EDUC_HLTH_SPR""}",,,2003-01
SI_HICP_010,eurostat,3,Prices,SI,HICP excl education/health/social protection,PRC_HICP_MIDX,,"{""geo"": ""SI"", ""unit"": ""I15"", ""startPeriod"": 2003, ""coicop"": ""TOT_X_EDUC_HLTH_SPR""}",,,2003-01
SK_HICP_010,eurostat,3,Prices,SK,HICP excl education/health/social protection,PRC_HICP_MIDX,,"{""geo"": ""SK"", ""unit"": ""I15"", ""startPeriod"": 2003, ""coicop"": ""TOT_X_EDUC_HLTH_SPR""}",,,2003-01
AT_BPERM_001,eurostat,4,Activity_indicators,AT,Building permits all buildings (floor area),STS_COBP_M,,"{""geo"": ""AT"", ""s_adj"": ""SCA"", ""unit"": ""I21"", ""indic_bt"": ""BPRM_SQM"", ""startPeriod"": 2003, ""cpa2_1"": ""CPA_F41001_41002""}",,,2003-01
BE_BPERM_001,eurostat,4,Activity_indicators,BE,Building permits all buildings (floor area),STS_COBP_M,,"{""geo"": ""BE"", ""s_adj"": ""SCA"", ""unit"": ""I21"", ""indic_bt"": ""BPRM_SQM"", ""startPeriod"": 2003, ""cpa2_1"": ""CPA_F41001_41002""}",,,2003-01
CY_BPERM_001,eurostat,4,Activity_indicators,CY,Building permits all buildings (floor area),STS_COBP_M,,"{""geo"": ""CY"", ""s_adj"": ""SCA"", ""unit"": ""I21"", ""indic_bt"": ""BPRM_SQM"", ""startPeriod"": 2003, ""cpa2_1"": ""CPA_F41001_41002""}",,,2003-01
DE_BPERM_001,eurostat,4,Activity_indicators,DE,Building permits all buildings (floor area),STS_COBP_M,,"{""geo"": ""DE"", ""s_adj"": ""SCA"", ""unit"": ""I21"", ""indic_bt"": ""BPRM_SQM"", ""startPeriod"": 2003, ""cpa2_1"": ""CPA_F41001_41002""}",,,2003-01
EE_BPERM_001,eurostat,4,Activity_indicators,EE,Building permits all buildings (floor area),STS_COBP_M,,"{""geo"": ""EE"", ""s_adj"": ""SCA"", ""unit"": ""I21"", ""indic_bt"": ""BPRM_SQM"", ""startPeriod"": 2003, ""cpa2_1"": ""CPA_F41001_41002""}",,,2003-01
ES_BPERM_001,eurostat,4,Activity_indicators,ES,Building permits all buildings (floor area),STS_COBP_M,,"{""geo"": ""ES"", ""s_adj"": ""SCA"", ""unit"": ""I21"", ""indic_bt"": ""BPRM_SQM"", ""startPeriod"": 2003, ""cpa2_1"": ""CPA_F41001_41002""}",,,2003-01
FI_BPERM_001,eurostat,4,Activity_indicators,FI,Building permits all buildings (floor area),STS_COBP_M,,"{""geo"": ""FI"", ""s_adj"": ""SCA"", ""unit"": ""I21"", ""indic_bt"": ""BPRM_SQM"", ""startPeriod"": 2003, ""cpa2_1"": ""CPA_F41001_41002""}",,,2003-01
FR_BPERM_001,eurostat,4,Activity_indicators,FR,Building permits all buildings (floor area),STS_COBP_M,,"{""geo"": ""FR"", ""s_adj"": ""SCA"", ""unit"": ""I21"", ""indic_bt"": ""BPRM_SQM"", ""startPeriod"": 2003, ""cpa2_1"": ""CPA_F41001_41002""}",,,2003-01
GR_BPERM_001,eurostat,4,Activity_indicators,GR,Building permits all buildings (floor area),STS_COBP_M,,"{""geo"": ""EL"", ""s_adj"": ""SCA"", ""unit"": ""I21"", ""indic_bt"": ""BPRM_SQM"", ""startPeriod"": 2003, ""cpa2_1"": ""CPA_F41001_41002""}",,,2003-01
IE_BPERM_001,eurostat,4,Activity_indicators,IE,Building permits all buildings (floor area),STS_COBP_M,,"{""geo"": ""IE"", ""s_adj"": ""SCA"", ""unit"": ""I21"", ""indic_bt"": ""BPRM_SQM"", ""startPeriod"": 2003, ""cpa2_1"": ""CPA_F41001_41002""}",,,2003-01
IT_BPERM_001,eurostat,4,Activity_indicators,IT,Building permits all buildings (floor area),STS_COBP_M,,"{""geo"": ""IT"", ""s_adj"": ""SCA"", ""unit"": ""I21"", ""indic_bt"": ""BPRM_SQM"", ""startPeriod"": 2003, ""cpa2_1"": ""CPA_F41001_41002""}",,,2003-01
LT_BPERM_001,eurostat,4,Activity_indicators,LT,Building permits all buildings (floor area),STS_COBP_M,,"{""geo"": ""LT"", ""s_adj"": ""SCA"", ""unit"": ""I21"", ""indic_bt"": ""BPRM_SQM"", ""startPeriod"": 2003, ""cpa2_1"": ""CPA_F41001_41002""}",,,2003-01
LU_BPERM_001,eurostat,4,Activity_indicators,LU,Building permits all buildings (floor area),STS_COBP_M,,"{""geo"": ""LU"", ""s_adj"": ""SCA"", ""unit"": ""I21"", ""indic_bt"": ""BPRM_SQM"", ""startPeriod"": 2003, ""cpa2_1"": ""CPA_F41001_41002""}",,,2003-01
LV_BPERM_001,eurostat,4,Activity_indicators,LV,Building permits all buildings (floor area),STS_COBP_M,,"{""geo"": ""LV"", ""s_adj"": ""SCA"", ""unit"": ""I21"", ""indic_bt"": ""BPRM_SQM"", ""startPeriod"": 2003, ""cpa2_1"": ""CPA_F41001_41002""}",,,2003-01
MT_BPERM_001,eurostat,4,Activity_indicators,MT,Building permits all buildings (floor area),STS_COBP_M,,"{""geo"": ""MT"", ""s_adj"": ""SCA"", ""unit"": ""I21"", ""indic_bt"": ""BPRM_SQM"", ""startPeriod"": 2003, ""cpa2_1"": ""CPA_F41001_41002""}",,,2003-01
NL_BPERM_001,eurostat,4,Activity_indicators,NL,Building permits all buildings (floor area),STS_COBP_M,,"{""geo"": ""NL"", ""s_adj"": ""SCA"", ""unit"": ""I21"", ""indic_bt"": ""BPRM_SQM"", ""startPeriod"": 2003, ""cpa2_1"": ""CPA_F41001_41002""}",,,2003-01
PT_BPERM_001,eurostat,4,Activity_indicators,PT,Building permits all buildings (floor area),STS_COBP_M,,"{""geo"": ""PT"", ""s_adj"": ""SCA"", ""unit"": ""I21"", ""indic_bt"": ""BPRM_SQM"", ""startPeriod"": 2003, ""cpa2_1"": ""CPA_F41001_41002""}",,,2003-01
SI_BPERM_001,eurostat,4,Activity_indicators,SI,Building permits all buildings (floor area),STS_COBP_M,,"{""geo"": ""SI"", ""s_adj"": ""SCA"", ""unit"": ""I21"", ""indic_bt"": ""BPRM_SQM"", ""startPeriod"": 2003, ""cpa2_1"": ""CPA_F41001_41002""}",,,2003-01
SK_BPERM_001,eurostat,4,Activity_indicators,SK,Building permits all buildings (floor area),STS_COBP_M,,"{""geo"": ""SK"", ""s_adj"": ""SCA"", ""unit"": ""I21"", ""indic_bt"": ""BPRM_SQM"", ""startPeriod"": 2003, ""cpa2_1"": ""CPA_F41001_41002""}",,,2003-01
AT_BPERM_002,eurostat,4,Activity_indicators,AT,Building permits residential (floor area),STS_COBP_M,,"{""geo"": ""AT"", ""s_adj"": ""SCA"", ""unit"": ""I21"", ""indic_bt"": ""BPRM_SQM"", ""startPeriod"": 2003, ""cpa2_1"": ""CPA_F41001""}",,,2003-01
BE_BPERM_002,eurostat,4,Activity_indicators,BE,Building permits residential (floor area),STS_COBP_M,,"{""geo"": ""BE"", ""s_adj"": ""SCA"", ""unit"": ""I21"", ""indic_bt"": ""BPRM_SQM"", ""startPeriod"": 2003, ""cpa2_1"": ""CPA_F41001""}",,,2003-01
CY_BPERM_002,eurostat,4,Activity_indicators,CY,Building permits residential (floor area),STS_COBP_M,,"{""geo"": ""CY"", ""s_adj"": ""SCA"", ""unit"": ""I21"", ""indic_bt"": ""BPRM_SQM"", ""startPeriod"": 2003, ""cpa2_1"": ""CPA_F41001""}",,,2003-01
DE_BPERM_002,eurostat,4,Activity_indicators,DE,Building permits residential (floor area),STS_COBP_M,,"{""geo"": ""DE"", ""s_adj"": ""SCA"", ""unit"": ""I21"", ""indic_bt"": ""BPRM_SQM"", ""startPeriod"": 2003, ""cpa2_1"": ""CPA_F41001""}",,,2003-01
EE_BPERM_002,eurostat,4,Activity_indicators,EE,Building permits residential (floor area),STS_COBP_M,,"{""geo"": ""EE"", ""s_adj"": ""SCA"", ""unit"": ""I21"", ""indic_bt"": ""BPRM_SQM"", ""startPeriod"": 2003, ""cpa2_1"": ""CPA_F41001""}",,,2003-01
ES_BPERM_002,eurostat,4,Activity_indicators,ES,Building permits residential (floor area),STS_COBP_M,,"{""geo"": ""ES"", ""s_adj"": ""SCA"", ""unit"": ""I21"", ""indic_bt"": ""BPRM_SQM"", ""startPeriod"": 2003, ""cpa2_1"": ""CPA_F41001""}",,,2003-01
FI_BPERM_002,eurostat,4,Activity_indicators,FI,Building permits residential (floor area),STS_COBP_M,,"{""geo"": ""FI"", ""s_adj"": ""SCA"", ""unit"": ""I21"", ""indic_bt"": ""BPRM_SQM"", ""startPeriod"": 2003, ""cpa2_1"": ""CPA_F41001""}",,,2003-01
FR_BPERM_002,eurostat,4,Activity_indicators,FR,Building permits residential (floor area),STS_COBP_M,,"{""geo"": ""FR"", ""s_adj"": ""SCA"", ""unit"": ""I21"", ""indic_bt"": ""BPRM_SQM"", ""startPeriod"": 2003, ""cpa2_1"": ""CPA_F41001""}",,,2003-01
GR_BPERM_002,eurostat,4,Activity_indicators,GR,Building permits residential (floor area),STS_COBP_M,,"{""geo"": ""EL"", ""s_adj"": ""SCA"", ""unit"": ""I21"", ""indic_bt"": ""BPRM_SQM"", ""startPeriod"": 2003, ""cpa2_1"": ""CPA_F41001""}",,,2003-01
IE_BPERM_002,eurostat,4,Activity_indicators,IE,Building permits residential (floor area),STS_COBP_M,,"{""geo"": ""IE"", ""s_adj"": ""SCA"", ""unit"": ""I21"", ""indic_bt"": ""BPRM_SQM"", ""startPeriod"": 2003, ""cpa2_1"": ""CPA_F41001""}",,,2003-01
IT_BPERM_002,eurostat,4,Activity_indicators,IT,Building permits residential (floor area),STS_COBP_M,,"{""geo"": ""IT"", ""s_adj"": ""SCA"", ""unit"": ""I21"", ""indic_bt"": ""BPRM_SQM"", ""startPeriod"": 2003, ""cpa2_1"": ""CPA_F41001""}",,,2003-01
LT_BPERM_002,eurostat,4,Activity_indicators,LT,Building permits residential (floor area),STS_COBP_M,,"{""geo"": ""LT"", ""s_adj"": ""SCA"", ""unit"": ""I21"", ""indic_bt"": ""BPRM_SQM"", ""startPeriod"": 2003, ""cpa2_1"": ""CPA_F41001""}",,,2003-01
LU_BPERM_002,eurostat,4,Activity_indicators,LU,Building permits residential (floor area),STS_COBP_M,,"{""geo"": ""LU"", ""s_adj"": ""SCA"", ""unit"": ""I21"", ""indic_bt"": ""BPRM_SQM"", ""startPeriod"": 2003, ""cpa2_1"": ""CPA_F41001""}",,,2003-01
LV_BPERM_002,eurostat,4,Activity_indicators,LV,Building permits residential (floor area),STS_COBP_M,,"{""geo"": ""LV"", ""s_adj"": ""SCA"", ""unit"": ""I21"", ""indic_bt"": ""BPRM_SQM"", ""startPeriod"": 2003, ""cpa2_1"": ""CPA_F41001""}",,,2003-01
MT_BPERM_002,eurostat,4,Activity_indicators,MT,Building permits residential (floor area),STS_COBP_M,,"{""geo"": ""MT"", ""s_adj"": ""SCA"", ""unit"": ""I21"", ""indic_bt"": ""BPRM_SQM"", ""startPeriod"": 2003, ""cpa2_1"": ""CPA_F41001""}",,,2003-01
NL_BPERM_002,eurostat,4,Activity_indicators,NL,Building permits residential (floor area),STS_COBP_M,,"{""geo"": ""NL"", ""s_adj"": ""SCA"", ""unit"": ""I21"", ""indic_bt"": ""BPRM_SQM"", ""startPeriod"": 2003, ""cpa2_1"": ""CPA_F41001""}",,,2003-01
PT_BPERM_002,eurostat,4,Activity_indicators,PT,Building permits residential (floor area),STS_COBP_M,,"{""geo"": ""PT"", ""s_adj"": ""SCA"", ""unit"": ""I21"", ""indic_bt"": ""BPRM_SQM"", ""startPeriod"": 2003, ""cpa2_1"": ""CPA_F41001""}",,,2003-01
SI_BPERM_002,eurostat,4,Activity_indicators,SI,Building permits residential (floor area),STS_COBP_M,,"{""geo"": ""SI"", ""s_adj"": ""SCA"", ""unit"": ""I21"", ""indic_bt"": ""BPRM_SQM"", ""startPeriod"": 2003, ""cpa2_1"": ""CPA_F41001""}",,,2003-01
SK_BPERM_002,eurostat,4,Activity_indicators,SK,Building permits residential (floor area),STS_COBP_M,,"{""geo"": ""SK"", ""s_adj"": ""SCA"", ""unit"": ""I21"", ""indic_bt"": ""BPRM_SQM"", ""startPeriod"": 2003, ""cpa2_1"": ""CPA_F41001""}",,,2003-01
AT_BPERM_003,eurostat,4,Activity_indicators,AT,Building permits non-residential (floor area),STS_COBP_M,,"{""geo"": ""AT"", ""s_adj"": ""SCA"", ""unit"": ""I21"", ""indic_bt"": ""BPRM_SQM"", ""startPeriod"": 2003, ""cpa2_1"": ""CPA_F41002""}",,,2003-01
BE_BPERM_003,eurostat,4,Activity_indicators,BE,Building permits non-residential (floor area),STS_COBP_M,,"{""geo"": ""BE"", ""s_adj"": ""SCA"", ""unit"": ""I21"", ""indic_bt"": ""BPRM_SQM"", ""startPeriod"": 2003, ""cpa2_1"": ""CPA_F41002""}",,,2003-01
CY_BPERM_003,eurostat,4,Activity_indicators,CY,Building permits non-residential (floor area),STS_COBP_M,,"{""geo"": ""CY"", ""s_adj"": ""SCA"", ""unit"": ""I21"", ""indic_bt"": ""BPRM_SQM"", ""startPeriod"": 2003, ""cpa2_1"": ""CPA_F41002""}",,,2003-01
DE_BPERM_003,eurostat,4,Activity_indicators,DE,Building permits non-residential (floor area),STS_COBP_M,,"{""geo"": ""DE"", ""s_adj"": ""SCA"", ""unit"": ""I21"", ""indic_bt"": ""BPRM_SQM"", ""startPeriod"": 2003, ""cpa2_1"": ""CPA_F41002""}",,,2003-01
EE_BPERM_003,eurostat,4,Activity_indicators,EE,Building permits non-residential (floor area),STS_COBP_M,,"{""geo"": ""EE"", ""s_adj"": ""SCA"", ""unit"": ""I21"", ""indic_bt"": ""BPRM_SQM"", ""startPeriod"": 2003, ""cpa2_1"": ""CPA_F41002""}",,,2003-01
ES_BPERM_003,eurostat,4,Activity_indicators,ES,Building permits non-residential (floor area),STS_COBP_M,,"{""geo"": ""ES"", ""s_adj"": ""SCA"", ""unit"": ""I21"", ""indic_bt"": ""BPRM_SQM"", ""startPeriod"": 2003, ""cpa2_1"": ""CPA_F41002""}",,,2003-01
FI_BPERM_003,eurostat,4,Activity_indicators,FI,Building permits non-residential (floor area),STS_COBP_M,,"{""geo"": ""FI"", ""s_adj"": ""SCA"", ""unit"": ""I21"", ""indic_bt"": ""BPRM_SQM"", ""startPeriod"": 2003, ""cpa2_1"": ""CPA_F41002""}",,,2003-01
FR_BPERM_003,eurostat,4,Activity_indicators,FR,Building permits non-residential (floor area),STS_COBP_M,,"{""geo"": ""FR"", ""s_adj"": ""SCA"", ""unit"": ""I21"", ""indic_bt"": ""BPRM_SQM"", ""startPeriod"": 2003, ""cpa2_1"": ""CPA_F41002""}",,,2003-01
GR_BPERM_003,eurostat,4,Activity_indicators,GR,Building permits non-residential (floor area),STS_COBP_M,,"{""geo"": ""EL"", ""s_adj"": ""SCA"", ""unit"": ""I21"", ""indic_bt"": ""BPRM_SQM"", ""startPeriod"": 2003, ""cpa2_1"": ""CPA_F41002""}",,,2003-01
IE_BPERM_003,eurostat,4,Activity_indicators,IE,Building permits non-residential (floor area),STS_COBP_M,,"{""geo"": ""IE"", ""s_adj"": ""SCA"", ""unit"": ""I21"", ""indic_bt"": ""BPRM_SQM"", ""startPeriod"": 2003, ""cpa2_1"": ""CPA_F41002""}",,,2003-01
IT_BPERM_003,eurostat,4,Activity_indicators,IT,Building permits non-residential (floor area),STS_COBP_M,,"{""geo"": ""IT"", ""s_adj"": ""SCA"", ""unit"": ""I21"", ""indic_bt"": ""BPRM_SQM"", ""startPeriod"": 2003, ""cpa2_1"": ""CPA_F41002""}",,,2003-01
LT_BPERM_003,eurostat,4,Activity_indicators,LT,Building permits non-residential (floor area),STS_COBP_M,,"{""geo"": ""LT"", ""s_adj"": ""SCA"", ""unit"": ""I21"", ""indic_bt"": ""BPRM_SQM"", ""startPeriod"": 2003, ""cpa2_1"": ""CPA_F41002""}",,,2003-01
LU_BPERM_003,eurostat,4,Activity_indicators,LU,Building permits non-residential (floor area),STS_COBP_M,,"{""geo"": ""LU"", ""s_adj"": ""SCA"", ""unit"": ""I21"", ""indic_bt"": ""BPRM_SQM"", ""startPeriod"": 2003, ""cpa2_1"": ""CPA_F41002""}",,,2003-01
LV_BPERM_003,eurostat,4,Activity_indicators,LV,Building permits non-residential (floor area),STS_COBP_M,,"{""geo"": ""LV"", ""s_adj"": ""SCA"", ""unit"": ""I21"", ""indic_bt"": ""BPRM_SQM"", ""startPeriod"": 2003, ""cpa2_1"": ""CPA_F41002""}",,,2003-01
MT_BPERM_003,eurostat,4,Activity_indicators,MT,Building permits non-residential (floor area),STS_COBP_M,,"{""geo"": ""MT"", ""s_adj"": ""SCA"", ""unit"": ""I21"", ""indic_bt"": ""BPRM_SQM"", ""startPeriod"": 2003, ""cpa2_1"": ""CPA_F41002""}",,,2003-01
NL_BPERM_003,eurostat,4,Activity_indicators,NL,Building permits non-residential (floor area),STS_COBP_M,,"{""geo"": ""NL"", ""s_adj"": ""SCA"", ""unit"": ""I21"", ""indic_bt"": ""BPRM_SQM"", ""startPeriod"": 2003, ""cpa2_1"": ""CPA_F41002""}",,,2003-01
PT_BPERM_003,eurostat,4,Activity_indicators,PT,Building permits non-residential (floor area),STS_COBP_M,,"{""geo"": ""PT"", ""s_adj"": ""SCA"", ""unit"": ""I21"", ""indic_bt"": ""BPRM_SQM"", ""startPeriod"": 2003, ""cpa2_1"": ""CPA_F41002""}",,,2003-01
SI_BPERM_003,eurostat,4,Activity_indicators,SI,Building permits non-residential (floor area),STS_COBP_M,,"{""geo"": ""SI"", ""s_adj"": ""SCA"", ""unit"": ""I21"", ""indic_bt"": ""BPRM_SQM"", ""startPeriod"": 2003, ""cpa2_1"": ""CPA_F41002""}",,,2003-01
SK_BPERM_003,eurostat,4,Activity_indicators,SK,Building permits non-residential (floor area),STS_COBP_M,,"{""geo"": ""SK"", ""s_adj"": ""SCA"", ""unit"": ""I21"", ""indic_bt"": ""BPRM_SQM"", ""startPeriod"": 2003, ""cpa2_1"": ""CPA_F41002""}",,,2003-01
AT_RET_001,eurostat,4,Activity_indicators,AT,Retail trade incl fuel,STS_TRTU_M,,"{""geo"": ""AT"", ""s_adj"": ""SCA"", ""unit"": ""I21"", ""indic_bt"": ""VOL_SLS"", ""startPeriod"": 2003, ""nace_r2"": ""G47""}",,,2003-01
BE_RET_001,eurostat,4,Activity_indicators,BE,Retail trade incl fuel,STS_TRTU_M,,"{""geo"": ""BE"", ""s_adj"": ""SCA"", ""unit"": ""I21"", ""indic_bt"": ""VOL_SLS"", ""startPeriod"": 2003, ""nace_r2"": ""G47""}",,,2003-01
CY_RET_001,eurostat,4,Activity_indicators,CY,Retail trade incl fuel,STS_TRTU_M,,"{""geo"": ""CY"", ""s_adj"": ""SCA"", ""unit"": ""I21"", ""indic_bt"": ""VOL_SLS"", ""startPeriod"": 2003, ""nace_r2"": ""G47""}",,,2003-01
DE_RET_001,eurostat,4,Activity_indicators,DE,Retail trade incl fuel,STS_TRTU_M,,"{""geo"": ""DE"", ""s_adj"": ""SCA"", ""unit"": ""I21"", ""indic_bt"": ""VOL_SLS"", ""startPeriod"": 2003, ""nace_r2"": ""G47""}",,,2003-01
EE_RET_001,eurostat,4,Activity_indicators,EE,Retail trade incl fuel,STS_TRTU_M,,"{""geo"": ""EE"", ""s_adj"": ""SCA"", ""unit"": ""I21"", ""indic_bt"": ""VOL_SLS"", ""startPeriod"": 2003, ""nace_r2"": ""G47""}",,,2003-01
ES_RET_001,eurostat,4,Activity_indicators,ES,Retail trade incl fuel,STS_TRTU_M,,"{""geo"": ""ES"", ""s_adj"": ""SCA"", ""unit"": ""I21"", ""indic_bt"": ""VOL_SLS"", ""startPeriod"": 2003, ""nace_r2"": ""G47""}",,,2003-01
FI_RET_001,eurostat,4,Activity_indicators,FI,Retail trade incl fuel,STS_TRTU_M,,"{""geo"": ""FI"", ""s_adj"": ""SCA"", ""unit"": ""I21"", ""indic_bt"": ""VOL_SLS"", ""startPeriod"": 2003, ""nace_r2"": ""G47""}",,,2003-01
FR_RET_001,eurostat,4,Activity_indicators,FR,Retail trade incl fuel,STS_TRTU_M,,"{""geo"": ""FR"", ""s_adj"": ""SCA"", ""unit"": ""I21"", ""indic_bt"": ""VOL_SLS"", ""startPeriod"": 2003, ""nace_r2"": ""G47""}",,,2003-01
GR_RET_001,eurostat,4,Activity_indicators,GR,Retail trade incl fuel,STS_TRTU_M,,"{""geo"": ""EL"", ""s_adj"": ""SCA"", ""unit"": ""I21"", ""indic_bt"": ""VOL_SLS"", ""startPeriod"": 2003, ""nace_r2"": ""G47""}",,,2003-01
IE_RET_001,eurostat,4,Activity_indicators,IE,Retail trade incl fuel,STS_TRTU_M,,"{""geo"": ""IE"", ""s_adj"": ""SCA"", ""unit"": ""I21"", ""indic_bt"": ""VOL_SLS"", ""startPeriod"": 2003, ""nace_r2"": ""G47""}",,,2003-01
IT_RET_001,eurostat,4,Activity_indicators,IT,Retail trade incl fuel,STS_TRTU_M,,"{""geo"": ""IT"", ""s_adj"": ""SCA"", ""unit"": ""I21"", ""indic_bt"": ""VOL_SLS"", ""startPeriod"": 2003, ""nace_r2"": ""G47""}",,,2003-01
LT_RET_001,eurostat,4,Activity_indicators,LT,Retail trade incl fuel,STS_TRTU_M,,"{""geo"": ""LT"", ""s_adj"": ""SCA"", ""unit"": ""I21"", ""indic_bt"": ""VOL_SLS"", ""startPeriod"": 2003, ""nace_r2"": ""G47""}",,,2003-01
LU_RET_001,eurostat,4,Activity_indicators,LU,Retail trade incl fuel,STS_TRTU_M,,"{""geo"": ""LU"", ""s_adj"": ""SCA"", ""unit"": ""I21"", ""indic_bt"": ""VOL_SLS"", ""startPeriod"": 2003, ""nace_r2"": ""G47""}",,,2003-01
LV_RET_001,eurostat,4,Activity_indicators,LV,Retail trade incl fuel,STS_TRTU_M,,"{""geo"": ""LV"", ""s_adj"": ""SCA"", ""unit"": ""I21"", ""indic_bt"": ""VOL_SLS"", ""startPeriod"": 2003, ""nace_r2"": ""G47""}",,,2003-01
MT_RET_001,eurostat,4,Activity_indicators,MT,Retail trade incl fuel,STS_TRTU_M,,"{""geo"": ""MT"", ""s_adj"": ""SCA"", ""unit"": ""I21"", ""indic_bt"": ""VOL_SLS"", ""startPeriod"": 2003, ""nace_r2"": ""G47""}",,,2003-01
NL_RET_001,eurostat,4,Activity_indicators,NL,Retail trade incl fuel,STS_TRTU_M,,"{""geo"": ""NL"", ""s_adj"": ""SCA"", ""unit"": ""I21"", ""indic_bt"": ""VOL_SLS"", ""startPeriod"": 2003, ""nace_r2"": ""G47""}",,,2003-01
PT_RET_001,eurostat,4,Activity_indicators,PT,Retail trade incl fuel,STS_TRTU_M,,"{""geo"": ""PT"", ""s_adj"": ""SCA"", ""unit"": ""I21"", ""indic_bt"": ""VOL_SLS"", ""startPeriod"": 2003, ""nace_r2"": ""G47""}",,,2003-01
SI_RET_001,eurostat,4,Activity_indicators,SI,Retail trade incl fuel,STS_TRTU_M,,"{""geo"": ""SI"", ""s_adj"": ""SCA"", ""unit"": ""I21"", ""indic_bt"": ""VOL_SLS"", ""startPeriod"": 2003, ""nace_r2"": ""G47""}",,,2003-01
SK_RET_001,eurostat,4,Activity_indicators,SK,Retail trade incl fuel,STS_TRTU_M,,"{""geo"": ""SK"", ""s_adj"": ""SCA"", ""unit"": ""I21"", ""indic_bt"": ""VOL_SLS"", ""startPeriod"": 2003, ""nace_r2"": ""G47""}",,,2003-01
AT_RET_002,eurostat,4,Activity_indicators,AT,Retail food,STS_TRTU_M,,"{""geo"": ""AT"", ""s_adj"": ""SCA"", ""unit"": ""I21"", ""indic_bt"": ""VOL_SLS"", ""startPeriod"": 2003, ""nace_r2"": ""G47_FOOD""}",,,2003-01
BE_RET_002,eurostat,4,Activity_indicators,BE,Retail food,STS_TRTU_M,,"{""geo"": ""BE"", ""s_adj"": ""SCA"", ""unit"": ""I21"", ""indic_bt"": ""VOL_SLS"", ""startPeriod"": 2003, ""nace_r2"": ""G47_FOOD""}",,,2003-01
CY_RET_002,eurostat,4,Activity_indicators,CY,Retail food,STS_TRTU_M,,"{""geo"": ""CY"", ""s_adj"": ""SCA"", ""unit"": ""I21"", ""indic_bt"": ""VOL_SLS"", ""startPeriod"": 2003, ""nace_r2"": ""G47_FOOD""}",,,2003-01
DE_RET_002,eurostat,4,Activity_indicators,DE,Retail food,STS_TRTU_M,,"{""geo"": ""DE"", ""s_adj"": ""SCA"", ""unit"": ""I21"", ""indic_bt"": ""VOL_SLS"", ""startPeriod"": 2003, ""nace_r2"": ""G47_FOOD""}",,,2003-01
EE_RET_002,eurostat,4,Activity_indicators,EE,Retail food,STS_TRTU_M,,"{""geo"": ""EE"", ""s_adj"": ""SCA"", ""unit"": ""I21"", ""indic_bt"": ""VOL_SLS"", ""startPeriod"": 2003, ""nace_r2"": ""G47_FOOD""}",,,2003-01
ES_RET_002,eurostat,4,Activity_indicators,ES,Retail food,STS_TRTU_M,,"{""geo"": ""ES"", ""s_adj"": ""SCA"", ""unit"": ""I21"", ""indic_bt"": ""VOL_SLS"", ""startPeriod"": 2003, ""nace_r2"": ""G47_FOOD""}",,,2003-01
FI_RET_002,eurostat,4,Activity_indicators,FI,Retail food,STS_TRTU_M,,"{""geo"": ""FI"", ""s_adj"": ""SCA"", ""unit"": ""I21"", ""indic_bt"": ""VOL_SLS"", ""startPeriod"": 2003, ""nace_r2"": ""G47_FOOD""}",,,2003-01
FR_RET_002,eurostat,4,Activity_indicators,FR,Retail food,STS_TRTU_M,,"{""geo"": ""FR"", ""s_adj"": ""SCA"", ""unit"": ""I21"", ""indic_bt"": ""VOL_SLS"", ""startPeriod"": 2003, ""nace_r2"": ""G47_FOOD""}",,,2003-01
GR_RET_002,eurostat,4,Activity_indicators,GR,Retail food,STS_TRTU_M,,"{""geo"": ""EL"", ""s_adj"": ""SCA"", ""unit"": ""I21"", ""indic_bt"": ""VOL_SLS"", ""startPeriod"": 2003, ""nace_r2"": ""G47_FOOD""}",,,2003-01
IE_RET_002,eurostat,4,Activity_indicators,IE,Retail food,STS_TRTU_M,,"{""geo"": ""IE"", ""s_adj"": ""SCA"", ""unit"": ""I21"", ""indic_bt"": ""VOL_SLS"", ""startPeriod"": 2003, ""nace_r2"": ""G47_FOOD""}",,,2003-01
IT_RET_002,eurostat,4,Activity_indicators,IT,Retail food,STS_TRTU_M,,"{""geo"": ""IT"", ""s_adj"": ""SCA"", ""unit"": ""I21"", ""indic_bt"": ""VOL_SLS"", ""startPeriod"": 2003, ""nace_r2"": ""G47_FOOD""}",,,2003-01
LT_RET_002,eurostat,4,Activity_indicators,LT,Retail food,STS_TRTU_M,,"{""geo"": ""LT"", ""s_adj"": ""SCA"", ""unit"": ""I21"", ""indic_bt"": ""VOL_SLS"", ""startPeriod"": 2003, ""nace_r2"": ""G47_FOOD""}",,,2003-01
LU_RET_002,eurostat,4,Activity_indicators,LU,Retail food,STS_TRTU_M,,"{""geo"": ""LU"", ""s_adj"": ""SCA"", ""unit"": ""I21"", ""indic_bt"": ""VOL_SLS"", ""startPeriod"": 2003, ""nace_r2"": ""G47_FOOD""}",,,2003-01
LV_RET_002,eurostat,4,Activity_indicators,LV,Retail food,STS_TRTU_M,,"{""geo"": ""LV"", ""s_adj"": ""SCA"", ""unit"": ""I21"", ""indic_bt"": ""VOL_SLS"", ""startPeriod"": 2003, ""nace_r2"": ""G47_FOOD""}",,,2003-01
MT_RET_002,eurostat,4,Activity_indicators,MT,Retail food,STS_TRTU_M,,"{""geo"": ""MT"", ""s_adj"": ""SCA"", ""unit"": ""I21"", ""indic_bt"": ""VOL_SLS"", ""startPeriod"": 2003, ""nace_r2"": ""G47_FOOD""}",,,2003-01
NL_RET_002,eurostat,4,Activity_indicators,NL,Retail food,STS_TRTU_M,,"{""geo"": ""NL"", ""s_adj"": ""SCA"", ""unit"": ""I21"", ""indic_bt"": ""VOL_SLS"", ""startPeriod"": 2003, ""nace_r2"": ""G47_FOOD""}",,,2003-01
PT_RET_002,eurostat,4,Activity_indicators,PT,Retail food,STS_TRTU_M,,"{""geo"": ""PT"", ""s_adj"": ""SCA"", ""unit"": ""I21"", ""indic_bt"": ""VOL_SLS"", ""startPeriod"": 2003, ""nace_r2"": ""G47_FOOD""}",,,2003-01
SI_RET_002,eurostat,4,Activity_indicators,SI,Retail food,STS_TRTU_M,,"{""geo"": ""SI"", ""s_adj"": ""SCA"", ""unit"": ""I21"", ""indic_bt"": ""VOL_SLS"", ""startPeriod"": 2003, ""nace_r2"": ""G47_FOOD""}",,,2003-01
SK_RET_002,eurostat,4,Activity_indicators,SK,Retail food,STS_TRTU_M,,"{""geo"": ""SK"", ""s_adj"": ""SCA"", ""unit"": ""I21"", ""indic_bt"": ""VOL_SLS"", ""startPeriod"": 2003, ""nace_r2"": ""G47_FOOD""}",,,2003-01
AT_RET_003,eurostat,4,Activity_indicators,AT,Retail non-food excl fuel,STS_TRTU_M,,"{""geo"": ""AT"", ""s_adj"": ""SCA"", ""unit"": ""I21"", ""indic_bt"": ""VOL_SLS"", ""startPeriod"": 2003, ""nace_r2"": ""G47_NFOOD_X_G473""}",,,2003-01
BE_RET_003,eurostat,4,Activity_indicators,BE,Retail non-food excl fuel,STS_TRTU_M,,"{""geo"": ""BE"", ""s_adj"": ""SCA"", ""unit"": ""I21"", ""indic_bt"": ""VOL_SLS"", ""startPeriod"": 2003, ""nace_r2"": ""G47_NFOOD_X_G473""}",,,2003-01
CY_RET_003,eurostat,4,Activity_indicators,CY,Retail non-food excl fuel,STS_TRTU_M,,"{""geo"": ""CY"", ""s_adj"": ""SCA"", ""unit"": ""I21"", ""indic_bt"": ""VOL_SLS"", ""startPeriod"": 2003, ""nace_r2"": ""G47_NFOOD_X_G473""}",,,2003-01
DE_RET_003,eurostat,4,Activity_indicators,DE,Retail non-food excl fuel,STS_TRTU_M,,"{""geo"": ""DE"", ""s_adj"": ""SCA"", ""unit"": ""I21"", ""indic_bt"": ""VOL_SLS"", ""startPeriod"": 2003, ""nace_r2"": ""G47_NFOOD_X_G473""}",,,2003-01
EE_RET_003,eurostat,4,Activity_indicators,EE,Retail non-food excl fuel,STS_TRTU_M,,"{""geo"": ""EE"", ""s_adj"": ""SCA"", ""unit"": ""I21"", ""indic_bt"": ""VOL_SLS"", ""startPeriod"": 2003, ""nace_r2"": ""G47_NFOOD_X_G473""}",,,2003-01
ES_RET_003,eurostat,4,Activity_indicators,ES,Retail non-food excl fuel,STS_TRTU_M,,"{""geo"": ""ES"", ""s_adj"": ""SCA"", ""unit"": ""I21"", ""indic_bt"": ""VOL_SLS"", ""startPeriod"": 2003, ""nace_r2"": ""G47_NFOOD_X_G473""}",,,2003-01
FI_RET_003,eurostat,4,Activity_indicators,FI,Retail non-food excl fuel,STS_TRTU_M,,"{""geo"": ""FI"", ""s_adj"": ""SCA"", ""unit"": ""I21"", ""indic_bt"": ""VOL_SLS"", ""startPeriod"": 2003, ""nace_r2"": ""G47_NFOOD_X_G473""}",,,2003-01
FR_RET_003,eurostat,4,Activity_indicators,FR,Retail non-food excl fuel,STS_TRTU_M,,"{""geo"": ""FR"", ""s_adj"": ""SCA"", ""unit"": ""I21"", ""indic_bt"": ""VOL_SLS"", ""startPeriod"": 2003, ""nace_r2"": ""G47_NFOOD_X_G473""}",,,2003-01
GR_RET_003,eurostat,4,Activity_indicators,GR,Retail non-food excl fuel,STS_TRTU_M,,"{""geo"": ""EL"", ""s_adj"": ""SCA"", ""unit"": ""I21"", ""indic_bt"": ""VOL_SLS"", ""startPeriod"": 2003, ""nace_r2"": ""G47_NFOOD_X_G473""}",,,2003-01
IE_RET_003,eurostat,4,Activity_indicators,IE,Retail non-food excl fuel,STS_TRTU_M,,"{""geo"": ""IE"", ""s_adj"": ""SCA"", ""unit"": ""I21"", ""indic_bt"": ""VOL_SLS"", ""startPeriod"": 2003, ""nace_r2"": ""G47_NFOOD_X_G473""}",,,2003-01
IT_RET_003,eurostat,4,Activity_indicators,IT,Retail non-food excl fuel,STS_TRTU_M,,"{""geo"": ""IT"", ""s_adj"": ""SCA"", ""unit"": ""I21"", ""indic_bt"": ""VOL_SLS"", ""startPeriod"": 2003, ""nace_r2"": ""G47_NFOOD_X_G473""}",,,2003-01
LT_RET_003,eurostat,4,Activity_indicators,LT,Retail non-food excl fuel,STS_TRTU_M,,"{""geo"": ""LT"", ""s_adj"": ""SCA"", ""unit"": ""I21"", ""indic_bt"": ""VOL_SLS"", ""startPeriod"": 2003, ""nace_r2"": ""G47_NFOOD_X_G473""}",,,2003-01
LU_RET_003,eurostat,4,Activity_indicators,LU,Retail non-food excl fuel,STS_TRTU_M,,"{""geo"": ""LU"", ""s_adj"": ""SCA"", ""unit"": ""I21"", ""indic_bt"": ""VOL_SLS"", ""startPeriod"": 2003, ""nace_r2"": ""G47_NFOOD_X_G473""}",,,2003-01
LV_RET_003,eurostat,4,Activity_indicators,LV,Retail non-food excl fuel,STS_TRTU_M,,"{""geo"": ""LV"", ""s_adj"": ""SCA"", ""unit"": ""I21"", ""indic_bt"": ""VOL_SLS"", ""startPeriod"": 2003, ""nace_r2"": ""G47_NFOOD_X_G473""}",,,2003-01
MT_RET_003,eurostat,4,Activity_indicators,MT,Retail non-food excl fuel,STS_TRTU_M,,"{""geo"": ""MT"", ""s_adj"": ""SCA"", ""unit"": ""I21"", ""indic_bt"": ""VOL_SLS"", ""startPeriod"": 2003, ""nace_r2"": ""G47_NFOOD_X_G473""}",,,2003-01
NL_RET_003,eurostat,4,Activity_indicators,NL,Retail non-food excl fuel,STS_TRTU_M,,"{""geo"": ""NL"", ""s_adj"": ""SCA"", ""unit"": ""I21"", ""indic_bt"": ""VOL_SLS"", ""startPeriod"": 2003, ""nace_r2"": ""G47_NFOOD_X_G473""}",,,2003-01
PT_RET_003,eurostat,4,Activity_indicators,PT,Retail non-food excl fuel,STS_TRTU_M,,"{""geo"": ""PT"", ""s_adj"": ""SCA"", ""unit"": ""I21"", ""indic_bt"": ""VOL_SLS"", ""startPeriod"": 2003, ""nace_r2"": ""G47_NFOOD_X_G473""}",,,2003-01
SI_RET_003,eurostat,4,Activity_indicators,SI,Retail non-food excl fuel,STS_TRTU_M,,"{""geo"": ""SI"", ""s_adj"": ""SCA"", ""unit"": ""I21"", ""indic_bt"": ""VOL_SLS"", ""startPeriod"": 2003, ""nace_r2"": ""G47_NFOOD_X_G473""}",,,2003-01
SK_RET_003,eurostat,4,Activity_indicators,SK,Retail non-food excl fuel,STS_TRTU_M,,"{""geo"": ""SK"", ""s_adj"": ""SCA"", ""unit"": ""I21"", ""indic_bt"": ""VOL_SLS"", ""startPeriod"": 2003, ""nace_r2"": ""G47_NFOOD_X_G473""}",,,2003-01
AT_RET_004,eurostat,4,Activity_indicators,AT,Retail automotive fuel,STS_TRTU_M,,"{""geo"": ""AT"", ""s_adj"": ""SCA"", ""unit"": ""I21"", ""indic_bt"": ""VOL_SLS"", ""startPeriod"": 2003, ""nace_r2"": ""G473""}",,,2003-01
BE_RET_004,eurostat,4,Activity_indicators,BE,Retail automotive fuel,STS_TRTU_M,,"{""geo"": ""BE"", ""s_adj"": ""SCA"", ""unit"": ""I21"", ""indic_bt"": ""VOL_SLS"", ""startPeriod"": 2003, ""nace_r2"": ""G473""}",,,2003-01
CY_RET_004,eurostat,4,Activity_indicators,CY,Retail automotive fuel,STS_TRTU_M,,"{""geo"": ""CY"", ""s_adj"": ""SCA"", ""unit"": ""I21"", ""indic_bt"": ""VOL_SLS"", ""startPeriod"": 2003, ""nace_r2"": ""G473""}",,,2003-01
DE_RET_004,eurostat,4,Activity_indicators,DE,Retail automotive fuel,STS_TRTU_M,,"{""geo"": ""DE"", ""s_adj"": ""SCA"", ""unit"": ""I21"", ""indic_bt"": ""VOL_SLS"", ""startPeriod"": 2003, ""nace_r2"": ""G473""}",,,2003-01
EE_RET_004,eurostat,4,Activity_indicators,EE,Retail automotive fuel,STS_TRTU_M,,"{""geo"": ""EE"", ""s_adj"": ""SCA"", ""unit"": ""I21"", ""indic_bt"": ""VOL_SLS"", ""startPeriod"": 2003, ""nace_r2"": ""G473""}",,,2003-01
ES_RET_004,eurostat,4,Activity_indicators,ES,Retail automotive fuel,STS_TRTU_M,,"{""geo"": ""ES"", ""s_adj"": ""SCA"", ""unit"": ""I21"", ""indic_bt"": ""VOL_SLS"", ""startPeriod"": 2003, ""nace_r2"": ""G473""}",,,2003-01
FI_RET_004,eurostat,4,Activity_indicators,FI,Retail automotive fuel,STS_TRTU_M,,"{""geo"": ""FI"", ""s_adj"": ""SCA"", ""unit"": ""I21"", ""indic_bt"": ""VOL_SLS"", ""startPeriod"": 2003, ""nace_r2"": ""G473""}",,,2003-01
FR_RET_004,eurostat,4,Activity_indicators,FR,Retail automotive fuel,STS_TRTU_M,,"{""geo"": ""FR"", ""s_adj"": ""SCA"", ""unit"": ""I21"", ""indic_bt"": ""VOL_SLS"", ""startPeriod"": 2003, ""nace_r2"": ""G473""}",,,2003-01
GR_RET_004,eurostat,4,Activity_indicators,GR,Retail automotive fuel,STS_TRTU_M,,"{""geo"": ""EL"", ""s_adj"": ""SCA"", ""unit"": ""I21"", ""indic_bt"": ""VOL_SLS"", ""startPeriod"": 2003, ""nace_r2"": ""G473""}",,,2003-01
IE_RET_004,eurostat,4,Activity_indicators,IE,Retail automotive fuel,STS_TRTU_M,,"{""geo"": ""IE"", ""s_adj"": ""SCA"", ""unit"": ""I21"", ""indic_bt"": ""VOL_SLS"", ""startPeriod"": 2003, ""nace_r2"": ""G473""}",,,2003-01
IT_RET_004,eurostat,4,Activity_indicators,IT,Retail automotive fuel,STS_TRTU_M,,"{""geo"": ""IT"", ""s_adj"": ""SCA"", ""unit"": ""I21"", ""indic_bt"": ""VOL_SLS"", ""startPeriod"": 2003, ""nace_r2"": ""G473""}",,,2003-01
LT_RET_004,eurostat,4,Activity_indicators,LT,Retail automotive fuel,STS_TRTU_M,,"{""geo"": ""LT"", ""s_adj"": ""SCA"", ""unit"": ""I21"", ""indic_bt"": ""VOL_SLS"", ""startPeriod"": 2003, ""nace_r2"": ""G473""}",,,2003-01
LU_RET_004,eurostat,4,Activity_indicators,LU,Retail automotive fuel,STS_TRTU_M,,"{""geo"": ""LU"", ""s_adj"": ""SCA"", ""unit"": ""I21"", ""indic_bt"": ""VOL_SLS"", ""startPeriod"": 2003, ""nace_r2"": ""G473""}",,,2003-01
LV_RET_004,eurostat,4,Activity_indicators,LV,Retail automotive fuel,STS_TRTU_M,,"{""geo"": ""LV"", ""s_adj"": ""SCA"", ""unit"": ""I21"", ""indic_bt"": ""VOL_SLS"", ""startPeriod"": 2003, ""nace_r2"": ""G473""}",,,2003-01
MT_RET_004,eurostat,4,Activity_indicators,MT,Retail automotive fuel,STS_TRTU_M,,"{""geo"": ""MT"", ""s_adj"": ""SCA"", ""unit"": ""I21"", ""indic_bt"": ""VOL_SLS"", ""startPeriod"": 2003, ""nace_r2"": ""G473""}",,,2003-01
NL_RET_004,eurostat,4,Activity_indicators,NL,Retail automotive fuel,STS_TRTU_M,,"{""geo"": ""NL"", ""s_adj"": ""SCA"", ""unit"": ""I21"", ""indic_bt"": ""VOL_SLS"", ""startPeriod"": 2003, ""nace_r2"": ""G473""}",,,2003-01
PT_RET_004,eurostat,4,Activity_indicators,PT,Retail automotive fuel,STS_TRTU_M,,"{""geo"": ""PT"", ""s_adj"": ""SCA"", ""unit"": ""I21"", ""indic_bt"": ""VOL_SLS"", ""startPeriod"": 2003, ""nace_r2"": ""G473""}",,,2003-01
SI_RET_004,eurostat,4,Activity_indicators,SI,Retail automotive fuel,STS_TRTU_M,,"{""geo"": ""SI"", ""s_adj"": ""SCA"", ""unit"": ""I21"", ""indic_bt"": ""VOL_SLS"", ""startPeriod"": 2003, ""nace_r2"": ""G473""}",,,2003-01
SK_RET_004,eurostat,4,Activity_indicators,SK,Retail automotive fuel,STS_TRTU_M,,"{""geo"": ""SK"", ""s_adj"": ""SCA"", ""unit"": ""I21"", ""indic_bt"": ""VOL_SLS"", ""startPeriod"": 2003, ""nace_r2"": ""G473""}",,,2003-01
AT_TURN_001,eurostat,4,Activity_indicators,AT,Turnover mining and quarrying,STS_INTV_M,,"{""geo"": ""AT"", ""s_adj"": ""SCA"", ""unit"": ""I21"", ""indic_bt"": ""NETTUR"", ""startPeriod"": 2003, ""nace_r2"": ""B""}",,,2003-01
BE_TURN_001,eurostat,4,Activity_indicators,BE,Turnover mining and quarrying,STS_INTV_M,,"{""geo"": ""BE"", ""s_adj"": ""SCA"", ""unit"": ""I21"", ""indic_bt"": ""NETTUR"", ""startPeriod"": 2003, ""nace_r2"": ""B""}",,,2003-01
CY_TURN_001,eurostat,4,Activity_indicators,CY,Turnover mining and quarrying,STS_INTV_M,,"{""geo"": ""CY"", ""s_adj"": ""SCA"", ""unit"": ""I21"", ""indic_bt"": ""NETTUR"", ""startPeriod"": 2003, ""nace_r2"": ""B""}",,,2003-01
DE_TURN_001,eurostat,4,Activity_indicators,DE,Turnover mining and quarrying,STS_INTV_M,,"{""geo"": ""DE"", ""s_adj"": ""SCA"", ""unit"": ""I21"", ""indic_bt"": ""NETTUR"", ""startPeriod"": 2003, ""nace_r2"": ""B""}",,,2003-01
EE_TURN_001,eurostat,4,Activity_indicators,EE,Turnover mining and quarrying,STS_INTV_M,,"{""geo"": ""EE"", ""s_adj"": ""SCA"", ""unit"": ""I21"", ""indic_bt"": ""NETTUR"", ""startPeriod"": 2003, ""nace_r2"": ""B""}",,,2003-01
ES_TURN_001,eurostat,4,Activity_indicators,ES,Turnover mining and quarrying,STS_INTV_M,,"{""geo"": ""ES"", ""s_adj"": ""SCA"", ""unit"": ""I21"", ""indic_bt"": ""NETTUR"", ""startPeriod"": 2003, ""nace_r2"": ""B""}",,,2003-01
FI_TURN_001,eurostat,4,Activity_indicators,FI,Turnover mining and quarrying,STS_INTV_M,,"{""geo"": ""FI"", ""s_adj"": ""SCA"", ""unit"": ""I21"", ""indic_bt"": ""NETTUR"", ""startPeriod"": 2003, ""nace_r2"": ""B""}",,,2003-01
FR_TURN_001,eurostat,4,Activity_indicators,FR,Turnover mining and quarrying,STS_INTV_M,,"{""geo"": ""FR"", ""s_adj"": ""SCA"", ""unit"": ""I21"", ""indic_bt"": ""NETTUR"", ""startPeriod"": 2003, ""nace_r2"": ""B""}",,,2003-01
GR_TURN_001,eurostat,4,Activity_indicators,GR,Turnover mining and quarrying,STS_INTV_M,,"{""geo"": ""EL"", ""s_adj"": ""SCA"", ""unit"": ""I21"", ""indic_bt"": ""NETTUR"", ""startPeriod"": 2003, ""nace_r2"": ""B""}",,,2003-01
IE_TURN_001,eurostat,4,Activity_indicators,IE,Turnover mining and quarrying,STS_INTV_M,,"{""geo"": ""IE"", ""s_adj"": ""SCA"", ""unit"": ""I21"", ""indic_bt"": ""NETTUR"", ""startPeriod"": 2003, ""nace_r2"": ""B""}",,,2003-01
IT_TURN_001,eurostat,4,Activity_indicators,IT,Turnover mining and quarrying,STS_INTV_M,,"{""geo"": ""IT"", ""s_adj"": ""SCA"", ""unit"": ""I21"", ""indic_bt"": ""NETTUR"", ""startPeriod"": 2003, ""nace_r2"": ""B""}",,,2003-01
LT_TURN_001,eurostat,4,Activity_indicators,LT,Turnover mining and quarrying,STS_INTV_M,,"{""geo"": ""LT"", ""s_adj"": ""SCA"", ""unit"": ""I21"", ""indic_bt"": ""NETTUR"", ""startPeriod"": 2003, ""nace_r2"": ""B""}",,,2003-01
LU_TURN_001,eurostat,4,Activity_indicators,LU,Turnover mining and quarrying,STS_INTV_M,,"{""geo"": ""LU"", ""s_adj"": ""SCA"", ""unit"": ""I21"", ""indic_bt"": ""NETTUR"", ""startPeriod"": 2003, ""nace_r2"": ""B""}",,,2003-01
LV_TURN_001,eurostat,4,Activity_indicators,LV,Turnover mining and quarrying,STS_INTV_M,,"{""geo"": ""LV"", ""s_adj"": ""SCA"", ""unit"": ""I21"", ""indic_bt"": ""NETTUR"", ""startPeriod"": 2003, ""nace_r2"": ""B""}",,,2003-01
MT_TURN_001,eurostat,4,Activity_indicators,MT,Turnover mining and quarrying,STS_INTV_M,,"{""geo"": ""MT"", ""s_adj"": ""SCA"", ""unit"": ""I21"", ""indic_bt"": ""NETTUR"", ""startPeriod"": 2003, ""nace_r2"": ""B""}",,,2003-01
NL_TURN_001,eurostat,4,Activity_indicators,NL,Turnover mining and quarrying,STS_INTV_M,,"{""geo"": ""NL"", ""s_adj"": ""SCA"", ""unit"": ""I21"", ""indic_bt"": ""NETTUR"", ""startPeriod"": 2003, ""nace_r2"": ""B""}",,,2003-01
PT_TURN_001,eurostat,4,Activity_indicators,PT,Turnover mining and quarrying,STS_INTV_M,,"{""geo"": ""PT"", ""s_adj"": ""SCA"", ""unit"": ""I21"", ""indic_bt"": ""NETTUR"", ""startPeriod"": 2003, ""nace_r2"": ""B""}",,,2003-01
SI_TURN_001,eurostat,4,Activity_indicators,SI,Turnover mining and quarrying,STS_INTV_M,,"{""geo"": ""SI"", ""s_adj"": ""SCA"", ""unit"": ""I21"", ""indic_bt"": ""NETTUR"", ""startPeriod"": 2003, ""nace_r2"": ""B""}",,,2003-01
SK_TURN_001,eurostat,4,Activity_indicators,SK,Turnover mining and quarrying,STS_INTV_M,,"{""geo"": ""SK"", ""s_adj"": ""SCA"", ""unit"": ""I21"", ""indic_bt"": ""NETTUR"", ""startPeriod"": 2003, ""nace_r2"": ""B""}",,,2003-01
AT_TURN_002,eurostat,4,Activity_indicators,AT,Turnover manufacturing,STS_INTV_M,,"{""geo"": ""AT"", ""s_adj"": ""SCA"", ""unit"": ""I21"", ""indic_bt"": ""NETTUR"", ""startPeriod"": 2003, ""nace_r2"": ""C""}",,,2003-01
BE_TURN_002,eurostat,4,Activity_indicators,BE,Turnover manufacturing,STS_INTV_M,,"{""geo"": ""BE"", ""s_adj"": ""SCA"", ""unit"": ""I21"", ""indic_bt"": ""NETTUR"", ""startPeriod"": 2003, ""nace_r2"": ""C""}",,,2003-01
CY_TURN_002,eurostat,4,Activity_indicators,CY,Turnover manufacturing,STS_INTV_M,,"{""geo"": ""CY"", ""s_adj"": ""SCA"", ""unit"": ""I21"", ""indic_bt"": ""NETTUR"", ""startPeriod"": 2003, ""nace_r2"": ""C""}",,,2003-01
DE_TURN_002,eurostat,4,Activity_indicators,DE,Turnover manufacturing,STS_INTV_M,,"{""geo"": ""DE"", ""s_adj"": ""SCA"", ""unit"": ""I21"", ""indic_bt"": ""NETTUR"", ""startPeriod"": 2003, ""nace_r2"": ""C""}",,,2003-01
EE_TURN_002,eurostat,4,Activity_indicators,EE,Turnover manufacturing,STS_INTV_M,,"{""geo"": ""EE"", ""s_adj"": ""SCA"", ""unit"": ""I21"", ""indic_bt"": ""NETTUR"", ""startPeriod"": 2003, ""nace_r2"": ""C""}",,,2003-01
ES_TURN_002,eurostat,4,Activity_indicators,ES,Turnover manufacturing,STS_INTV_M,,"{""geo"": ""ES"", ""s_adj"": ""SCA"", ""unit"": ""I21"", ""indic_bt"": ""NETTUR"", ""startPeriod"": 2003, ""nace_r2"": ""C""}",,,2003-01
FI_TURN_002,eurostat,4,Activity_indicators,FI,Turnover manufacturing,STS_INTV_M,,"{""geo"": ""FI"", ""s_adj"": ""SCA"", ""unit"": ""I21"", ""indic_bt"": ""NETTUR"", ""startPeriod"": 2003, ""nace_r2"": ""C""}",,,2003-01
FR_TURN_002,eurostat,4,Activity_indicators,FR,Turnover manufacturing,STS_INTV_M,,"{""geo"": ""FR"", ""s_adj"": ""SCA"", ""unit"": ""I21"", ""indic_bt"": ""NETTUR"", ""startPeriod"": 2003, ""nace_r2"": ""C""}",,,2003-01
GR_TURN_002,eurostat,4,Activity_indicators,GR,Turnover manufacturing,STS_INTV_M,,"{""geo"": ""EL"", ""s_adj"": ""SCA"", ""unit"": ""I21"", ""indic_bt"": ""NETTUR"", ""startPeriod"": 2003, ""nace_r2"": ""C""}",,,2003-01
IE_TURN_002,eurostat,4,Activity_indicators,IE,Turnover manufacturing,STS_INTV_M,,"{""geo"": ""IE"", ""s_adj"": ""SCA"", ""unit"": ""I21"", ""indic_bt"": ""NETTUR"", ""startPeriod"": 2003, ""nace_r2"": ""C""}",,,2003-01
IT_TURN_002,eurostat,4,Activity_indicators,IT,Turnover manufacturing,STS_INTV_M,,"{""geo"": ""IT"", ""s_adj"": ""SCA"", ""unit"": ""I21"", ""indic_bt"": ""NETTUR"", ""startPeriod"": 2003, ""nace_r2"": ""C""}",,,2003-01
LT_TURN_002,eurostat,4,Activity_indicators,LT,Turnover manufacturing,STS_INTV_M,,"{""geo"": ""LT"", ""s_adj"": ""SCA"", ""unit"": ""I21"", ""indic_bt"": ""NETTUR"", ""startPeriod"": 2003, ""nace_r2"": ""C""}",,,2003-01
LU_TURN_002,eurostat,4,Activity_indicators,LU,Turnover manufacturing,STS_INTV_M,,"{""geo"": ""LU"", ""s_adj"": ""SCA"", ""unit"": ""I21"", ""indic_bt"": ""NETTUR"", ""startPeriod"": 2003, ""nace_r2"": ""C""}",,,2003-01
LV_TURN_002,eurostat,4,Activity_indicators,LV,Turnover manufacturing,STS_INTV_M,,"{""geo"": ""LV"", ""s_adj"": ""SCA"", ""unit"": ""I21"", ""indic_bt"": ""NETTUR"", ""startPeriod"": 2003, ""nace_r2"": ""C""}",,,2003-01
MT_TURN_002,eurostat,4,Activity_indicators,MT,Turnover manufacturing,STS_INTV_M,,"{""geo"": ""MT"", ""s_adj"": ""SCA"", ""unit"": ""I21"", ""indic_bt"": ""NETTUR"", ""startPeriod"": 2003, ""nace_r2"": ""C""}",,,2003-01
NL_TURN_002,eurostat,4,Activity_indicators,NL,Turnover manufacturing,STS_INTV_M,,"{""geo"": ""NL"", ""s_adj"": ""SCA"", ""unit"": ""I21"", ""indic_bt"": ""NETTUR"", ""startPeriod"": 2003, ""nace_r2"": ""C""}",,,2003-01
PT_TURN_002,eurostat,4,Activity_indicators,PT,Turnover manufacturing,STS_INTV_M,,"{""geo"": ""PT"", ""s_adj"": ""SCA"", ""unit"": ""I21"", ""indic_bt"": ""NETTUR"", ""startPeriod"": 2003, ""nace_r2"": ""C""}",,,2003-01
SI_TURN_002,eurostat,4,Activity_indicators,SI,Turnover manufacturing,STS_INTV_M,,"{""geo"": ""SI"", ""s_adj"": ""SCA"", ""unit"": ""I21"", ""indic_bt"": ""NETTUR"", ""startPeriod"": 2003, ""nace_r2"": ""C""}",,,2003-01
SK_TURN_002,eurostat,4,Activity_indicators,SK,Turnover manufacturing,STS_INTV_M,,"{""geo"": ""SK"", ""s_adj"": ""SCA"", ""unit"": ""I21"", ""indic_bt"": ""NETTUR"", ""startPeriod"": 2003, ""nace_r2"": ""C""}",,,2003-01
AT_TURN_004,eurostat,4,Activity_indicators,AT,"Turnover total industry proxy (B_C, excl Energy D)",STS_INTV_M,,"{""geo"": ""AT"", ""s_adj"": ""SCA"", ""unit"": ""I21"", ""indic_bt"": ""NETTUR"", ""startPeriod"": 2003, ""nace_r2"": ""B_C""}",,,2003-01
BE_TURN_004,eurostat,4,Activity_indicators,BE,"Turnover total industry proxy (B_C, excl Energy D)",STS_INTV_M,,"{""geo"": ""BE"", ""s_adj"": ""SCA"", ""unit"": ""I21"", ""indic_bt"": ""NETTUR"", ""startPeriod"": 2003, ""nace_r2"": ""B_C""}",,,2003-01
CY_TURN_004,eurostat,4,Activity_indicators,CY,"Turnover total industry proxy (B_C, excl Energy D)",STS_INTV_M,,"{""geo"": ""CY"", ""s_adj"": ""SCA"", ""unit"": ""I21"", ""indic_bt"": ""NETTUR"", ""startPeriod"": 2003, ""nace_r2"": ""B_C""}",,,2003-01
DE_TURN_004,eurostat,4,Activity_indicators,DE,"Turnover total industry proxy (B_C, excl Energy D)",STS_INTV_M,,"{""geo"": ""DE"", ""s_adj"": ""SCA"", ""unit"": ""I21"", ""indic_bt"": ""NETTUR"", ""startPeriod"": 2003, ""nace_r2"": ""B_C""}",,,2003-01
EE_TURN_004,eurostat,4,Activity_indicators,EE,"Turnover total industry proxy (B_C, excl Energy D)",STS_INTV_M,,"{""geo"": ""EE"", ""s_adj"": ""SCA"", ""unit"": ""I21"", ""indic_bt"": ""NETTUR"", ""startPeriod"": 2003, ""nace_r2"": ""B_C""}",,,2003-01
ES_TURN_004,eurostat,4,Activity_indicators,ES,"Turnover total industry proxy (B_C, excl Energy D)",STS_INTV_M,,"{""geo"": ""ES"", ""s_adj"": ""SCA"", ""unit"": ""I21"", ""indic_bt"": ""NETTUR"", ""startPeriod"": 2003, ""nace_r2"": ""B_C""}",,,2003-01
FI_TURN_004,eurostat,4,Activity_indicators,FI,"Turnover total industry proxy (B_C, excl Energy D)",STS_INTV_M,,"{""geo"": ""FI"", ""s_adj"": ""SCA"", ""unit"": ""I21"", ""indic_bt"": ""NETTUR"", ""startPeriod"": 2003, ""nace_r2"": ""B_C""}",,,2003-01
FR_TURN_004,eurostat,4,Activity_indicators,FR,"Turnover total industry proxy (B_C, excl Energy D)",STS_INTV_M,,"{""geo"": ""FR"", ""s_adj"": ""SCA"", ""unit"": ""I21"", ""indic_bt"": ""NETTUR"", ""startPeriod"": 2003, ""nace_r2"": ""B_C""}",,,2003-01
GR_TURN_004,eurostat,4,Activity_indicators,GR,"Turnover total industry proxy (B_C, excl Energy D)",STS_INTV_M,,"{""geo"": ""EL"", ""s_adj"": ""SCA"", ""unit"": ""I21"", ""indic_bt"": ""NETTUR"", ""startPeriod"": 2003, ""nace_r2"": ""B_C""}",,,2003-01
IE_TURN_004,eurostat,4,Activity_indicators,IE,"Turnover total industry proxy (B_C, excl Energy D)",STS_INTV_M,,"{""geo"": ""IE"", ""s_adj"": ""SCA"", ""unit"": ""I21"", ""indic_bt"": ""NETTUR"", ""startPeriod"": 2003, ""nace_r2"": ""B_C""}",,,2003-01
IT_TURN_004,eurostat,4,Activity_indicators,IT,"Turnover total industry proxy (B_C, excl Energy D)",STS_INTV_M,,"{""geo"": ""IT"", ""s_adj"": ""SCA"", ""unit"": ""I21"", ""indic_bt"": ""NETTUR"", ""startPeriod"": 2003, ""nace_r2"": ""B_C""}",,,2003-01
LT_TURN_004,eurostat,4,Activity_indicators,LT,"Turnover total industry proxy (B_C, excl Energy D)",STS_INTV_M,,"{""geo"": ""LT"", ""s_adj"": ""SCA"", ""unit"": ""I21"", ""indic_bt"": ""NETTUR"", ""startPeriod"": 2003, ""nace_r2"": ""B_C""}",,,2003-01
LU_TURN_004,eurostat,4,Activity_indicators,LU,"Turnover total industry proxy (B_C, excl Energy D)",STS_INTV_M,,"{""geo"": ""LU"", ""s_adj"": ""SCA"", ""unit"": ""I21"", ""indic_bt"": ""NETTUR"", ""startPeriod"": 2003, ""nace_r2"": ""B_C""}",,,2003-01
LV_TURN_004,eurostat,4,Activity_indicators,LV,"Turnover total industry proxy (B_C, excl Energy D)",STS_INTV_M,,"{""geo"": ""LV"", ""s_adj"": ""SCA"", ""unit"": ""I21"", ""indic_bt"": ""NETTUR"", ""startPeriod"": 2003, ""nace_r2"": ""B_C""}",,,2003-01
MT_TURN_004,eurostat,4,Activity_indicators,MT,"Turnover total industry proxy (B_C, excl Energy D)",STS_INTV_M,,"{""geo"": ""MT"", ""s_adj"": ""SCA"", ""unit"": ""I21"", ""indic_bt"": ""NETTUR"", ""startPeriod"": 2003, ""nace_r2"": ""B_C""}",,,2003-01
NL_TURN_004,eurostat,4,Activity_indicators,NL,"Turnover total industry proxy (B_C, excl Energy D)",STS_INTV_M,,"{""geo"": ""NL"", ""s_adj"": ""SCA"", ""unit"": ""I21"", ""indic_bt"": ""NETTUR"", ""startPeriod"": 2003, ""nace_r2"": ""B_C""}",,,2003-01
PT_TURN_004,eurostat,4,Activity_indicators,PT,"Turnover total industry proxy (B_C, excl Energy D)",STS_INTV_M,,"{""geo"": ""PT"", ""s_adj"": ""SCA"", ""unit"": ""I21"", ""indic_bt"": ""NETTUR"", ""startPeriod"": 2003, ""nace_r2"": ""B_C""}",,,2003-01
SI_TURN_004,eurostat,4,Activity_indicators,SI,"Turnover total industry proxy (B_C, excl Energy D)",STS_INTV_M,,"{""geo"": ""SI"", ""s_adj"": ""SCA"", ""unit"": ""I21"", ""indic_bt"": ""NETTUR"", ""startPeriod"": 2003, ""nace_r2"": ""B_C""}",,,2003-01
SK_TURN_004,eurostat,4,Activity_indicators,SK,"Turnover total industry proxy (B_C, excl Energy D)",STS_INTV_M,,"{""geo"": ""SK"", ""s_adj"": ""SCA"", ""unit"": ""I21"", ""indic_bt"": ""NETTUR"", ""startPeriod"": 2003, ""nace_r2"": ""B_C""}",,,2003-01
AT_TURN_005,eurostat,4,Activity_indicators,AT,Turnover MIG intermediate goods,STS_INTV_M,,"{""geo"": ""AT"", ""s_adj"": ""SCA"", ""unit"": ""I21"", ""indic_bt"": ""NETTUR"", ""startPeriod"": 2003, ""nace_r2"": ""MIG_ING""}",,,2003-01
BE_TURN_005,eurostat,4,Activity_indicators,BE,Turnover MIG intermediate goods,STS_INTV_M,,"{""geo"": ""BE"", ""s_adj"": ""SCA"", ""unit"": ""I21"", ""indic_bt"": ""NETTUR"", ""startPeriod"": 2003, ""nace_r2"": ""MIG_ING""}",,,2003-01
CY_TURN_005,eurostat,4,Activity_indicators,CY,Turnover MIG intermediate goods,STS_INTV_M,,"{""geo"": ""CY"", ""s_adj"": ""SCA"", ""unit"": ""I21"", ""indic_bt"": ""NETTUR"", ""startPeriod"": 2003, ""nace_r2"": ""MIG_ING""}",,,2003-01
DE_TURN_005,eurostat,4,Activity_indicators,DE,Turnover MIG intermediate goods,STS_INTV_M,,"{""geo"": ""DE"", ""s_adj"": ""SCA"", ""unit"": ""I21"", ""indic_bt"": ""NETTUR"", ""startPeriod"": 2003, ""nace_r2"": ""MIG_ING""}",,,2003-01
EE_TURN_005,eurostat,4,Activity_indicators,EE,Turnover MIG intermediate goods,STS_INTV_M,,"{""geo"": ""EE"", ""s_adj"": ""SCA"", ""unit"": ""I21"", ""indic_bt"": ""NETTUR"", ""startPeriod"": 2003, ""nace_r2"": ""MIG_ING""}",,,2003-01
ES_TURN_005,eurostat,4,Activity_indicators,ES,Turnover MIG intermediate goods,STS_INTV_M,,"{""geo"": ""ES"", ""s_adj"": ""SCA"", ""unit"": ""I21"", ""indic_bt"": ""NETTUR"", ""startPeriod"": 2003, ""nace_r2"": ""MIG_ING""}",,,2003-01
FI_TURN_005,eurostat,4,Activity_indicators,FI,Turnover MIG intermediate goods,STS_INTV_M,,"{""geo"": ""FI"", ""s_adj"": ""SCA"", ""unit"": ""I21"", ""indic_bt"": ""NETTUR"", ""startPeriod"": 2003, ""nace_r2"": ""MIG_ING""}",,,2003-01
FR_TURN_005,eurostat,4,Activity_indicators,FR,Turnover MIG intermediate goods,STS_INTV_M,,"{""geo"": ""FR"", ""s_adj"": ""SCA"", ""unit"": ""I21"", ""indic_bt"": ""NETTUR"", ""startPeriod"": 2003, ""nace_r2"": ""MIG_ING""}",,,2003-01
GR_TURN_005,eurostat,4,Activity_indicators,GR,Turnover MIG intermediate goods,STS_INTV_M,,"{""geo"": ""EL"", ""s_adj"": ""SCA"", ""unit"": ""I21"", ""indic_bt"": ""NETTUR"", ""startPeriod"": 2003, ""nace_r2"": ""MIG_ING""}",,,2003-01
IE_TURN_005,eurostat,4,Activity_indicators,IE,Turnover MIG intermediate goods,STS_INTV_M,,"{""geo"": ""IE"", ""s_adj"": ""SCA"", ""unit"": ""I21"", ""indic_bt"": ""NETTUR"", ""startPeriod"": 2003, ""nace_r2"": ""MIG_ING""}",,,2003-01
IT_TURN_005,eurostat,4,Activity_indicators,IT,Turnover MIG intermediate goods,STS_INTV_M,,"{""geo"": ""IT"", ""s_adj"": ""SCA"", ""unit"": ""I21"", ""indic_bt"": ""NETTUR"", ""startPeriod"": 2003, ""nace_r2"": ""MIG_ING""}",,,2003-01
LT_TURN_005,eurostat,4,Activity_indicators,LT,Turnover MIG intermediate goods,STS_INTV_M,,"{""geo"": ""LT"", ""s_adj"": ""SCA"", ""unit"": ""I21"", ""indic_bt"": ""NETTUR"", ""startPeriod"": 2003, ""nace_r2"": ""MIG_ING""}",,,2003-01
LU_TURN_005,eurostat,4,Activity_indicators,LU,Turnover MIG intermediate goods,STS_INTV_M,,"{""geo"": ""LU"", ""s_adj"": ""SCA"", ""unit"": ""I21"", ""indic_bt"": ""NETTUR"", ""startPeriod"": 2003, ""nace_r2"": ""MIG_ING""}",,,2003-01
LV_TURN_005,eurostat,4,Activity_indicators,LV,Turnover MIG intermediate goods,STS_INTV_M,,"{""geo"": ""LV"", ""s_adj"": ""SCA"", ""unit"": ""I21"", ""indic_bt"": ""NETTUR"", ""startPeriod"": 2003, ""nace_r2"": ""MIG_ING""}",,,2003-01
MT_TURN_005,eurostat,4,Activity_indicators,MT,Turnover MIG intermediate goods,STS_INTV_M,,"{""geo"": ""MT"", ""s_adj"": ""SCA"", ""unit"": ""I21"", ""indic_bt"": ""NETTUR"", ""startPeriod"": 2003, ""nace_r2"": ""MIG_ING""}",,,2003-01
NL_TURN_005,eurostat,4,Activity_indicators,NL,Turnover MIG intermediate goods,STS_INTV_M,,"{""geo"": ""NL"", ""s_adj"": ""SCA"", ""unit"": ""I21"", ""indic_bt"": ""NETTUR"", ""startPeriod"": 2003, ""nace_r2"": ""MIG_ING""}",,,2003-01
PT_TURN_005,eurostat,4,Activity_indicators,PT,Turnover MIG intermediate goods,STS_INTV_M,,"{""geo"": ""PT"", ""s_adj"": ""SCA"", ""unit"": ""I21"", ""indic_bt"": ""NETTUR"", ""startPeriod"": 2003, ""nace_r2"": ""MIG_ING""}",,,2003-01
SI_TURN_005,eurostat,4,Activity_indicators,SI,Turnover MIG intermediate goods,STS_INTV_M,,"{""geo"": ""SI"", ""s_adj"": ""SCA"", ""unit"": ""I21"", ""indic_bt"": ""NETTUR"", ""startPeriod"": 2003, ""nace_r2"": ""MIG_ING""}",,,2003-01
SK_TURN_005,eurostat,4,Activity_indicators,SK,Turnover MIG intermediate goods,STS_INTV_M,,"{""geo"": ""SK"", ""s_adj"": ""SCA"", ""unit"": ""I21"", ""indic_bt"": ""NETTUR"", ""startPeriod"": 2003, ""nace_r2"": ""MIG_ING""}",,,2003-01
AT_TURN_006,eurostat,4,Activity_indicators,AT,Turnover MIG capital goods,STS_INTV_M,,"{""geo"": ""AT"", ""s_adj"": ""SCA"", ""unit"": ""I21"", ""indic_bt"": ""NETTUR"", ""startPeriod"": 2003, ""nace_r2"": ""MIG_CAG""}",,,2003-01
BE_TURN_006,eurostat,4,Activity_indicators,BE,Turnover MIG capital goods,STS_INTV_M,,"{""geo"": ""BE"", ""s_adj"": ""SCA"", ""unit"": ""I21"", ""indic_bt"": ""NETTUR"", ""startPeriod"": 2003, ""nace_r2"": ""MIG_CAG""}",,,2003-01
CY_TURN_006,eurostat,4,Activity_indicators,CY,Turnover MIG capital goods,STS_INTV_M,,"{""geo"": ""CY"", ""s_adj"": ""SCA"", ""unit"": ""I21"", ""indic_bt"": ""NETTUR"", ""startPeriod"": 2003, ""nace_r2"": ""MIG_CAG""}",,,2003-01
DE_TURN_006,eurostat,4,Activity_indicators,DE,Turnover MIG capital goods,STS_INTV_M,,"{""geo"": ""DE"", ""s_adj"": ""SCA"", ""unit"": ""I21"", ""indic_bt"": ""NETTUR"", ""startPeriod"": 2003, ""nace_r2"": ""MIG_CAG""}",,,2003-01
EE_TURN_006,eurostat,4,Activity_indicators,EE,Turnover MIG capital goods,STS_INTV_M,,"{""geo"": ""EE"", ""s_adj"": ""SCA"", ""unit"": ""I21"", ""indic_bt"": ""NETTUR"", ""startPeriod"": 2003, ""nace_r2"": ""MIG_CAG""}",,,2003-01
ES_TURN_006,eurostat,4,Activity_indicators,ES,Turnover MIG capital goods,STS_INTV_M,,"{""geo"": ""ES"", ""s_adj"": ""SCA"", ""unit"": ""I21"", ""indic_bt"": ""NETTUR"", ""startPeriod"": 2003, ""nace_r2"": ""MIG_CAG""}",,,2003-01
FI_TURN_006,eurostat,4,Activity_indicators,FI,Turnover MIG capital goods,STS_INTV_M,,"{""geo"": ""FI"", ""s_adj"": ""SCA"", ""unit"": ""I21"", ""indic_bt"": ""NETTUR"", ""startPeriod"": 2003, ""nace_r2"": ""MIG_CAG""}",,,2003-01
FR_TURN_006,eurostat,4,Activity_indicators,FR,Turnover MIG capital goods,STS_INTV_M,,"{""geo"": ""FR"", ""s_adj"": ""SCA"", ""unit"": ""I21"", ""indic_bt"": ""NETTUR"", ""startPeriod"": 2003, ""nace_r2"": ""MIG_CAG""}",,,2003-01
GR_TURN_006,eurostat,4,Activity_indicators,GR,Turnover MIG capital goods,STS_INTV_M,,"{""geo"": ""EL"", ""s_adj"": ""SCA"", ""unit"": ""I21"", ""indic_bt"": ""NETTUR"", ""startPeriod"": 2003, ""nace_r2"": ""MIG_CAG""}",,,2003-01
IE_TURN_006,eurostat,4,Activity_indicators,IE,Turnover MIG capital goods,STS_INTV_M,,"{""geo"": ""IE"", ""s_adj"": ""SCA"", ""unit"": ""I21"", ""indic_bt"": ""NETTUR"", ""startPeriod"": 2003, ""nace_r2"": ""MIG_CAG""}",,,2003-01
IT_TURN_006,eurostat,4,Activity_indicators,IT,Turnover MIG capital goods,STS_INTV_M,,"{""geo"": ""IT"", ""s_adj"": ""SCA"", ""unit"": ""I21"", ""indic_bt"": ""NETTUR"", ""startPeriod"": 2003, ""nace_r2"": ""MIG_CAG""}",,,2003-01
LT_TURN_006,eurostat,4,Activity_indicators,LT,Turnover MIG capital goods,STS_INTV_M,,"{""geo"": ""LT"", ""s_adj"": ""SCA"", ""unit"": ""I21"", ""indic_bt"": ""NETTUR"", ""startPeriod"": 2003, ""nace_r2"": ""MIG_CAG""}",,,2003-01
LU_TURN_006,eurostat,4,Activity_indicators,LU,Turnover MIG capital goods,STS_INTV_M,,"{""geo"": ""LU"", ""s_adj"": ""SCA"", ""unit"": ""I21"", ""indic_bt"": ""NETTUR"", ""startPeriod"": 2003, ""nace_r2"": ""MIG_CAG""}",,,2003-01
LV_TURN_006,eurostat,4,Activity_indicators,LV,Turnover MIG capital goods,STS_INTV_M,,"{""geo"": ""LV"", ""s_adj"": ""SCA"", ""unit"": ""I21"", ""indic_bt"": ""NETTUR"", ""startPeriod"": 2003, ""nace_r2"": ""MIG_CAG""}",,,2003-01
MT_TURN_006,eurostat,4,Activity_indicators,MT,Turnover MIG capital goods,STS_INTV_M,,"{""geo"": ""MT"", ""s_adj"": ""SCA"", ""unit"": ""I21"", ""indic_bt"": ""NETTUR"", ""startPeriod"": 2003, ""nace_r2"": ""MIG_CAG""}",,,2003-01
NL_TURN_006,eurostat,4,Activity_indicators,NL,Turnover MIG capital goods,STS_INTV_M,,"{""geo"": ""NL"", ""s_adj"": ""SCA"", ""unit"": ""I21"", ""indic_bt"": ""NETTUR"", ""startPeriod"": 2003, ""nace_r2"": ""MIG_CAG""}",,,2003-01
PT_TURN_006,eurostat,4,Activity_indicators,PT,Turnover MIG capital goods,STS_INTV_M,,"{""geo"": ""PT"", ""s_adj"": ""SCA"", ""unit"": ""I21"", ""indic_bt"": ""NETTUR"", ""startPeriod"": 2003, ""nace_r2"": ""MIG_CAG""}",,,2003-01
SI_TURN_006,eurostat,4,Activity_indicators,SI,Turnover MIG capital goods,STS_INTV_M,,"{""geo"": ""SI"", ""s_adj"": ""SCA"", ""unit"": ""I21"", ""indic_bt"": ""NETTUR"", ""startPeriod"": 2003, ""nace_r2"": ""MIG_CAG""}",,,2003-01
SK_TURN_006,eurostat,4,Activity_indicators,SK,Turnover MIG capital goods,STS_INTV_M,,"{""geo"": ""SK"", ""s_adj"": ""SCA"", ""unit"": ""I21"", ""indic_bt"": ""NETTUR"", ""startPeriod"": 2003, ""nace_r2"": ""MIG_CAG""}",,,2003-01
AT_TURN_007,eurostat,4,Activity_indicators,AT,Turnover MIG durable consumer goods,STS_INTV_M,,"{""geo"": ""AT"", ""s_adj"": ""SCA"", ""unit"": ""I21"", ""indic_bt"": ""NETTUR"", ""startPeriod"": 2003, ""nace_r2"": ""MIG_DCOG""}",,,2003-01
BE_TURN_007,eurostat,4,Activity_indicators,BE,Turnover MIG durable consumer goods,STS_INTV_M,,"{""geo"": ""BE"", ""s_adj"": ""SCA"", ""unit"": ""I21"", ""indic_bt"": ""NETTUR"", ""startPeriod"": 2003, ""nace_r2"": ""MIG_DCOG""}",,,2003-01
CY_TURN_007,eurostat,4,Activity_indicators,CY,Turnover MIG durable consumer goods,STS_INTV_M,,"{""geo"": ""CY"", ""s_adj"": ""SCA"", ""unit"": ""I21"", ""indic_bt"": ""NETTUR"", ""startPeriod"": 2003, ""nace_r2"": ""MIG_DCOG""}",,,2003-01
DE_TURN_007,eurostat,4,Activity_indicators,DE,Turnover MIG durable consumer goods,STS_INTV_M,,"{""geo"": ""DE"", ""s_adj"": ""SCA"", ""unit"": ""I21"", ""indic_bt"": ""NETTUR"", ""startPeriod"": 2003, ""nace_r2"": ""MIG_DCOG""}",,,2003-01
EE_TURN_007,eurostat,4,Activity_indicators,EE,Turnover MIG durable consumer goods,STS_INTV_M,,"{""geo"": ""EE"", ""s_adj"": ""SCA"", ""unit"": ""I21"", ""indic_bt"": ""NETTUR"", ""startPeriod"": 2003, ""nace_r2"": ""MIG_DCOG""}",,,2003-01
ES_TURN_007,eurostat,4,Activity_indicators,ES,Turnover MIG durable consumer goods,STS_INTV_M,,"{""geo"": ""ES"", ""s_adj"": ""SCA"", ""unit"": ""I21"", ""indic_bt"": ""NETTUR"", ""startPeriod"": 2003, ""nace_r2"": ""MIG_DCOG""}",,,2003-01
FI_TURN_007,eurostat,4,Activity_indicators,FI,Turnover MIG durable consumer goods,STS_INTV_M,,"{""geo"": ""FI"", ""s_adj"": ""SCA"", ""unit"": ""I21"", ""indic_bt"": ""NETTUR"", ""startPeriod"": 2003, ""nace_r2"": ""MIG_DCOG""}",,,2003-01
FR_TURN_007,eurostat,4,Activity_indicators,FR,Turnover MIG durable consumer goods,STS_INTV_M,,"{""geo"": ""FR"", ""s_adj"": ""SCA"", ""unit"": ""I21"", ""indic_bt"": ""NETTUR"", ""startPeriod"": 2003, ""nace_r2"": ""MIG_DCOG""}",,,2003-01
GR_TURN_007,eurostat,4,Activity_indicators,GR,Turnover MIG durable consumer goods,STS_INTV_M,,"{""geo"": ""EL"", ""s_adj"": ""SCA"", ""unit"": ""I21"", ""indic_bt"": ""NETTUR"", ""startPeriod"": 2003, ""nace_r2"": ""MIG_DCOG""}",,,2003-01
IE_TURN_007,eurostat,4,Activity_indicators,IE,Turnover MIG durable consumer goods,STS_INTV_M,,"{""geo"": ""IE"", ""s_adj"": ""SCA"", ""unit"": ""I21"", ""indic_bt"": ""NETTUR"", ""startPeriod"": 2003, ""nace_r2"": ""MIG_DCOG""}",,,2003-01
IT_TURN_007,eurostat,4,Activity_indicators,IT,Turnover MIG durable consumer goods,STS_INTV_M,,"{""geo"": ""IT"", ""s_adj"": ""SCA"", ""unit"": ""I21"", ""indic_bt"": ""NETTUR"", ""startPeriod"": 2003, ""nace_r2"": ""MIG_DCOG""}",,,2003-01
LT_TURN_007,eurostat,4,Activity_indicators,LT,Turnover MIG durable consumer goods,STS_INTV_M,,"{""geo"": ""LT"", ""s_adj"": ""SCA"", ""unit"": ""I21"", ""indic_bt"": ""NETTUR"", ""startPeriod"": 2003, ""nace_r2"": ""MIG_DCOG""}",,,2003-01
LU_TURN_007,eurostat,4,Activity_indicators,LU,Turnover MIG durable consumer goods,STS_INTV_M,,"{""geo"": ""LU"", ""s_adj"": ""SCA"", ""unit"": ""I21"", ""indic_bt"": ""NETTUR"", ""startPeriod"": 2003, ""nace_r2"": ""MIG_DCOG""}",,,2003-01
LV_TURN_007,eurostat,4,Activity_indicators,LV,Turnover MIG durable consumer goods,STS_INTV_M,,"{""geo"": ""LV"", ""s_adj"": ""SCA"", ""unit"": ""I21"", ""indic_bt"": ""NETTUR"", ""startPeriod"": 2003, ""nace_r2"": ""MIG_DCOG""}",,,2003-01
MT_TURN_007,eurostat,4,Activity_indicators,MT,Turnover MIG durable consumer goods,STS_INTV_M,,"{""geo"": ""MT"", ""s_adj"": ""SCA"", ""unit"": ""I21"", ""indic_bt"": ""NETTUR"", ""startPeriod"": 2003, ""nace_r2"": ""MIG_DCOG""}",,,2003-01
NL_TURN_007,eurostat,4,Activity_indicators,NL,Turnover MIG durable consumer goods,STS_INTV_M,,"{""geo"": ""NL"", ""s_adj"": ""SCA"", ""unit"": ""I21"", ""indic_bt"": ""NETTUR"", ""startPeriod"": 2003, ""nace_r2"": ""MIG_DCOG""}",,,2003-01
PT_TURN_007,eurostat,4,Activity_indicators,PT,Turnover MIG durable consumer goods,STS_INTV_M,,"{""geo"": ""PT"", ""s_adj"": ""SCA"", ""unit"": ""I21"", ""indic_bt"": ""NETTUR"", ""startPeriod"": 2003, ""nace_r2"": ""MIG_DCOG""}",,,2003-01
SI_TURN_007,eurostat,4,Activity_indicators,SI,Turnover MIG durable consumer goods,STS_INTV_M,,"{""geo"": ""SI"", ""s_adj"": ""SCA"", ""unit"": ""I21"", ""indic_bt"": ""NETTUR"", ""startPeriod"": 2003, ""nace_r2"": ""MIG_DCOG""}",,,2003-01
SK_TURN_007,eurostat,4,Activity_indicators,SK,Turnover MIG durable consumer goods,STS_INTV_M,,"{""geo"": ""SK"", ""s_adj"": ""SCA"", ""unit"": ""I21"", ""indic_bt"": ""NETTUR"", ""startPeriod"": 2003, ""nace_r2"": ""MIG_DCOG""}",,,2003-01
AT_TURN_008,eurostat,4,Activity_indicators,AT,Turnover MIG non-durable consumer goods,STS_INTV_M,,"{""geo"": ""AT"", ""s_adj"": ""SCA"", ""unit"": ""I21"", ""indic_bt"": ""NETTUR"", ""startPeriod"": 2003, ""nace_r2"": ""MIG_NDCOG""}",,,2003-01
BE_TURN_008,eurostat,4,Activity_indicators,BE,Turnover MIG non-durable consumer goods,STS_INTV_M,,"{""geo"": ""BE"", ""s_adj"": ""SCA"", ""unit"": ""I21"", ""indic_bt"": ""NETTUR"", ""startPeriod"": 2003, ""nace_r2"": ""MIG_NDCOG""}",,,2003-01
CY_TURN_008,eurostat,4,Activity_indicators,CY,Turnover MIG non-durable consumer goods,STS_INTV_M,,"{""geo"": ""CY"", ""s_adj"": ""SCA"", ""unit"": ""I21"", ""indic_bt"": ""NETTUR"", ""startPeriod"": 2003, ""nace_r2"": ""MIG_NDCOG""}",,,2003-01
DE_TURN_008,eurostat,4,Activity_indicators,DE,Turnover MIG non-durable consumer goods,STS_INTV_M,,"{""geo"": ""DE"", ""s_adj"": ""SCA"", ""unit"": ""I21"", ""indic_bt"": ""NETTUR"", ""startPeriod"": 2003, ""nace_r2"": ""MIG_NDCOG""}",,,2003-01
EE_TURN_008,eurostat,4,Activity_indicators,EE,Turnover MIG non-durable consumer goods,STS_INTV_M,,"{""geo"": ""EE"", ""s_adj"": ""SCA"", ""unit"": ""I21"", ""indic_bt"": ""NETTUR"", ""startPeriod"": 2003, ""nace_r2"": ""MIG_NDCOG""}",,,2003-01
ES_TURN_008,eurostat,4,Activity_indicators,ES,Turnover MIG non-durable consumer goods,STS_INTV_M,,"{""geo"": ""ES"", ""s_adj"": ""SCA"", ""unit"": ""I21"", ""indic_bt"": ""NETTUR"", ""startPeriod"": 2003, ""nace_r2"": ""MIG_NDCOG""}",,,2003-01
FI_TURN_008,eurostat,4,Activity_indicators,FI,Turnover MIG non-durable consumer goods,STS_INTV_M,,"{""geo"": ""FI"", ""s_adj"": ""SCA"", ""unit"": ""I21"", ""indic_bt"": ""NETTUR"", ""startPeriod"": 2003, ""nace_r2"": ""MIG_NDCOG""}",,,2003-01
FR_TURN_008,eurostat,4,Activity_indicators,FR,Turnover MIG non-durable consumer goods,STS_INTV_M,,"{""geo"": ""FR"", ""s_adj"": ""SCA"", ""unit"": ""I21"", ""indic_bt"": ""NETTUR"", ""startPeriod"": 2003, ""nace_r2"": ""MIG_NDCOG""}",,,2003-01
GR_TURN_008,eurostat,4,Activity_indicators,GR,Turnover MIG non-durable consumer goods,STS_INTV_M,,"{""geo"": ""EL"", ""s_adj"": ""SCA"", ""unit"": ""I21"", ""indic_bt"": ""NETTUR"", ""startPeriod"": 2003, ""nace_r2"": ""MIG_NDCOG""}",,,2003-01
IE_TURN_008,eurostat,4,Activity_indicators,IE,Turnover MIG non-durable consumer goods,STS_INTV_M,,"{""geo"": ""IE"", ""s_adj"": ""SCA"", ""unit"": ""I21"", ""indic_bt"": ""NETTUR"", ""startPeriod"": 2003, ""nace_r2"": ""MIG_NDCOG""}",,,2003-01
IT_TURN_008,eurostat,4,Activity_indicators,IT,Turnover MIG non-durable consumer goods,STS_INTV_M,,"{""geo"": ""IT"", ""s_adj"": ""SCA"", ""unit"": ""I21"", ""indic_bt"": ""NETTUR"", ""startPeriod"": 2003, ""nace_r2"": ""MIG_NDCOG""}",,,2003-01
LT_TURN_008,eurostat,4,Activity_indicators,LT,Turnover MIG non-durable consumer goods,STS_INTV_M,,"{""geo"": ""LT"", ""s_adj"": ""SCA"", ""unit"": ""I21"", ""indic_bt"": ""NETTUR"", ""startPeriod"": 2003, ""nace_r2"": ""MIG_NDCOG""}",,,2003-01
LU_TURN_008,eurostat,4,Activity_indicators,LU,Turnover MIG non-durable consumer goods,STS_INTV_M,,"{""geo"": ""LU"", ""s_adj"": ""SCA"", ""unit"": ""I21"", ""indic_bt"": ""NETTUR"", ""startPeriod"": 2003, ""nace_r2"": ""MIG_NDCOG""}",,,2003-01
LV_TURN_008,eurostat,4,Activity_indicators,LV,Turnover MIG non-durable consumer goods,STS_INTV_M,,"{""geo"": ""LV"", ""s_adj"": ""SCA"", ""unit"": ""I21"", ""indic_bt"": ""NETTUR"", ""startPeriod"": 2003, ""nace_r2"": ""MIG_NDCOG""}",,,2003-01
MT_TURN_008,eurostat,4,Activity_indicators,MT,Turnover MIG non-durable consumer goods,STS_INTV_M,,"{""geo"": ""MT"", ""s_adj"": ""SCA"", ""unit"": ""I21"", ""indic_bt"": ""NETTUR"", ""startPeriod"": 2003, ""nace_r2"": ""MIG_NDCOG""}",,,2003-01
NL_TURN_008,eurostat,4,Activity_indicators,NL,Turnover MIG non-durable consumer goods,STS_INTV_M,,"{""geo"": ""NL"", ""s_adj"": ""SCA"", ""unit"": ""I21"", ""indic_bt"": ""NETTUR"", ""startPeriod"": 2003, ""nace_r2"": ""MIG_NDCOG""}",,,2003-01
PT_TURN_008,eurostat,4,Activity_indicators,PT,Turnover MIG non-durable consumer goods,STS_INTV_M,,"{""geo"": ""PT"", ""s_adj"": ""SCA"", ""unit"": ""I21"", ""indic_bt"": ""NETTUR"", ""startPeriod"": 2003, ""nace_r2"": ""MIG_NDCOG""}",,,2003-01
SI_TURN_008,eurostat,4,Activity_indicators,SI,Turnover MIG non-durable consumer goods,STS_INTV_M,,"{""geo"": ""SI"", ""s_adj"": ""SCA"", ""unit"": ""I21"", ""indic_bt"": ""NETTUR"", ""startPeriod"": 2003, ""nace_r2"": ""MIG_NDCOG""}",,,2003-01
SK_TURN_008,eurostat,4,Activity_indicators,SK,Turnover MIG non-durable consumer goods,STS_INTV_M,,"{""geo"": ""SK"", ""s_adj"": ""SCA"", ""unit"": ""I21"", ""indic_bt"": ""NETTUR"", ""startPeriod"": 2003, ""nace_r2"": ""MIG_NDCOG""}",,,2003-01
AT_TURN_009,eurostat,4,Activity_indicators,AT,Turnover consumer goods industry,STS_INTV_M,,"{""geo"": ""AT"", ""s_adj"": ""SCA"", ""unit"": ""I21"", ""indic_bt"": ""NETTUR"", ""startPeriod"": 2003, ""nace_r2"": ""MIG_COG""}",,,2003-01
BE_TURN_009,eurostat,4,Activity_indicators,BE,Turnover consumer goods industry,STS_INTV_M,,"{""geo"": ""BE"", ""s_adj"": ""SCA"", ""unit"": ""I21"", ""indic_bt"": ""NETTUR"", ""startPeriod"": 2003, ""nace_r2"": ""MIG_COG""}",,,2003-01
CY_TURN_009,eurostat,4,Activity_indicators,CY,Turnover consumer goods industry,STS_INTV_M,,"{""geo"": ""CY"", ""s_adj"": ""SCA"", ""unit"": ""I21"", ""indic_bt"": ""NETTUR"", ""startPeriod"": 2003, ""nace_r2"": ""MIG_COG""}",,,2003-01
DE_TURN_009,eurostat,4,Activity_indicators,DE,Turnover consumer goods industry,STS_INTV_M,,"{""geo"": ""DE"", ""s_adj"": ""SCA"", ""unit"": ""I21"", ""indic_bt"": ""NETTUR"", ""startPeriod"": 2003, ""nace_r2"": ""MIG_COG""}",,,2003-01
EE_TURN_009,eurostat,4,Activity_indicators,EE,Turnover consumer goods industry,STS_INTV_M,,"{""geo"": ""EE"", ""s_adj"": ""SCA"", ""unit"": ""I21"", ""indic_bt"": ""NETTUR"", ""startPeriod"": 2003, ""nace_r2"": ""MIG_COG""}",,,2003-01
ES_TURN_009,eurostat,4,Activity_indicators,ES,Turnover consumer goods industry,STS_INTV_M,,"{""geo"": ""ES"", ""s_adj"": ""SCA"", ""unit"": ""I21"", ""indic_bt"": ""NETTUR"", ""startPeriod"": 2003, ""nace_r2"": ""MIG_COG""}",,,2003-01
FI_TURN_009,eurostat,4,Activity_indicators,FI,Turnover consumer goods industry,STS_INTV_M,,"{""geo"": ""FI"", ""s_adj"": ""SCA"", ""unit"": ""I21"", ""indic_bt"": ""NETTUR"", ""startPeriod"": 2003, ""nace_r2"": ""MIG_COG""}",,,2003-01
FR_TURN_009,eurostat,4,Activity_indicators,FR,Turnover consumer goods industry,STS_INTV_M,,"{""geo"": ""FR"", ""s_adj"": ""SCA"", ""unit"": ""I21"", ""indic_bt"": ""NETTUR"", ""startPeriod"": 2003, ""nace_r2"": ""MIG_COG""}",,,2003-01
GR_TURN_009,eurostat,4,Activity_indicators,GR,Turnover consumer goods industry,STS_INTV_M,,"{""geo"": ""EL"", ""s_adj"": ""SCA"", ""unit"": ""I21"", ""indic_bt"": ""NETTUR"", ""startPeriod"": 2003, ""nace_r2"": ""MIG_COG""}",,,2003-01
IE_TURN_009,eurostat,4,Activity_indicators,IE,Turnover consumer goods industry,STS_INTV_M,,"{""geo"": ""IE"", ""s_adj"": ""SCA"", ""unit"": ""I21"", ""indic_bt"": ""NETTUR"", ""startPeriod"": 2003, ""nace_r2"": ""MIG_COG""}",,,2003-01
IT_TURN_009,eurostat,4,Activity_indicators,IT,Turnover consumer goods industry,STS_INTV_M,,"{""geo"": ""IT"", ""s_adj"": ""SCA"", ""unit"": ""I21"", ""indic_bt"": ""NETTUR"", ""startPeriod"": 2003, ""nace_r2"": ""MIG_COG""}",,,2003-01
LT_TURN_009,eurostat,4,Activity_indicators,LT,Turnover consumer goods industry,STS_INTV_M,,"{""geo"": ""LT"", ""s_adj"": ""SCA"", ""unit"": ""I21"", ""indic_bt"": ""NETTUR"", ""startPeriod"": 2003, ""nace_r2"": ""MIG_COG""}",,,2003-01
LU_TURN_009,eurostat,4,Activity_indicators,LU,Turnover consumer goods industry,STS_INTV_M,,"{""geo"": ""LU"", ""s_adj"": ""SCA"", ""unit"": ""I21"", ""indic_bt"": ""NETTUR"", ""startPeriod"": 2003, ""nace_r2"": ""MIG_COG""}",,,2003-01
LV_TURN_009,eurostat,4,Activity_indicators,LV,Turnover consumer goods industry,STS_INTV_M,,"{""geo"": ""LV"", ""s_adj"": ""SCA"", ""unit"": ""I21"", ""indic_bt"": ""NETTUR"", ""startPeriod"": 2003, ""nace_r2"": ""MIG_COG""}",,,2003-01
MT_TURN_009,eurostat,4,Activity_indicators,MT,Turnover consumer goods industry,STS_INTV_M,,"{""geo"": ""MT"", ""s_adj"": ""SCA"", ""unit"": ""I21"", ""indic_bt"": ""NETTUR"", ""startPeriod"": 2003, ""nace_r2"": ""MIG_COG""}",,,2003-01
NL_TURN_009,eurostat,4,Activity_indicators,NL,Turnover consumer goods industry,STS_INTV_M,,"{""geo"": ""NL"", ""s_adj"": ""SCA"", ""unit"": ""I21"", ""indic_bt"": ""NETTUR"", ""startPeriod"": 2003, ""nace_r2"": ""MIG_COG""}",,,2003-01
PT_TURN_009,eurostat,4,Activity_indicators,PT,Turnover consumer goods industry,STS_INTV_M,,"{""geo"": ""PT"", ""s_adj"": ""SCA"", ""unit"": ""I21"", ""indic_bt"": ""NETTUR"", ""startPeriod"": 2003, ""nace_r2"": ""MIG_COG""}",,,2003-01
SI_TURN_009,eurostat,4,Activity_indicators,SI,Turnover consumer goods industry,STS_INTV_M,,"{""geo"": ""SI"", ""s_adj"": ""SCA"", ""unit"": ""I21"", ""indic_bt"": ""NETTUR"", ""startPeriod"": 2003, ""nace_r2"": ""MIG_COG""}",,,2003-01
SK_TURN_009,eurostat,4,Activity_indicators,SK,Turnover consumer goods industry,STS_INTV_M,,"{""geo"": ""SK"", ""s_adj"": ""SCA"", ""unit"": ""I21"", ""indic_bt"": ""NETTUR"", ""startPeriod"": 2003, ""nace_r2"": ""MIG_COG""}",,,2003-01
AT_TURN_010,eurostat,4,Activity_indicators,AT,Turnover MIG energy excl sections D & E,STS_INTV_M,,"{""geo"": ""AT"", ""s_adj"": ""SCA"", ""unit"": ""I21"", ""indic_bt"": ""NETTUR"", ""startPeriod"": 2003, ""nace_r2"": ""MIG_NRG_X_D_E""}",,,2003-01
BE_TURN_010,eurostat,4,Activity_indicators,BE,Turnover MIG energy excl sections D & E,STS_INTV_M,,"{""geo"": ""BE"", ""s_adj"": ""SCA"", ""unit"": ""I21"", ""indic_bt"": ""NETTUR"", ""startPeriod"": 2003, ""nace_r2"": ""MIG_NRG_X_D_E""}",,,2003-01
CY_TURN_010,eurostat,4,Activity_indicators,CY,Turnover MIG energy excl sections D & E,STS_INTV_M,,"{""geo"": ""CY"", ""s_adj"": ""SCA"", ""unit"": ""I21"", ""indic_bt"": ""NETTUR"", ""startPeriod"": 2003, ""nace_r2"": ""MIG_NRG_X_D_E""}",,,2003-01
DE_TURN_010,eurostat,4,Activity_indicators,DE,Turnover MIG energy excl sections D & E,STS_INTV_M,,"{""geo"": ""DE"", ""s_adj"": ""SCA"", ""unit"": ""I21"", ""indic_bt"": ""NETTUR"", ""startPeriod"": 2003, ""nace_r2"": ""MIG_NRG_X_D_E""}",,,2003-01
EE_TURN_010,eurostat,4,Activity_indicators,EE,Turnover MIG energy excl sections D & E,STS_INTV_M,,"{""geo"": ""EE"", ""s_adj"": ""SCA"", ""unit"": ""I21"", ""indic_bt"": ""NETTUR"", ""startPeriod"": 2003, ""nace_r2"": ""MIG_NRG_X_D_E""}",,,2003-01
ES_TURN_010,eurostat,4,Activity_indicators,ES,Turnover MIG energy excl sections D & E,STS_INTV_M,,"{""geo"": ""ES"", ""s_adj"": ""SCA"", ""unit"": ""I21"", ""indic_bt"": ""NETTUR"", ""startPeriod"": 2003, ""nace_r2"": ""MIG_NRG_X_D_E""}",,,2003-01
FI_TURN_010,eurostat,4,Activity_indicators,FI,Turnover MIG energy excl sections D & E,STS_INTV_M,,"{""geo"": ""FI"", ""s_adj"": ""SCA"", ""unit"": ""I21"", ""indic_bt"": ""NETTUR"", ""startPeriod"": 2003, ""nace_r2"": ""MIG_NRG_X_D_E""}",,,2003-01
FR_TURN_010,eurostat,4,Activity_indicators,FR,Turnover MIG energy excl sections D & E,STS_INTV_M,,"{""geo"": ""FR"", ""s_adj"": ""SCA"", ""unit"": ""I21"", ""indic_bt"": ""NETTUR"", ""startPeriod"": 2003, ""nace_r2"": ""MIG_NRG_X_D_E""}",,,2003-01
GR_TURN_010,eurostat,4,Activity_indicators,GR,Turnover MIG energy excl sections D & E,STS_INTV_M,,"{""geo"": ""EL"", ""s_adj"": ""SCA"", ""unit"": ""I21"", ""indic_bt"": ""NETTUR"", ""startPeriod"": 2003, ""nace_r2"": ""MIG_NRG_X_D_E""}",,,2003-01
IE_TURN_010,eurostat,4,Activity_indicators,IE,Turnover MIG energy excl sections D & E,STS_INTV_M,,"{""geo"": ""IE"", ""s_adj"": ""SCA"", ""unit"": ""I21"", ""indic_bt"": ""NETTUR"", ""startPeriod"": 2003, ""nace_r2"": ""MIG_NRG_X_D_E""}",,,2003-01
IT_TURN_010,eurostat,4,Activity_indicators,IT,Turnover MIG energy excl sections D & E,STS_INTV_M,,"{""geo"": ""IT"", ""s_adj"": ""SCA"", ""unit"": ""I21"", ""indic_bt"": ""NETTUR"", ""startPeriod"": 2003, ""nace_r2"": ""MIG_NRG_X_D_E""}",,,2003-01
LT_TURN_010,eurostat,4,Activity_indicators,LT,Turnover MIG energy excl sections D & E,STS_INTV_M,,"{""geo"": ""LT"", ""s_adj"": ""SCA"", ""unit"": ""I21"", ""indic_bt"": ""NETTUR"", ""startPeriod"": 2003, ""nace_r2"": ""MIG_NRG_X_D_E""}",,,2003-01
LU_TURN_010,eurostat,4,Activity_indicators,LU,Turnover MIG energy excl sections D & E,STS_INTV_M,,"{""geo"": ""LU"", ""s_adj"": ""SCA"", ""unit"": ""I21"", ""indic_bt"": ""NETTUR"", ""startPeriod"": 2003, ""nace_r2"": ""MIG_NRG_X_D_E""}",,,2003-01
LV_TURN_010,eurostat,4,Activity_indicators,LV,Turnover MIG energy excl sections D & E,STS_INTV_M,,"{""geo"": ""LV"", ""s_adj"": ""SCA"", ""unit"": ""I21"", ""indic_bt"": ""NETTUR"", ""startPeriod"": 2003, ""nace_r2"": ""MIG_NRG_X_D_E""}",,,2003-01
MT_TURN_010,eurostat,4,Activity_indicators,MT,Turnover MIG energy excl sections D & E,STS_INTV_M,,"{""geo"": ""MT"", ""s_adj"": ""SCA"", ""unit"": ""I21"", ""indic_bt"": ""NETTUR"", ""startPeriod"": 2003, ""nace_r2"": ""MIG_NRG_X_D_E""}",,,2003-01
NL_TURN_010,eurostat,4,Activity_indicators,NL,Turnover MIG energy excl sections D & E,STS_INTV_M,,"{""geo"": ""NL"", ""s_adj"": ""SCA"", ""unit"": ""I21"", ""indic_bt"": ""NETTUR"", ""startPeriod"": 2003, ""nace_r2"": ""MIG_NRG_X_D_E""}",,,2003-01
PT_TURN_010,eurostat,4,Activity_indicators,PT,Turnover MIG energy excl sections D & E,STS_INTV_M,,"{""geo"": ""PT"", ""s_adj"": ""SCA"", ""unit"": ""I21"", ""indic_bt"": ""NETTUR"", ""startPeriod"": 2003, ""nace_r2"": ""MIG_NRG_X_D_E""}",,,2003-01
SI_TURN_010,eurostat,4,Activity_indicators,SI,Turnover MIG energy excl sections D & E,STS_INTV_M,,"{""geo"": ""SI"", ""s_adj"": ""SCA"", ""unit"": ""I21"", ""indic_bt"": ""NETTUR"", ""startPeriod"": 2003, ""nace_r2"": ""MIG_NRG_X_D_E""}",,,2003-01
SK_TURN_010,eurostat,4,Activity_indicators,SK,Turnover MIG energy excl sections D & E,STS_INTV_M,,"{""geo"": ""SK"", ""s_adj"": ""SCA"", ""unit"": ""I21"", ""indic_bt"": ""NETTUR"", ""startPeriod"": 2003, ""nace_r2"": ""MIG_NRG_X_D_E""}",,,2003-01
AT_TURN_003,eurostat,4,Activity_indicators,AT,Turnover accommodation & food services (I),STS_SETU_M,,"{""geo"": ""AT"", ""s_adj"": ""SCA"", ""unit"": ""I21"", ""indic_bt"": ""NETTUR"", ""startPeriod"": 2003, ""nace_r2"": ""I""}",,,2003-01
BE_TURN_003,eurostat,4,Activity_indicators,BE,Turnover accommodation & food services (I),STS_SETU_M,,"{""geo"": ""BE"", ""s_adj"": ""SCA"", ""unit"": ""I21"", ""indic_bt"": ""NETTUR"", ""startPeriod"": 2003, ""nace_r2"": ""I""}",,,2003-01
CY_TURN_003,eurostat,4,Activity_indicators,CY,Turnover accommodation & food services (I),STS_SETU_M,,"{""geo"": ""CY"", ""s_adj"": ""SCA"", ""unit"": ""I21"", ""indic_bt"": ""NETTUR"", ""startPeriod"": 2003, ""nace_r2"": ""I""}",,,2003-01
DE_TURN_003,eurostat,4,Activity_indicators,DE,Turnover accommodation & food services (I),STS_SETU_M,,"{""geo"": ""DE"", ""s_adj"": ""SCA"", ""unit"": ""I21"", ""indic_bt"": ""NETTUR"", ""startPeriod"": 2003, ""nace_r2"": ""I""}",,,2003-01
EE_TURN_003,eurostat,4,Activity_indicators,EE,Turnover accommodation & food services (I),STS_SETU_M,,"{""geo"": ""EE"", ""s_adj"": ""SCA"", ""unit"": ""I21"", ""indic_bt"": ""NETTUR"", ""startPeriod"": 2003, ""nace_r2"": ""I""}",,,2003-01
ES_TURN_003,eurostat,4,Activity_indicators,ES,Turnover accommodation & food services (I),STS_SETU_M,,"{""geo"": ""ES"", ""s_adj"": ""SCA"", ""unit"": ""I21"", ""indic_bt"": ""NETTUR"", ""startPeriod"": 2003, ""nace_r2"": ""I""}",,,2003-01
FI_TURN_003,eurostat,4,Activity_indicators,FI,Turnover accommodation & food services (I),STS_SETU_M,,"{""geo"": ""FI"", ""s_adj"": ""SCA"", ""unit"": ""I21"", ""indic_bt"": ""NETTUR"", ""startPeriod"": 2003, ""nace_r2"": ""I""}",,,2003-01
FR_TURN_003,eurostat,4,Activity_indicators,FR,Turnover accommodation & food services (I),STS_SETU_M,,"{""geo"": ""FR"", ""s_adj"": ""SCA"", ""unit"": ""I21"", ""indic_bt"": ""NETTUR"", ""startPeriod"": 2003, ""nace_r2"": ""I""}",,,2003-01
GR_TURN_003,eurostat,4,Activity_indicators,GR,Turnover accommodation & food services (I),STS_SETU_M,,"{""geo"": ""EL"", ""s_adj"": ""SCA"", ""unit"": ""I21"", ""indic_bt"": ""NETTUR"", ""startPeriod"": 2003, ""nace_r2"": ""I""}",,,2003-01
IE_TURN_003,eurostat,4,Activity_indicators,IE,Turnover accommodation & food services (I),STS_SETU_M,,"{""geo"": ""IE"", ""s_adj"": ""SCA"", ""unit"": ""I21"", ""indic_bt"": ""NETTUR"", ""startPeriod"": 2003, ""nace_r2"": ""I""}",,,2003-01
IT_TURN_003,eurostat,4,Activity_indicators,IT,Turnover accommodation & food services (I),STS_SETU_M,,"{""geo"": ""IT"", ""s_adj"": ""SCA"", ""unit"": ""I21"", ""indic_bt"": ""NETTUR"", ""startPeriod"": 2003, ""nace_r2"": ""I""}",,,2003-01
LT_TURN_003,eurostat,4,Activity_indicators,LT,Turnover accommodation & food services (I),STS_SETU_M,,"{""geo"": ""LT"", ""s_adj"": ""SCA"", ""unit"": ""I21"", ""indic_bt"": ""NETTUR"", ""startPeriod"": 2003, ""nace_r2"": ""I""}",,,2003-01
LU_TURN_003,eurostat,4,Activity_indicators,LU,Turnover accommodation & food services (I),STS_SETU_M,,"{""geo"": ""LU"", ""s_adj"": ""SCA"", ""unit"": ""I21"", ""indic_bt"": ""NETTUR"", ""startPeriod"": 2003, ""nace_r2"": ""I""}",,,2003-01
LV_TURN_003,eurostat,4,Activity_indicators,LV,Turnover accommodation & food services (I),STS_SETU_M,,"{""geo"": ""LV"", ""s_adj"": ""SCA"", ""unit"": ""I21"", ""indic_bt"": ""NETTUR"", ""startPeriod"": 2003, ""nace_r2"": ""I""}",,,2003-01
MT_TURN_003,eurostat,4,Activity_indicators,MT,Turnover accommodation & food services (I),STS_SETU_M,,"{""geo"": ""MT"", ""s_adj"": ""SCA"", ""unit"": ""I21"", ""indic_bt"": ""NETTUR"", ""startPeriod"": 2003, ""nace_r2"": ""I""}",,,2003-01
NL_TURN_003,eurostat,4,Activity_indicators,NL,Turnover accommodation & food services (I),STS_SETU_M,,"{""geo"": ""NL"", ""s_adj"": ""SCA"", ""unit"": ""I21"", ""indic_bt"": ""NETTUR"", ""startPeriod"": 2003, ""nace_r2"": ""I""}",,,2003-01
PT_TURN_003,eurostat,4,Activity_indicators,PT,Turnover accommodation & food services (I),STS_SETU_M,,"{""geo"": ""PT"", ""s_adj"": ""SCA"", ""unit"": ""I21"", ""indic_bt"": ""NETTUR"", ""startPeriod"": 2003, ""nace_r2"": ""I""}",,,2003-01
SI_TURN_003,eurostat,4,Activity_indicators,SI,Turnover accommodation & food services (I),STS_SETU_M,,"{""geo"": ""SI"", ""s_adj"": ""SCA"", ""unit"": ""I21"", ""indic_bt"": ""NETTUR"", ""startPeriod"": 2003, ""nace_r2"": ""I""}",,,2003-01
SK_TURN_003,eurostat,4,Activity_indicators,SK,Turnover accommodation & food services (I),STS_SETU_M,,"{""geo"": ""SK"", ""s_adj"": ""SCA"", ""unit"": ""I21"", ""indic_bt"": ""NETTUR"", ""startPeriod"": 2003, ""nace_r2"": ""I""}",,,2003-01
AT_TRADE_001,eurostat,5,Trade,AT,"Total imports (world, million EUR, SA)",ei_eteu27_2020_m,,"{""geo"": ""AT"", ""indic"": ""ET-T"", ""partner"": ""WORLD"", ""unit"": ""MIO-EUR-SA"", ""startPeriod"": 2003, ""stk_flow"": ""IMP""}",,,2003-01
BE_TRADE_001,eurostat,5,Trade,BE,"Total imports (world, million EUR, SA)",ei_eteu27_2020_m,,"{""geo"": ""BE"", ""indic"": ""ET-T"", ""partner"": ""WORLD"", ""unit"": ""MIO-EUR-SA"", ""startPeriod"": 2003, ""stk_flow"": ""IMP""}",,,2003-01
CY_TRADE_001,eurostat,5,Trade,CY,"Total imports (world, million EUR, SA)",ei_eteu27_2020_m,,"{""geo"": ""CY"", ""indic"": ""ET-T"", ""partner"": ""WORLD"", ""unit"": ""MIO-EUR-SA"", ""startPeriod"": 2003, ""stk_flow"": ""IMP""}",,,2003-01
DE_TRADE_001,eurostat,5,Trade,DE,"Total imports (world, million EUR, SA)",ei_eteu27_2020_m,,"{""geo"": ""DE"", ""indic"": ""ET-T"", ""partner"": ""WORLD"", ""unit"": ""MIO-EUR-SA"", ""startPeriod"": 2003, ""stk_flow"": ""IMP""}",,,2003-01
EE_TRADE_001,eurostat,5,Trade,EE,"Total imports (world, million EUR, SA)",ei_eteu27_2020_m,,"{""geo"": ""EE"", ""indic"": ""ET-T"", ""partner"": ""WORLD"", ""unit"": ""MIO-EUR-SA"", ""startPeriod"": 2003, ""stk_flow"": ""IMP""}",,,2003-01
ES_TRADE_001,eurostat,5,Trade,ES,"Total imports (world, million EUR, SA)",ei_eteu27_2020_m,,"{""geo"": ""ES"", ""indic"": ""ET-T"", ""partner"": ""WORLD"", ""unit"": ""MIO-EUR-SA"", ""startPeriod"": 2003, ""stk_flow"": ""IMP""}",,,2003-01
FI_TRADE_001,eurostat,5,Trade,FI,"Total imports (world, million EUR, SA)",ei_eteu27_2020_m,,"{""geo"": ""FI"", ""indic"": ""ET-T"", ""partner"": ""WORLD"", ""unit"": ""MIO-EUR-SA"", ""startPeriod"": 2003, ""stk_flow"": ""IMP""}",,,2003-01
FR_TRADE_001,eurostat,5,Trade,FR,"Total imports (world, million EUR, SA)",ei_eteu27_2020_m,,"{""geo"": ""FR"", ""indic"": ""ET-T"", ""partner"": ""WORLD"", ""unit"": ""MIO-EUR-SA"", ""startPeriod"": 2003, ""stk_flow"": ""IMP""}",,,2003-01
GR_TRADE_001,eurostat,5,Trade,GR,"Total imports (world, million EUR, SA)",ei_eteu27_2020_m,,"{""geo"": ""EL"", ""indic"": ""ET-T"", ""partner"": ""WORLD"", ""unit"": ""MIO-EUR-SA"", ""startPeriod"": 2003, ""stk_flow"": ""IMP""}",,,2003-01
IE_TRADE_001,eurostat,5,Trade,IE,"Total imports (world, million EUR, SA)",ei_eteu27_2020_m,,"{""geo"": ""IE"", ""indic"": ""ET-T"", ""partner"": ""WORLD"", ""unit"": ""MIO-EUR-SA"", ""startPeriod"": 2003, ""stk_flow"": ""IMP""}",,,2003-01
IT_TRADE_001,eurostat,5,Trade,IT,"Total imports (world, million EUR, SA)",ei_eteu27_2020_m,,"{""geo"": ""IT"", ""indic"": ""ET-T"", ""partner"": ""WORLD"", ""unit"": ""MIO-EUR-SA"", ""startPeriod"": 2003, ""stk_flow"": ""IMP""}",,,2003-01
LT_TRADE_001,eurostat,5,Trade,LT,"Total imports (world, million EUR, SA)",ei_eteu27_2020_m,,"{""geo"": ""LT"", ""indic"": ""ET-T"", ""partner"": ""WORLD"", ""unit"": ""MIO-EUR-SA"", ""startPeriod"": 2003, ""stk_flow"": ""IMP""}",,,2003-01
LU_TRADE_001,eurostat,5,Trade,LU,"Total imports (world, million EUR, SA)",ei_eteu27_2020_m,,"{""geo"": ""LU"", ""indic"": ""ET-T"", ""partner"": ""WORLD"", ""unit"": ""MIO-EUR-SA"", ""startPeriod"": 2003, ""stk_flow"": ""IMP""}",,,2003-01
LV_TRADE_001,eurostat,5,Trade,LV,"Total imports (world, million EUR, SA)",ei_eteu27_2020_m,,"{""geo"": ""LV"", ""indic"": ""ET-T"", ""partner"": ""WORLD"", ""unit"": ""MIO-EUR-SA"", ""startPeriod"": 2003, ""stk_flow"": ""IMP""}",,,2003-01
MT_TRADE_001,eurostat,5,Trade,MT,"Total imports (world, million EUR, SA)",ei_eteu27_2020_m,,"{""geo"": ""MT"", ""indic"": ""ET-T"", ""partner"": ""WORLD"", ""unit"": ""MIO-EUR-SA"", ""startPeriod"": 2003, ""stk_flow"": ""IMP""}",,,2003-01
NL_TRADE_001,eurostat,5,Trade,NL,"Total imports (world, million EUR, SA)",ei_eteu27_2020_m,,"{""geo"": ""NL"", ""indic"": ""ET-T"", ""partner"": ""WORLD"", ""unit"": ""MIO-EUR-SA"", ""startPeriod"": 2003, ""stk_flow"": ""IMP""}",,,2003-01
PT_TRADE_001,eurostat,5,Trade,PT,"Total imports (world, million EUR, SA)",ei_eteu27_2020_m,,"{""geo"": ""PT"", ""indic"": ""ET-T"", ""partner"": ""WORLD"", ""unit"": ""MIO-EUR-SA"", ""startPeriod"": 2003, ""stk_flow"": ""IMP""}",,,2003-01
SI_TRADE_001,eurostat,5,Trade,SI,"Total imports (world, million EUR, SA)",ei_eteu27_2020_m,,"{""geo"": ""SI"", ""indic"": ""ET-T"", ""partner"": ""WORLD"", ""unit"": ""MIO-EUR-SA"", ""startPeriod"": 2003, ""stk_flow"": ""IMP""}",,,2003-01
SK_TRADE_001,eurostat,5,Trade,SK,"Total imports (world, million EUR, SA)",ei_eteu27_2020_m,,"{""geo"": ""SK"", ""indic"": ""ET-T"", ""partner"": ""WORLD"", ""unit"": ""MIO-EUR-SA"", ""startPeriod"": 2003, ""stk_flow"": ""IMP""}",,,2003-01
AT_TRADE_002,eurostat,5,Trade,AT,"Total exports (world, million EUR, SA)",ei_eteu27_2020_m,,"{""geo"": ""AT"", ""indic"": ""ET-T"", ""partner"": ""WORLD"", ""unit"": ""MIO-EUR-SA"", ""startPeriod"": 2003, ""stk_flow"": ""EXP""}",,,2003-01
BE_TRADE_002,eurostat,5,Trade,BE,"Total exports (world, million EUR, SA)",ei_eteu27_2020_m,,"{""geo"": ""BE"", ""indic"": ""ET-T"", ""partner"": ""WORLD"", ""unit"": ""MIO-EUR-SA"", ""startPeriod"": 2003, ""stk_flow"": ""EXP""}",,,2003-01
CY_TRADE_002,eurostat,5,Trade,CY,"Total exports (world, million EUR, SA)",ei_eteu27_2020_m,,"{""geo"": ""CY"", ""indic"": ""ET-T"", ""partner"": ""WORLD"", ""unit"": ""MIO-EUR-SA"", ""startPeriod"": 2003, ""stk_flow"": ""EXP""}",,,2003-01
DE_TRADE_002,eurostat,5,Trade,DE,"Total exports (world, million EUR, SA)",ei_eteu27_2020_m,,"{""geo"": ""DE"", ""indic"": ""ET-T"", ""partner"": ""WORLD"", ""unit"": ""MIO-EUR-SA"", ""startPeriod"": 2003, ""stk_flow"": ""EXP""}",,,2003-01
EE_TRADE_002,eurostat,5,Trade,EE,"Total exports (world, million EUR, SA)",ei_eteu27_2020_m,,"{""geo"": ""EE"", ""indic"": ""ET-T"", ""partner"": ""WORLD"", ""unit"": ""MIO-EUR-SA"", ""startPeriod"": 2003, ""stk_flow"": ""EXP""}",,,2003-01
ES_TRADE_002,eurostat,5,Trade,ES,"Total exports (world, million EUR, SA)",ei_eteu27_2020_m,,"{""geo"": ""ES"", ""indic"": ""ET-T"", ""partner"": ""WORLD"", ""unit"": ""MIO-EUR-SA"", ""startPeriod"": 2003, ""stk_flow"": ""EXP""}",,,2003-01
FI_TRADE_002,eurostat,5,Trade,FI,"Total exports (world, million EUR, SA)",ei_eteu27_2020_m,,"{""geo"": ""FI"", ""indic"": ""ET-T"", ""partner"": ""WORLD"", ""unit"": ""MIO-EUR-SA"", ""startPeriod"": 2003, ""stk_flow"": ""EXP""}",,,2003-01
FR_TRADE_002,eurostat,5,Trade,FR,"Total exports (world, million EUR, SA)",ei_eteu27_2020_m,,"{""geo"": ""FR"", ""indic"": ""ET-T"", ""partner"": ""WORLD"", ""unit"": ""MIO-EUR-SA"", ""startPeriod"": 2003, ""stk_flow"": ""EXP""}",,,2003-01
GR_TRADE_002,eurostat,5,Trade,GR,"Total exports (world, million EUR, SA)",ei_eteu27_2020_m,,"{""geo"": ""EL"", ""indic"": ""ET-T"", ""partner"": ""WORLD"", ""unit"": ""MIO-EUR-SA"", ""startPeriod"": 2003, ""stk_flow"": ""EXP""}",,,2003-01
IE_TRADE_002,eurostat,5,Trade,IE,"Total exports (world, million EUR, SA)",ei_eteu27_2020_m,,"{""geo"": ""IE"", ""indic"": ""ET-T"", ""partner"": ""WORLD"", ""unit"": ""MIO-EUR-SA"", ""startPeriod"": 2003, ""stk_flow"": ""EXP""}",,,2003-01
IT_TRADE_002,eurostat,5,Trade,IT,"Total exports (world, million EUR, SA)",ei_eteu27_2020_m,,"{""geo"": ""IT"", ""indic"": ""ET-T"", ""partner"": ""WORLD"", ""unit"": ""MIO-EUR-SA"", ""startPeriod"": 2003, ""stk_flow"": ""EXP""}",,,2003-01
LT_TRADE_002,eurostat,5,Trade,LT,"Total exports (world, million EUR, SA)",ei_eteu27_2020_m,,"{""geo"": ""LT"", ""indic"": ""ET-T"", ""partner"": ""WORLD"", ""unit"": ""MIO-EUR-SA"", ""startPeriod"": 2003, ""stk_flow"": ""EXP""}",,,2003-01
LU_TRADE_002,eurostat,5,Trade,LU,"Total exports (world, million EUR, SA)",ei_eteu27_2020_m,,"{""geo"": ""LU"", ""indic"": ""ET-T"", ""partner"": ""WORLD"", ""unit"": ""MIO-EUR-SA"", ""startPeriod"": 2003, ""stk_flow"": ""EXP""}",,,2003-01
LV_TRADE_002,eurostat,5,Trade,LV,"Total exports (world, million EUR, SA)",ei_eteu27_2020_m,,"{""geo"": ""LV"", ""indic"": ""ET-T"", ""partner"": ""WORLD"", ""unit"": ""MIO-EUR-SA"", ""startPeriod"": 2003, ""stk_flow"": ""EXP""}",,,2003-01
MT_TRADE_002,eurostat,5,Trade,MT,"Total exports (world, million EUR, SA)",ei_eteu27_2020_m,,"{""geo"": ""MT"", ""indic"": ""ET-T"", ""partner"": ""WORLD"", ""unit"": ""MIO-EUR-SA"", ""startPeriod"": 2003, ""stk_flow"": ""EXP""}",,,2003-01
NL_TRADE_002,eurostat,5,Trade,NL,"Total exports (world, million EUR, SA)",ei_eteu27_2020_m,,"{""geo"": ""NL"", ""indic"": ""ET-T"", ""partner"": ""WORLD"", ""unit"": ""MIO-EUR-SA"", ""startPeriod"": 2003, ""stk_flow"": ""EXP""}",,,2003-01
PT_TRADE_002,eurostat,5,Trade,PT,"Total exports (world, million EUR, SA)",ei_eteu27_2020_m,,"{""geo"": ""PT"", ""indic"": ""ET-T"", ""partner"": ""WORLD"", ""unit"": ""MIO-EUR-SA"", ""startPeriod"": 2003, ""stk_flow"": ""EXP""}",,,2003-01
SI_TRADE_002,eurostat,5,Trade,SI,"Total exports (world, million EUR, SA)",ei_eteu27_2020_m,,"{""geo"": ""SI"", ""indic"": ""ET-T"", ""partner"": ""WORLD"", ""unit"": ""MIO-EUR-SA"", ""startPeriod"": 2003, ""stk_flow"": ""EXP""}",,,2003-01
SK_TRADE_002,eurostat,5,Trade,SK,"Total exports (world, million EUR, SA)",ei_eteu27_2020_m,,"{""geo"": ""SK"", ""indic"": ""ET-T"", ""partner"": ""WORLD"", ""unit"": ""MIO-EUR-SA"", ""startPeriod"": 2003, ""stk_flow"": ""EXP""}",,,2003-01
AT_SENT_001,eurostat,6,Sentiment,AT,Economic Sentiment Indicator,EI_BSSI_M_R2,,"{""geo"": ""AT"", ""s_adj"": ""SA"", ""startPeriod"": 2003, ""indic"": ""BS-ESI-I""}",,,2003-01
BE_SENT_001,eurostat,6,Sentiment,BE,Economic Sentiment Indicator,EI_BSSI_M_R2,,"{""geo"": ""BE"", ""s_adj"": ""SA"", ""startPeriod"": 2003, ""indic"": ""BS-ESI-I""}",,,2003-01
CY_SENT_001,eurostat,6,Sentiment,CY,Economic Sentiment Indicator,EI_BSSI_M_R2,,"{""geo"": ""CY"", ""s_adj"": ""SA"", ""startPeriod"": 2003, ""indic"": ""BS-ESI-I""}",,,2003-01
DE_SENT_001,eurostat,6,Sentiment,DE,Economic Sentiment Indicator,EI_BSSI_M_R2,,"{""geo"": ""DE"", ""s_adj"": ""SA"", ""startPeriod"": 2003, ""indic"": ""BS-ESI-I""}",,,2003-01
EE_SENT_001,eurostat,6,Sentiment,EE,Economic Sentiment Indicator,EI_BSSI_M_R2,,"{""geo"": ""EE"", ""s_adj"": ""SA"", ""startPeriod"": 2003, ""indic"": ""BS-ESI-I""}",,,2003-01
ES_SENT_001,eurostat,6,Sentiment,ES,Economic Sentiment Indicator,EI_BSSI_M_R2,,"{""geo"": ""ES"", ""s_adj"": ""SA"", ""startPeriod"": 2003, ""indic"": ""BS-ESI-I""}",,,2003-01
FI_SENT_001,eurostat,6,Sentiment,FI,Economic Sentiment Indicator,EI_BSSI_M_R2,,"{""geo"": ""FI"", ""s_adj"": ""SA"", ""startPeriod"": 2003, ""indic"": ""BS-ESI-I""}",,,2003-01
FR_SENT_001,eurostat,6,Sentiment,FR,Economic Sentiment Indicator,EI_BSSI_M_R2,,"{""geo"": ""FR"", ""s_adj"": ""SA"", ""startPeriod"": 2003, ""indic"": ""BS-ESI-I""}",,,2003-01
GR_SENT_001,eurostat,6,Sentiment,GR,Economic Sentiment Indicator,EI_BSSI_M_R2,,"{""geo"": ""EL"", ""s_adj"": ""SA"", ""startPeriod"": 2003, ""indic"": ""BS-ESI-I""}",,,2003-01
IE_SENT_001,eurostat,6,Sentiment,IE,Economic Sentiment Indicator,EI_BSSI_M_R2,,"{""geo"": ""IE"", ""s_adj"": ""SA"", ""startPeriod"": 2003, ""indic"": ""BS-ESI-I""}",,,2003-01
IT_SENT_001,eurostat,6,Sentiment,IT,Economic Sentiment Indicator,EI_BSSI_M_R2,,"{""geo"": ""IT"", ""s_adj"": ""SA"", ""startPeriod"": 2003, ""indic"": ""BS-ESI-I""}",,,2003-01
LT_SENT_001,eurostat,6,Sentiment,LT,Economic Sentiment Indicator,EI_BSSI_M_R2,,"{""geo"": ""LT"", ""s_adj"": ""SA"", ""startPeriod"": 2003, ""indic"": ""BS-ESI-I""}",,,2003-01
LU_SENT_001,eurostat,6,Sentiment,LU,Economic Sentiment Indicator,EI_BSSI_M_R2,,"{""geo"": ""LU"", ""s_adj"": ""SA"", ""startPeriod"": 2003, ""indic"": ""BS-ESI-I""}",,,2003-01
LV_SENT_001,eurostat,6,Sentiment,LV,Economic Sentiment Indicator,EI_BSSI_M_R2,,"{""geo"": ""LV"", ""s_adj"": ""SA"", ""startPeriod"": 2003, ""indic"": ""BS-ESI-I""}",,,2003-01
MT_SENT_001,eurostat,6,Sentiment,MT,Economic Sentiment Indicator,EI_BSSI_M_R2,,"{""geo"": ""MT"", ""s_adj"": ""SA"", ""startPeriod"": 2003, ""indic"": ""BS-ESI-I""}",,,2003-01
NL_SENT_001,eurostat,6,Sentiment,NL,Economic Sentiment Indicator,EI_BSSI_M_R2,,"{""geo"": ""NL"", ""s_adj"": ""SA"", ""startPeriod"": 2003, ""indic"": ""BS-ESI-I""}",,,2003-01
PT_SENT_001,eurostat,6,Sentiment,PT,Economic Sentiment Indicator,EI_BSSI_M_R2,,"{""geo"": ""PT"", ""s_adj"": ""SA"", ""startPeriod"": 2003, ""indic"": ""BS-ESI-I""}",,,2003-01
SI_SENT_001,eurostat,6,Sentiment,SI,Economic Sentiment Indicator,EI_BSSI_M_R2,,"{""geo"": ""SI"", ""s_adj"": ""SA"", ""startPeriod"": 2003, ""indic"": ""BS-ESI-I""}",,,2003-01
SK_SENT_001,eurostat,6,Sentiment,SK,Economic Sentiment Indicator,EI_BSSI_M_R2,,"{""geo"": ""SK"", ""s_adj"": ""SA"", ""startPeriod"": 2003, ""indic"": ""BS-ESI-I""}",,,2003-01
AT_SENT_002,eurostat,6,Sentiment,AT,Consumer Confidence Indicator,EI_BSSI_M_R2,,"{""geo"": ""AT"", ""s_adj"": ""SA"", ""startPeriod"": 2003, ""indic"": ""BS-CSMCI-BAL""}",,,2003-01
BE_SENT_002,eurostat,6,Sentiment,BE,Consumer Confidence Indicator,EI_BSSI_M_R2,,"{""geo"": ""BE"", ""s_adj"": ""SA"", ""startPeriod"": 2003, ""indic"": ""BS-CSMCI-BAL""}",,,2003-01
CY_SENT_002,eurostat,6,Sentiment,CY,Consumer Confidence Indicator,EI_BSSI_M_R2,,"{""geo"": ""CY"", ""s_adj"": ""SA"", ""startPeriod"": 2003, ""indic"": ""BS-CSMCI-BAL""}",,,2003-01
DE_SENT_002,eurostat,6,Sentiment,DE,Consumer Confidence Indicator,EI_BSSI_M_R2,,"{""geo"": ""DE"", ""s_adj"": ""SA"", ""startPeriod"": 2003, ""indic"": ""BS-CSMCI-BAL""}",,,2003-01
EE_SENT_002,eurostat,6,Sentiment,EE,Consumer Confidence Indicator,EI_BSSI_M_R2,,"{""geo"": ""EE"", ""s_adj"": ""SA"", ""startPeriod"": 2003, ""indic"": ""BS-CSMCI-BAL""}",,,2003-01
ES_SENT_002,eurostat,6,Sentiment,ES,Consumer Confidence Indicator,EI_BSSI_M_R2,,"{""geo"": ""ES"", ""s_adj"": ""SA"", ""startPeriod"": 2003, ""indic"": ""BS-CSMCI-BAL""}",,,2003-01
FI_SENT_002,eurostat,6,Sentiment,FI,Consumer Confidence Indicator,EI_BSSI_M_R2,,"{""geo"": ""FI"", ""s_adj"": ""SA"", ""startPeriod"": 2003, ""indic"": ""BS-CSMCI-BAL""}",,,2003-01
FR_SENT_002,eurostat,6,Sentiment,FR,Consumer Confidence Indicator,EI_BSSI_M_R2,,"{""geo"": ""FR"", ""s_adj"": ""SA"", ""startPeriod"": 2003, ""indic"": ""BS-CSMCI-BAL""}",,,2003-01
GR_SENT_002,eurostat,6,Sentiment,GR,Consumer Confidence Indicator,EI_BSSI_M_R2,,"{""geo"": ""EL"", ""s_adj"": ""SA"", ""startPeriod"": 2003, ""indic"": ""BS-CSMCI-BAL""}",,,2003-01
IE_SENT_002,eurostat,6,Sentiment,IE,Consumer Confidence Indicator,EI_BSSI_M_R2,,"{""geo"": ""IE"", ""s_adj"": ""SA"", ""startPeriod"": 2003, ""indic"": ""BS-CSMCI-BAL""}",,,2003-01
IT_SENT_002,eurostat,6,Sentiment,IT,Consumer Confidence Indicator,EI_BSSI_M_R2,,"{""geo"": ""IT"", ""s_adj"": ""SA"", ""startPeriod"": 2003, ""indic"": ""BS-CSMCI-BAL""}",,,2003-01
LT_SENT_002,eurostat,6,Sentiment,LT,Consumer Confidence Indicator,EI_BSSI_M_R2,,"{""geo"": ""LT"", ""s_adj"": ""SA"", ""startPeriod"": 2003, ""indic"": ""BS-CSMCI-BAL""}",,,2003-01
LU_SENT_002,eurostat,6,Sentiment,LU,Consumer Confidence Indicator,EI_BSSI_M_R2,,"{""geo"": ""LU"", ""s_adj"": ""SA"", ""startPeriod"": 2003, ""indic"": ""BS-CSMCI-BAL""}",,,2003-01
LV_SENT_002,eurostat,6,Sentiment,LV,Consumer Confidence Indicator,EI_BSSI_M_R2,,"{""geo"": ""LV"", ""s_adj"": ""SA"", ""startPeriod"": 2003, ""indic"": ""BS-CSMCI-BAL""}",,,2003-01
MT_SENT_002,eurostat,6,Sentiment,MT,Consumer Confidence Indicator,EI_BSSI_M_R2,,"{""geo"": ""MT"", ""s_adj"": ""SA"", ""startPeriod"": 2003, ""indic"": ""BS-CSMCI-BAL""}",,,2003-01
NL_SENT_002,eurostat,6,Sentiment,NL,Consumer Confidence Indicator,EI_BSSI_M_R2,,"{""geo"": ""NL"", ""s_adj"": ""SA"", ""startPeriod"": 2003, ""indic"": ""BS-CSMCI-BAL""}",,,2003-01
PT_SENT_002,eurostat,6,Sentiment,PT,Consumer Confidence Indicator,EI_BSSI_M_R2,,"{""geo"": ""PT"", ""s_adj"": ""SA"", ""startPeriod"": 2003, ""indic"": ""BS-CSMCI-BAL""}",,,2003-01
SI_SENT_002,eurostat,6,Sentiment,SI,Consumer Confidence Indicator,EI_BSSI_M_R2,,"{""geo"": ""SI"", ""s_adj"": ""SA"", ""startPeriod"": 2003, ""indic"": ""BS-CSMCI-BAL""}",,,2003-01
SK_SENT_002,eurostat,6,Sentiment,SK,Consumer Confidence Indicator,EI_BSSI_M_R2,,"{""geo"": ""SK"", ""s_adj"": ""SA"", ""startPeriod"": 2003, ""indic"": ""BS-CSMCI-BAL""}",,,2003-01
AT_SENT_003,eurostat,6,Sentiment,AT,Retail Confidence Indicator,EI_BSSI_M_R2,,"{""geo"": ""AT"", ""s_adj"": ""SA"", ""startPeriod"": 2003, ""indic"": ""BS-RCI-BAL""}",,,2003-01
BE_SENT_003,eurostat,6,Sentiment,BE,Retail Confidence Indicator,EI_BSSI_M_R2,,"{""geo"": ""BE"", ""s_adj"": ""SA"", ""startPeriod"": 2003, ""indic"": ""BS-RCI-BAL""}",,,2003-01
CY_SENT_003,eurostat,6,Sentiment,CY,Retail Confidence Indicator,EI_BSSI_M_R2,,"{""geo"": ""CY"", ""s_adj"": ""SA"", ""startPeriod"": 2003, ""indic"": ""BS-RCI-BAL""}",,,2003-01
DE_SENT_003,eurostat,6,Sentiment,DE,Retail Confidence Indicator,EI_BSSI_M_R2,,"{""geo"": ""DE"", ""s_adj"": ""SA"", ""startPeriod"": 2003, ""indic"": ""BS-RCI-BAL""}",,,2003-01
EE_SENT_003,eurostat,6,Sentiment,EE,Retail Confidence Indicator,EI_BSSI_M_R2,,"{""geo"": ""EE"", ""s_adj"": ""SA"", ""startPeriod"": 2003, ""indic"": ""BS-RCI-BAL""}",,,2003-01
ES_SENT_003,eurostat,6,Sentiment,ES,Retail Confidence Indicator,EI_BSSI_M_R2,,"{""geo"": ""ES"", ""s_adj"": ""SA"", ""startPeriod"": 2003, ""indic"": ""BS-RCI-BAL""}",,,2003-01
FI_SENT_003,eurostat,6,Sentiment,FI,Retail Confidence Indicator,EI_BSSI_M_R2,,"{""geo"": ""FI"", ""s_adj"": ""SA"", ""startPeriod"": 2003, ""indic"": ""BS-RCI-BAL""}",,,2003-01
FR_SENT_003,eurostat,6,Sentiment,FR,Retail Confidence Indicator,EI_BSSI_M_R2,,"{""geo"": ""FR"", ""s_adj"": ""SA"", ""startPeriod"": 2003, ""indic"": ""BS-RCI-BAL""}",,,2003-01
GR_SENT_003,eurostat,6,Sentiment,GR,Retail Confidence Indicator,EI_BSSI_M_R2,,"{""geo"": ""EL"", ""s_adj"": ""SA"", ""startPeriod"": 2003, ""indic"": ""BS-RCI-BAL""}",,,2003-01
IE_SENT_003,eurostat,6,Sentiment,IE,Retail Confidence Indicator,EI_BSSI_M_R2,,"{""geo"": ""IE"", ""s_adj"": ""SA"", ""startPeriod"": 2003, ""indic"": ""BS-RCI-BAL""}",,,2003-01
IT_SENT_003,eurostat,6,Sentiment,IT,Retail Confidence Indicator,EI_BSSI_M_R2,,"{""geo"": ""IT"", ""s_adj"": ""SA"", ""startPeriod"": 2003, ""indic"": ""BS-RCI-BAL""}",,,2003-01
LT_SENT_003,eurostat,6,Sentiment,LT,Retail Confidence Indicator,EI_BSSI_M_R2,,"{""geo"": ""LT"", ""s_adj"": ""SA"", ""startPeriod"": 2003, ""indic"": ""BS-RCI-BAL""}",,,2003-01
LU_SENT_003,eurostat,6,Sentiment,LU,Retail Confidence Indicator,EI_BSSI_M_R2,,"{""geo"": ""LU"", ""s_adj"": ""SA"", ""startPeriod"": 2003, ""indic"": ""BS-RCI-BAL""}",,,2003-01
LV_SENT_003,eurostat,6,Sentiment,LV,Retail Confidence Indicator,EI_BSSI_M_R2,,"{""geo"": ""LV"", ""s_adj"": ""SA"", ""startPeriod"": 2003, ""indic"": ""BS-RCI-BAL""}",,,2003-01
MT_SENT_003,eurostat,6,Sentiment,MT,Retail Confidence Indicator,EI_BSSI_M_R2,,"{""geo"": ""MT"", ""s_adj"": ""SA"", ""startPeriod"": 2003, ""indic"": ""BS-RCI-BAL""}",,,2003-01
NL_SENT_003,eurostat,6,Sentiment,NL,Retail Confidence Indicator,EI_BSSI_M_R2,,"{""geo"": ""NL"", ""s_adj"": ""SA"", ""startPeriod"": 2003, ""indic"": ""BS-RCI-BAL""}",,,2003-01
PT_SENT_003,eurostat,6,Sentiment,PT,Retail Confidence Indicator,EI_BSSI_M_R2,,"{""geo"": ""PT"", ""s_adj"": ""SA"", ""startPeriod"": 2003, ""indic"": ""BS-RCI-BAL""}",,,2003-01
SI_SENT_003,eurostat,6,Sentiment,SI,Retail Confidence Indicator,EI_BSSI_M_R2,,"{""geo"": ""SI"", ""s_adj"": ""SA"", ""startPeriod"": 2003, ""indic"": ""BS-RCI-BAL""}",,,2003-01
SK_SENT_003,eurostat,6,Sentiment,SK,Retail Confidence Indicator,EI_BSSI_M_R2,,"{""geo"": ""SK"", ""s_adj"": ""SA"", ""startPeriod"": 2003, ""indic"": ""BS-RCI-BAL""}",,,2003-01
AT_SENT_004,eurostat,6,Sentiment,AT,Construction Confidence Indicator,EI_BSSI_M_R2,,"{""geo"": ""AT"", ""s_adj"": ""SA"", ""startPeriod"": 2003, ""indic"": ""BS-CCI-BAL""}",,,2003-01
BE_SENT_004,eurostat,6,Sentiment,BE,Construction Confidence Indicator,EI_BSSI_M_R2,,"{""geo"": ""BE"", ""s_adj"": ""SA"", ""startPeriod"": 2003, ""indic"": ""BS-CCI-BAL""}",,,2003-01
CY_SENT_004,eurostat,6,Sentiment,CY,Construction Confidence Indicator,EI_BSSI_M_R2,,"{""geo"": ""CY"", ""s_adj"": ""SA"", ""startPeriod"": 2003, ""indic"": ""BS-CCI-BAL""}",,,2003-01
DE_SENT_004,eurostat,6,Sentiment,DE,Construction Confidence Indicator,EI_BSSI_M_R2,,"{""geo"": ""DE"", ""s_adj"": ""SA"", ""startPeriod"": 2003, ""indic"": ""BS-CCI-BAL""}",,,2003-01
EE_SENT_004,eurostat,6,Sentiment,EE,Construction Confidence Indicator,EI_BSSI_M_R2,,"{""geo"": ""EE"", ""s_adj"": ""SA"", ""startPeriod"": 2003, ""indic"": ""BS-CCI-BAL""}",,,2003-01
ES_SENT_004,eurostat,6,Sentiment,ES,Construction Confidence Indicator,EI_BSSI_M_R2,,"{""geo"": ""ES"", ""s_adj"": ""SA"", ""startPeriod"": 2003, ""indic"": ""BS-CCI-BAL""}",,,2003-01
FI_SENT_004,eurostat,6,Sentiment,FI,Construction Confidence Indicator,EI_BSSI_M_R2,,"{""geo"": ""FI"", ""s_adj"": ""SA"", ""startPeriod"": 2003, ""indic"": ""BS-CCI-BAL""}",,,2003-01
FR_SENT_004,eurostat,6,Sentiment,FR,Construction Confidence Indicator,EI_BSSI_M_R2,,"{""geo"": ""FR"", ""s_adj"": ""SA"", ""startPeriod"": 2003, ""indic"": ""BS-CCI-BAL""}",,,2003-01
GR_SENT_004,eurostat,6,Sentiment,GR,Construction Confidence Indicator,EI_BSSI_M_R2,,"{""geo"": ""EL"", ""s_adj"": ""SA"", ""startPeriod"": 2003, ""indic"": ""BS-CCI-BAL""}",,,2003-01
IE_SENT_004,eurostat,6,Sentiment,IE,Construction Confidence Indicator,EI_BSSI_M_R2,,"{""geo"": ""IE"", ""s_adj"": ""SA"", ""startPeriod"": 2003, ""indic"": ""BS-CCI-BAL""}",,,2003-01
IT_SENT_004,eurostat,6,Sentiment,IT,Construction Confidence Indicator,EI_BSSI_M_R2,,"{""geo"": ""IT"", ""s_adj"": ""SA"", ""startPeriod"": 2003, ""indic"": ""BS-CCI-BAL""}",,,2003-01
LT_SENT_004,eurostat,6,Sentiment,LT,Construction Confidence Indicator,EI_BSSI_M_R2,,"{""geo"": ""LT"", ""s_adj"": ""SA"", ""startPeriod"": 2003, ""indic"": ""BS-CCI-BAL""}",,,2003-01
LU_SENT_004,eurostat,6,Sentiment,LU,Construction Confidence Indicator,EI_BSSI_M_R2,,"{""geo"": ""LU"", ""s_adj"": ""SA"", ""startPeriod"": 2003, ""indic"": ""BS-CCI-BAL""}",,,2003-01
LV_SENT_004,eurostat,6,Sentiment,LV,Construction Confidence Indicator,EI_BSSI_M_R2,,"{""geo"": ""LV"", ""s_adj"": ""SA"", ""startPeriod"": 2003, ""indic"": ""BS-CCI-BAL""}",,,2003-01
MT_SENT_004,eurostat,6,Sentiment,MT,Construction Confidence Indicator,EI_BSSI_M_R2,,"{""geo"": ""MT"", ""s_adj"": ""SA"", ""startPeriod"": 2003, ""indic"": ""BS-CCI-BAL""}",,,2003-01
NL_SENT_004,eurostat,6,Sentiment,NL,Construction Confidence Indicator,EI_BSSI_M_R2,,"{""geo"": ""NL"", ""s_adj"": ""SA"", ""startPeriod"": 2003, ""indic"": ""BS-CCI-BAL""}",,,2003-01
PT_SENT_004,eurostat,6,Sentiment,PT,Construction Confidence Indicator,EI_BSSI_M_R2,,"{""geo"": ""PT"", ""s_adj"": ""SA"", ""startPeriod"": 2003, ""indic"": ""BS-CCI-BAL""}",,,2003-01
SI_SENT_004,eurostat,6,Sentiment,SI,Construction Confidence Indicator,EI_BSSI_M_R2,,"{""geo"": ""SI"", ""s_adj"": ""SA"", ""startPeriod"": 2003, ""indic"": ""BS-CCI-BAL""}",,,2003-01
SK_SENT_004,eurostat,6,Sentiment,SK,Construction Confidence Indicator,EI_BSSI_M_R2,,"{""geo"": ""SK"", ""s_adj"": ""SA"", ""startPeriod"": 2003, ""indic"": ""BS-CCI-BAL""}",,,2003-01
AT_SENT_005,eurostat,6,Sentiment,AT,Industrial Confidence Indicator,EI_BSSI_M_R2,,"{""geo"": ""AT"", ""s_adj"": ""SA"", ""startPeriod"": 2003, ""indic"": ""BS-ICI-BAL""}",,,2003-01
BE_SENT_005,eurostat,6,Sentiment,BE,Industrial Confidence Indicator,EI_BSSI_M_R2,,"{""geo"": ""BE"", ""s_adj"": ""SA"", ""startPeriod"": 2003, ""indic"": ""BS-ICI-BAL""}",,,2003-01
CY_SENT_005,eurostat,6,Sentiment,CY,Industrial Confidence Indicator,EI_BSSI_M_R2,,"{""geo"": ""CY"", ""s_adj"": ""SA"", ""startPeriod"": 2003, ""indic"": ""BS-ICI-BAL""}",,,2003-01
DE_SENT_005,eurostat,6,Sentiment,DE,Industrial Confidence Indicator,EI_BSSI_M_R2,,"{""geo"": ""DE"", ""s_adj"": ""SA"", ""startPeriod"": 2003, ""indic"": ""BS-ICI-BAL""}",,,2003-01
EE_SENT_005,eurostat,6,Sentiment,EE,Industrial Confidence Indicator,EI_BSSI_M_R2,,"{""geo"": ""EE"", ""s_adj"": ""SA"", ""startPeriod"": 2003, ""indic"": ""BS-ICI-BAL""}",,,2003-01
ES_SENT_005,eurostat,6,Sentiment,ES,Industrial Confidence Indicator,EI_BSSI_M_R2,,"{""geo"": ""ES"", ""s_adj"": ""SA"", ""startPeriod"": 2003, ""indic"": ""BS-ICI-BAL""}",,,2003-01
FI_SENT_005,eurostat,6,Sentiment,FI,Industrial Confidence Indicator,EI_BSSI_M_R2,,"{""geo"": ""FI"", ""s_adj"": ""SA"", ""startPeriod"": 2003, ""indic"": ""BS-ICI-BAL""}",,,2003-01
FR_SENT_005,eurostat,6,Sentiment,FR,Industrial Confidence Indicator,EI_BSSI_M_R2,,"{""geo"": ""FR"", ""s_adj"": ""SA"", ""startPeriod"": 2003, ""indic"": ""BS-ICI-BAL""}",,,2003-01
GR_SENT_005,eurostat,6,Sentiment,GR,Industrial Confidence Indicator,EI_BSSI_M_R2,,"{""geo"": ""EL"", ""s_adj"": ""SA"", ""startPeriod"": 2003, ""indic"": ""BS-ICI-BAL""}",,,2003-01
IE_SENT_005,eurostat,6,Sentiment,IE,Industrial Confidence Indicator,EI_BSSI_M_R2,,"{""geo"": ""IE"", ""s_adj"": ""SA"", ""startPeriod"": 2003, ""indic"": ""BS-ICI-BAL""}",,,2003-01
IT_SENT_005,eurostat,6,Sentiment,IT,Industrial Confidence Indicator,EI_BSSI_M_R2,,"{""geo"": ""IT"", ""s_adj"": ""SA"", ""startPeriod"": 2003, ""indic"": ""BS-ICI-BAL""}",,,2003-01
LT_SENT_005,eurostat,6,Sentiment,LT,Industrial Confidence Indicator,EI_BSSI_M_R2,,"{""geo"": ""LT"", ""s_adj"": ""SA"", ""startPeriod"": 2003, ""indic"": ""BS-ICI-BAL""}",,,2003-01
LU_SENT_005,eurostat,6,Sentiment,LU,Industrial Confidence Indicator,EI_BSSI_M_R2,,"{""geo"": ""LU"", ""s_adj"": ""SA"", ""startPeriod"": 2003, ""indic"": ""BS-ICI-BAL""}",,,2003-01
LV_SENT_005,eurostat,6,Sentiment,LV,Industrial Confidence Indicator,EI_BSSI_M_R2,,"{""geo"": ""LV"", ""s_adj"": ""SA"", ""startPeriod"": 2003, ""indic"": ""BS-ICI-BAL""}",,,2003-01
MT_SENT_005,eurostat,6,Sentiment,MT,Industrial Confidence Indicator,EI_BSSI_M_R2,,"{""geo"": ""MT"", ""s_adj"": ""SA"", ""startPeriod"": 2003, ""indic"": ""BS-ICI-BAL""}",,,2003-01
NL_SENT_005,eurostat,6,Sentiment,NL,Industrial Confidence Indicator,EI_BSSI_M_R2,,"{""geo"": ""NL"", ""s_adj"": ""SA"", ""startPeriod"": 2003, ""indic"": ""BS-ICI-BAL""}",,,2003-01
PT_SENT_005,eurostat,6,Sentiment,PT,Industrial Confidence Indicator,EI_BSSI_M_R2,,"{""geo"": ""PT"", ""s_adj"": ""SA"", ""startPeriod"": 2003, ""indic"": ""BS-ICI-BAL""}",,,2003-01
SI_SENT_005,eurostat,6,Sentiment,SI,Industrial Confidence Indicator,EI_BSSI_M_R2,,"{""geo"": ""SI"", ""s_adj"": ""SA"", ""startPeriod"": 2003, ""indic"": ""BS-ICI-BAL""}",,,2003-01
SK_SENT_005,eurostat,6,Sentiment,SK,Industrial Confidence Indicator,EI_BSSI_M_R2,,"{""geo"": ""SK"", ""s_adj"": ""SA"", ""startPeriod"": 2003, ""indic"": ""BS-ICI-BAL""}",,,2003-01
AT_SENT_006,eurostat,6,Sentiment,AT,Services Confidence Indicator,EI_BSSI_M_R2,,"{""geo"": ""AT"", ""s_adj"": ""SA"", ""startPeriod"": 2003, ""indic"": ""BS-SCI-BAL""}",,,2003-01
BE_SENT_006,eurostat,6,Sentiment,BE,Services Confidence Indicator,EI_BSSI_M_R2,,"{""geo"": ""BE"", ""s_adj"": ""SA"", ""startPeriod"": 2003, ""indic"": ""BS-SCI-BAL""}",,,2003-01
CY_SENT_006,eurostat,6,Sentiment,CY,Services Confidence Indicator,EI_BSSI_M_R2,,"{""geo"": ""CY"", ""s_adj"": ""SA"", ""startPeriod"": 2003, ""indic"": ""BS-SCI-BAL""}",,,2003-01
DE_SENT_006,eurostat,6,Sentiment,DE,Services Confidence Indicator,EI_BSSI_M_R2,,"{""geo"": ""DE"", ""s_adj"": ""SA"", ""startPeriod"": 2003, ""indic"": ""BS-SCI-BAL""}",,,2003-01
EE_SENT_006,eurostat,6,Sentiment,EE,Services Confidence Indicator,EI_BSSI_M_R2,,"{""geo"": ""EE"", ""s_adj"": ""SA"", ""startPeriod"": 2003, ""indic"": ""BS-SCI-BAL""}",,,2003-01
ES_SENT_006,eurostat,6,Sentiment,ES,Services Confidence Indicator,EI_BSSI_M_R2,,"{""geo"": ""ES"", ""s_adj"": ""SA"", ""startPeriod"": 2003, ""indic"": ""BS-SCI-BAL""}",,,2003-01
FI_SENT_006,eurostat,6,Sentiment,FI,Services Confidence Indicator,EI_BSSI_M_R2,,"{""geo"": ""FI"", ""s_adj"": ""SA"", ""startPeriod"": 2003, ""indic"": ""BS-SCI-BAL""}",,,2003-01
FR_SENT_006,eurostat,6,Sentiment,FR,Services Confidence Indicator,EI_BSSI_M_R2,,"{""geo"": ""FR"", ""s_adj"": ""SA"", ""startPeriod"": 2003, ""indic"": ""BS-SCI-BAL""}",,,2003-01
GR_SENT_006,eurostat,6,Sentiment,GR,Services Confidence Indicator,EI_BSSI_M_R2,,"{""geo"": ""EL"", ""s_adj"": ""SA"", ""startPeriod"": 2003, ""indic"": ""BS-SCI-BAL""}",,,2003-01
IE_SENT_006,eurostat,6,Sentiment,IE,Services Confidence Indicator,EI_BSSI_M_R2,,"{""geo"": ""IE"", ""s_adj"": ""SA"", ""startPeriod"": 2003, ""indic"": ""BS-SCI-BAL""}",,,2003-01
IT_SENT_006,eurostat,6,Sentiment,IT,Services Confidence Indicator,EI_BSSI_M_R2,,"{""geo"": ""IT"", ""s_adj"": ""SA"", ""startPeriod"": 2003, ""indic"": ""BS-SCI-BAL""}",,,2003-01
LT_SENT_006,eurostat,6,Sentiment,LT,Services Confidence Indicator,EI_BSSI_M_R2,,"{""geo"": ""LT"", ""s_adj"": ""SA"", ""startPeriod"": 2003, ""indic"": ""BS-SCI-BAL""}",,,2003-01
LU_SENT_006,eurostat,6,Sentiment,LU,Services Confidence Indicator,EI_BSSI_M_R2,,"{""geo"": ""LU"", ""s_adj"": ""SA"", ""startPeriod"": 2003, ""indic"": ""BS-SCI-BAL""}",,,2003-01
LV_SENT_006,eurostat,6,Sentiment,LV,Services Confidence Indicator,EI_BSSI_M_R2,,"{""geo"": ""LV"", ""s_adj"": ""SA"", ""startPeriod"": 2003, ""indic"": ""BS-SCI-BAL""}",,,2003-01
MT_SENT_006,eurostat,6,Sentiment,MT,Services Confidence Indicator,EI_BSSI_M_R2,,"{""geo"": ""MT"", ""s_adj"": ""SA"", ""startPeriod"": 2003, ""indic"": ""BS-SCI-BAL""}",,,2003-01
NL_SENT_006,eurostat,6,Sentiment,NL,Services Confidence Indicator,EI_BSSI_M_R2,,"{""geo"": ""NL"", ""s_adj"": ""SA"", ""startPeriod"": 2003, ""indic"": ""BS-SCI-BAL""}",,,2003-01
PT_SENT_006,eurostat,6,Sentiment,PT,Services Confidence Indicator,EI_BSSI_M_R2,,"{""geo"": ""PT"", ""s_adj"": ""SA"", ""startPeriod"": 2003, ""indic"": ""BS-SCI-BAL""}",,,2003-01
SI_SENT_006,eurostat,6,Sentiment,SI,Services Confidence Indicator,EI_BSSI_M_R2,,"{""geo"": ""SI"", ""s_adj"": ""SA"", ""startPeriod"": 2003, ""indic"": ""BS-SCI-BAL""}",,,2003-01
SK_SENT_006,eurostat,6,Sentiment,SK,Services Confidence Indicator,EI_BSSI_M_R2,,"{""geo"": ""SK"", ""s_adj"": ""SA"", ""startPeriod"": 2003, ""indic"": ""BS-SCI-BAL""}",,,2003-01
U2_FX_001,ecb,8,EA_Financial,U2,USD/EUR exchange rate,EXR,M.USD.EUR.SP00.A,,,M,2003-01
U2_FX_002,ecb,8,EA_Financial,U2,GBP/EUR exchange rate,EXR,M.GBP.EUR.SP00.A,,,M,2003-01
U2_FX_003,ecb,8,EA_Financial,U2,JPY/EUR exchange rate,EXR,M.JPY.EUR.SP00.A,,,M,2003-01
U2_FX_004,ecb,8,EA_Financial,U2,CNY/EUR exchange rate,EXR,M.CNY.EUR.SP00.A,,,M,2003-01
U2_FX_005,ecb,8,EA_Financial,U2,CHF/EUR exchange rate,EXR,M.CHF.EUR.SP00.A,,,M,2003-01
U2_BOND_001,ecb,8,EA_Financial,U2,EA 2Y government benchmark bond yield,FM,M.U2.EUR.4F.BB.U2_2Y.YLD,,,M,2003-01
U2_BOND_002,ecb,8,EA_Financial,U2,EA 3Y government benchmark bond yield,FM,M.U2.EUR.4F.BB.U2_3Y.YLD,,,M,2003-01
U2_BOND_003,ecb,8,EA_Financial,U2,EA 5Y government benchmark bond yield,FM,M.U2.EUR.4F.BB.U2_5Y.YLD,,,M,2003-01
U2_BOND_004,ecb,8,EA_Financial,U2,EA 10Y government benchmark bond yield,FM,M.U2.EUR.4F.BB.U2_10Y.YLD,,,M,2003-01
U2_BOND_005,ecb,8,EA_Financial,U2,EA real 10Y government benchmark bond yield,FM,M.U2.EUR.4F.BB.R_U2_10Y.YLDA,,,M,2003-01
U2_MMR_001,ecb,8,EA_Financial,U2,EURIBOR 1-month (hist. close avg.),FM,M.U2.EUR.RT.MM.EURIBOR1MD_.HSTA,,,M,2003-01
U2_MMR_002,ecb,8,EA_Financial,U2,EURIBOR 3-month (hist. close avg.),FM,M.U2.EUR.RT.MM.EURIBOR3MD_.HSTA,,,M,2003-01
U2_MMR_003,ecb,8,EA_Financial,U2,EURIBOR 6-month (hist. close avg.),FM,M.U2.EUR.RT.MM.EURIBOR6MD_.HSTA,,,M,2003-01
U2_MMR_004,ecb,8,EA_Financial,U2,EURIBOR 1-year (hist. close avg.),FM,M.U2.EUR.RT.MM.EURIBOR1YD_.HSTA,,,M,2003-01
U2_MMR_005,ecb,8,EA_Financial,U2,Real EURIBOR 3-month (hist. close avg.),FM,M.U2.EUR.4F.MM.R_EURIBOR3MD_.HSTA,,,M,2003-01
U2_MMR_006,ecb,8,EA_Financial,U2,EONIA (hist. close avg.; discontinued 2021-12),FM,M.U2.EUR.4F.MM.EONIA.HSTA,,,M,2003-01
U2_EQI_001,ecb,8,EA_Financial,U2,DJ Euro Stoxx 50,FM,M.U2.EUR.DS.EI.DJES50I.HSTA,,,M,2003-01
U2_EQI_002,ecb,8,EA_Financial,U2,DJ Euro Stoxx Price Index,FM,M.U2.EUR.DS.EI.DJEURST.HSTA,,,M,2003-01
U2_EQI_003,ecb,8,EA_Financial,U2,DJ Euro Stoxx Basic Materials,FM,M.U2.EUR.DS.EI.S1ESBME.HSTA,,,M,2003-01
U2_EQI_004,ecb,8,EA_Financial,U2,DJ Euro Stoxx Consumer Services,FM,M.U2.EUR.DS.EI.S1ESCSE.HSTA,,,M,2003-01
U2_EQI_005,ecb,8,EA_Financial,U2,DJ Euro Stoxx Financials,FM,M.U2.EUR.DS.EI.S1ESFNE.HSTA,,,M,2003-01
U2_EQI_006,ecb,8,EA_Financial,U2,DJ Euro Stoxx Technology,FM,M.U2.EUR.DS.EI.S1ESG1E.HSTA,,,M,2003-01
U2_EQI_007,ecb,8,EA_Financial,U2,DJ Euro Stoxx Healthcare,FM,M.U2.EUR.DS.EI.S1ESH1E.HSTA,,,M,2003-01
U2_EQI_008,ecb,8,EA_Financial,U2,DJ Euro Stoxx Industrials,FM,M.U2.EUR.DS.EI.S1ESIDE.HSTA,,,M,2003-01
U2_EQI_009,ecb,8,EA_Financial,U2,DJ Euro Stoxx Telecommunications,FM,M.U2.EUR.DS.EI.S1EST1E.HSTA,,,M,2003-01
U2_EQI_010,ecb,8,EA_Financial,U2,DJ Euro Stoxx Utilities,FM,M.U2.EUR.DS.EI.S1ESU1E.HSTA,,,M,2003-01
AT_FIN_LOAN_001,ecb,7,Financial,AT,MFI Loans – To domestic MFIs (S.12),BSI,M.AT.N.A.A20.A.1.U6.1000.Z01.E,,,M,2003-01
BE_FIN_LOAN_001,ecb,7,Financial,BE,MFI Loans – To domestic MFIs (S.12),BSI,M.BE.N.A.A20.A.1.U6.1000.Z01.E,,,M,2003-01
CY_FIN_LOAN_001,ecb,7,Financial,CY,MFI Loans – To domestic MFIs (S.12),BSI,M.CY.N.A.A20.A.1.U6.1000.Z01.E,,,M,2003-01
DE_FIN_LOAN_001,ecb,7,Financial,DE,MFI Loans – To domestic MFIs (S.12),BSI,M.DE.N.A.A20.A.1.U6.1000.Z01.E,,,M,2003-01
EE_FIN_LOAN_001,ecb,7,Financial,EE,MFI Loans – To domestic MFIs (S.12),BSI,M.EE.N.A.A20.A.1.U6.1000.Z01.E,,,M,2003-01
ES_FIN_LOAN_001,ecb,7,Financial,ES,MFI Loans – To domestic MFIs (S.12),BSI,M.ES.N.A.A20.A.1.U6.1000.Z01.E,,,M,2003-01
FI_FIN_LOAN_001,ecb,7,Financial,FI,MFI Loans – To domestic MFIs (S.12),BSI,M.FI.N.A.A20.A.1.U6.1000.Z01.E,,,M,2003-01
FR_FIN_LOAN_001,ecb,7,Financial,FR,MFI Loans – To domestic MFIs (S.12),BSI,M.FR.N.A.A20.A.1.U6.1000.Z01.E,,,M,2003-01
GR_FIN_LOAN_001,ecb,7,Financial,GR,MFI Loans – To domestic MFIs (S.12),BSI,M.GR.N.A.A20.A.1.U6.1000.Z01.E,,,M,2003-01
IE_FIN_LOAN_001,ecb,7,Financial,IE,MFI Loans – To domestic MFIs (S.12),BSI,M.IE.N.A.A20.A.1.U6.1000.Z01.E,,,M,2003-01
IT_FIN_LOAN_001,ecb,7,Financial,IT,MFI Loans – To domestic MFIs (S.12),BSI,M.IT.N.A.A20.A.1.U6.1000.Z01.E,,,M,2003-01
LT_FIN_LOAN_001,ecb,7,Financial,LT,MFI Loans – To domestic MFIs (S.12),BSI,M.LT.N.A.A20.A.1.U6.1000.Z01.E,,,M,2003-01
LU_FIN_LOAN_001,ecb,7,Financial,LU,MFI Loans – To domestic MFIs (S.12),BSI,M.LU.N.A.A20.A.1.U6.1000.Z01.E,,,M,2003-01
LV_FIN_LOAN_001,ecb,7,Financial,LV,MFI Loans – To domestic MFIs (S.12),BSI,M.LV.N.A.A20.A.1.U6.1000.Z01.E,,,M,2003-01
MT_FIN_LOAN_001,ecb,7,Financial,MT,MFI Loans – To domestic MFIs (S.12),BSI,M.MT.N.A.A20.A.1.U6.1000.Z01.E,,,M,2003-01
NL_FIN_LOAN_001,ecb,7,Financial,NL,MFI Loans – To domestic MFIs (S.12),BSI,M.NL.N.A.A20.A.1.U6.1000.Z01.E,,,M,2003-01
PT_FIN_LOAN_001,ecb,7,Financial,PT,MFI Loans – To domestic MFIs (S.12),BSI,M.PT.N.A.A20.A.1.U6.1000.Z01.E,,,M,2003-01
SI_FIN_LOAN_001,ecb,7,Financial,SI,MFI Loans – To domestic MFIs (S.12),BSI,M.SI.N.A.A20.A.1.U6.1000.Z01.E,,,M,2003-01
SK_FIN_LOAN_001,ecb,7,Financial,SK,MFI Loans – To domestic MFIs (S.12),BSI,M.SK.N.A.A20.A.1.U6.1000.Z01.E,,,M,2003-01
AT_FIN_LOAN_002,ecb,7,Financial,AT,MFI Loans – To households & NPISHs (S.14+S.15),BSI,M.AT.N.A.A20.A.1.U6.2250.Z01.E,,,M,2003-01
BE_FIN_LOAN_002,ecb,7,Financial,BE,MFI Loans – To households & NPISHs (S.14+S.15),BSI,M.BE.N.A.A20.A.1.U6.2250.Z01.E,,,M,2003-01
CY_FIN_LOAN_002,ecb,7,Financial,CY,MFI Loans – To households & NPISHs (S.14+S.15),BSI,M.CY.N.A.A20.A.1.U6.2250.Z01.E,,,M,2003-01
DE_FIN_LOAN_002,ecb,7,Financial,DE,MFI Loans – To households & NPISHs (S.14+S.15),BSI,M.DE.N.A.A20.A.1.U6.2250.Z01.E,,,M,2003-01
EE_FIN_LOAN_002,ecb,7,Financial,EE,MFI Loans – To households & NPISHs (S.14+S.15),BSI,M.EE.N.A.A20.A.1.U6.2250.Z01.E,,,M,2003-01
ES_FIN_LOAN_002,ecb,7,Financial,ES,MFI Loans – To households & NPISHs (S.14+S.15),BSI,M.ES.N.A.A20.A.1.U6.2250.Z01.E,,,M,2003-01
FI_FIN_LOAN_002,ecb,7,Financial,FI,MFI Loans – To households & NPISHs (S.14+S.15),BSI,M.FI.N.A.A20.A.1.U6.2250.Z01.E,,,M,2003-01
FR_FIN_LOAN_002,ecb,7,Financial,FR,MFI Loans – To households & NPISHs (S.14+S.15),BSI,M.FR.N.A.A20.A.1.U6.2250.Z01.E,,,M,2003-01
GR_FIN_LOAN_002,ecb,7,Financial,GR,MFI Loans – To households & NPISHs (S.14+S.15),BSI,M.GR.N.A.A20.A.1.U6.2250.Z01.E,,,M,2003-01
IE_FIN_LOAN_002,ecb,7,Financial,IE,MFI Loans – To households & NPISHs (S.14+S.15),BSI,M.IE.N.A.A20.A.1.U6.2250.Z01.E,,,M,2003-01
IT_FIN_LOAN_002,ecb,7,Financial,IT,MFI Loans – To households & NPISHs (S.14+S.15),BSI,M.IT.N.A.A20.A.1.U6.2250.Z01.E,,,M,2003-01
LT_FIN_LOAN_002,ecb,7,Financial,LT,MFI Loans – To households & NPISHs (S.14+S.15),BSI,M.LT.N.A.A20.A.1.U6.2250.Z01.E,,,M,2003-01
LU_FIN_LOAN_002,ecb,7,Financial,LU,MFI Loans – To households & NPISHs (S.14+S.15),BSI,M.LU.N.A.A20.A.1.U6.2250.Z01.E,,,M,2003-01
LV_FIN_LOAN_002,ecb,7,Financial,LV,MFI Loans – To households & NPISHs (S.14+S.15),BSI,M.LV.N.A.A20.A.1.U6.2250.Z01.E,,,M,2003-01
MT_FIN_LOAN_002,ecb,7,Financial,MT,MFI Loans – To households & NPISHs (S.14+S.15),BSI,M.MT.N.A.A20.A.1.U6.2250.Z01.E,,,M,2003-01
NL_FIN_LOAN_002,ecb,7,Financial,NL,MFI Loans – To households & NPISHs (S.14+S.15),BSI,M.NL.N.A.A20.A.1.U6.2250.Z01.E,,,M,2003-01
PT_FIN_LOAN_002,ecb,7,Financial,PT,MFI Loans – To households & NPISHs (S.14+S.15),BSI,M.PT.N.A.A20.A.1.U6.2250.Z01.E,,,M,2003-01
SI_FIN_LOAN_002,ecb,7,Financial,SI,MFI Loans – To households & NPISHs (S.14+S.15),BSI,M.SI.N.A.A20.A.1.U6.2250.Z01.E,,,M,2003-01
SK_FIN_LOAN_002,ecb,7,Financial,SK,MFI Loans – To households & NPISHs (S.14+S.15),BSI,M.SK.N.A.A20.A.1.U6.2250.Z01.E,,,M,2003-01
AT_FIN_LOAN_003,ecb,7,Financial,AT,MFI Loans – To non-financial corporations (S.11),BSI,M.AT.N.A.A20.A.1.U6.2240.Z01.E,,,M,2003-01
BE_FIN_LOAN_003,ecb,7,Financial,BE,MFI Loans – To non-financial corporations (S.11),BSI,M.BE.N.A.A20.A.1.U6.2240.Z01.E,,,M,2003-01
CY_FIN_LOAN_003,ecb,7,Financial,CY,MFI Loans – To non-financial corporations (S.11),BSI,M.CY.N.A.A20.A.1.U6.2240.Z01.E,,,M,2003-01
DE_FIN_LOAN_003,ecb,7,Financial,DE,MFI Loans – To non-financial corporations (S.11),BSI,M.DE.N.A.A20.A.1.U6.2240.Z01.E,,,M,2003-01
EE_FIN_LOAN_003,ecb,7,Financial,EE,MFI Loans – To non-financial corporations (S.11),BSI,M.EE.N.A.A20.A.1.U6.2240.Z01.E,,,M,2003-01
ES_FIN_LOAN_003,ecb,7,Financial,ES,MFI Loans – To non-financial corporations (S.11),BSI,M.ES.N.A.A20.A.1.U6.2240.Z01.E,,,M,2003-01
FI_FIN_LOAN_003,ecb,7,Financial,FI,MFI Loans – To non-financial corporations (S.11),BSI,M.FI.N.A.A20.A.1.U6.2240.Z01.E,,,M,2003-01
FR_FIN_LOAN_003,ecb,7,Financial,FR,MFI Loans – To non-financial corporations (S.11),BSI,M.FR.N.A.A20.A.1.U6.2240.Z01.E,,,M,2003-01
GR_FIN_LOAN_003,ecb,7,Financial,GR,MFI Loans – To non-financial corporations (S.11),BSI,M.GR.N.A.A20.A.1.U6.2240.Z01.E,,,M,2003-01
IE_FIN_LOAN_003,ecb,7,Financial,IE,MFI Loans – To non-financial corporations (S.11),BSI,M.IE.N.A.A20.A.1.U6.2240.Z01.E,,,M,2003-01
IT_FIN_LOAN_003,ecb,7,Financial,IT,MFI Loans – To non-financial corporations (S.11),BSI,M.IT.N.A.A20.A.1.U6.2240.Z01.E,,,M,2003-01
LT_FIN_LOAN_003,ecb,7,Financial,LT,MFI Loans – To non-financial corporations (S.11),BSI,M.LT.N.A.A20.A.1.U6.2240.Z01.E,,,M,2003-01
LU_FIN_LOAN_003,ecb,7,Financial,LU,MFI Loans – To non-financial corporations (S.11),BSI,M.LU.N.A.A20.A.1.U6.2240.Z01.E,,,M,2003-01
LV_FIN_LOAN_003,ecb,7,Financial,LV,MFI Loans – To non-financial corporations (S.11),BSI,M.LV.N.A.A20.A.1.U6.2240.Z01.E,,,M,2003-01
MT_FIN_LOAN_003,ecb,7,Financial,MT,MFI Loans – To non-financial corporations (S.11),BSI,M.MT.N.A.A20.A.1.U6.2240.Z01.E,,,M,2003-01
NL_FIN_LOAN_003,ecb,7,Financial,NL,MFI Loans – To non-financial corporations (S.11),BSI,M.NL.N.A.A20.A.1.U6.2240.Z01.E,,,M,2003-01
PT_FIN_LOAN_003,ecb,7,Financial,PT,MFI Loans – To non-financial corporations (S.11),BSI,M.PT.N.A.A20.A.1.U6.2240.Z01.E,,,M,2003-01
SI_FIN_LOAN_003,ecb,7,Financial,SI,MFI Loans – To non-financial corporations (S.11),BSI,M.SI.N.A.A20.A.1.U6.2240.Z01.E,,,M,2003-01
SK_FIN_LOAN_003,ecb,7,Financial,SK,MFI Loans – To non-financial corporations (S.11),BSI,M.SK.N.A.A20.A.1.U6.2240.Z01.E,,,M,2003-01
AT_FIN_DEP_001,ecb,7,Financial,AT,MFI Deposit liabilities – From domestic MFIs (S.12),BSI,M.AT.N.A.L20.A.1.U6.1000.Z01.E,,,M,2003-01
BE_FIN_DEP_001,ecb,7,Financial,BE,MFI Deposit liabilities – From domestic MFIs (S.12),BSI,M.BE.N.A.L20.A.1.U6.1000.Z01.E,,,M,2003-01
CY_FIN_DEP_001,ecb,7,Financial,CY,MFI Deposit liabilities – From domestic MFIs (S.12),BSI,M.CY.N.A.L20.A.1.U6.1000.Z01.E,,,M,2003-01
DE_FIN_DEP_001,ecb,7,Financial,DE,MFI Deposit liabilities – From domestic MFIs (S.12),BSI,M.DE.N.A.L20.A.1.U6.1000.Z01.E,,,M,2003-01
EE_FIN_DEP_001,ecb,7,Financial,EE,MFI Deposit liabilities – From domestic MFIs (S.12),BSI,M.EE.N.A.L20.A.1.U6.1000.Z01.E,,,M,2003-01
ES_FIN_DEP_001,ecb,7,Financial,ES,MFI Deposit liabilities – From domestic MFIs (S.12),BSI,M.ES.N.A.L20.A.1.U6.1000.Z01.E,,,M,2003-01
FI_FIN_DEP_001,ecb,7,Financial,FI,MFI Deposit liabilities – From domestic MFIs (S.12),BSI,M.FI.N.A.L20.A.1.U6.1000.Z01.E,,,M,2003-01
FR_FIN_DEP_001,ecb,7,Financial,FR,MFI Deposit liabilities – From domestic MFIs (S.12),BSI,M.FR.N.A.L20.A.1.U6.1000.Z01.E,,,M,2003-01
GR_FIN_DEP_001,ecb,7,Financial,GR,MFI Deposit liabilities – From domestic MFIs (S.12),BSI,M.GR.N.A.L20.A.1.U6.1000.Z01.E,,,M,2003-01
IE_FIN_DEP_001,ecb,7,Financial,IE,MFI Deposit liabilities – From domestic MFIs (S.12),BSI,M.IE.N.A.L20.A.1.U6.1000.Z01.E,,,M,2003-01
IT_FIN_DEP_001,ecb,7,Financial,IT,MFI Deposit liabilities – From domestic MFIs (S.12),BSI,M.IT.N.A.L20.A.1.U6.1000.Z01.E,,,M,2003-01
LT_FIN_DEP_001,ecb,7,Financial,LT,MFI Deposit liabilities – From domestic MFIs (S.12),BSI,M.LT.N.A.L20.A.1.U6.1000.Z01.E,,,M,2003-01
LU_FIN_DEP_001,ecb,7,Financial,LU,MFI Deposit liabilities – From domestic MFIs (S.12),BSI,M.LU.N.A.L20.A.1.U6.1000.Z01.E,,,M,2003-01
LV_FIN_DEP_001,ecb,7,Financial,LV,MFI Deposit liabilities – From domestic MFIs (S.12),BSI,M.LV.N.A.L20.A.1.U6.1000.Z01.E,,,M,2003-01
MT_FIN_DEP_001,ecb,7,Financial,MT,MFI Deposit liabilities – From domestic MFIs (S.12),BSI,M.MT.N.A.L20.A.1.U6.1000.Z01.E,,,M,2003-01
NL_FIN_DEP_001,ecb,7,Financial,NL,MFI Deposit liabilities – From domestic MFIs (S.12),BSI,M.NL.N.A.L20.A.1.U6.1000.Z01.E,,,M,2003-01
PT_FIN_DEP_001,ecb,7,Financial,PT,MFI Deposit liabilities – From domestic MFIs (S.12),BSI,M.PT.N.A.L20.A.1.U6.1000.Z01.E,,,M,2003-01
SI_FIN_DEP_001,ecb,7,Financial,SI,MFI Deposit liabilities – From domestic MFIs (S.12),BSI,M.SI.N.A.L20.A.1.U6.1000.Z01.E,,,M,2003-01
SK_FIN_DEP_001,ecb,7,Financial,SK,MFI Deposit liabilities – From domestic MFIs (S.12),BSI,M.SK.N.A.L20.A.1.U6.1000.Z01.E,,,M,2003-01
AT_FIN_DEP_002,ecb,7,Financial,AT,MFI Deposit liabilities – From NFCs (S.11),BSI,M.AT.N.A.L20.A.1.U6.2240.Z01.E,,,M,2003-01
BE_FIN_DEP_002,ecb,7,Financial,BE,MFI Deposit liabilities – From NFCs (S.11),BSI,M.BE.N.A.L20.A.1.U6.2240.Z01.E,,,M,2003-01
CY_FIN_DEP_002,ecb,7,Financial,CY,MFI Deposit liabilities – From NFCs (S.11),BSI,M.CY.N.A.L20.A.1.U6.2240.Z01.E,,,M,2003-01
DE_FIN_DEP_002,ecb,7,Financial,DE,MFI Deposit liabilities – From NFCs (S.11),BSI,M.DE.N.A.L20.A.1.U6.2240.Z01.E,,,M,2003-01
EE_FIN_DEP_002,ecb,7,Financial,EE,MFI Deposit liabilities – From NFCs (S.11),BSI,M.EE.N.A.L20.A.1.U6.2240.Z01.E,,,M,2003-01
ES_FIN_DEP_002,ecb,7,Financial,ES,MFI Deposit liabilities – From NFCs (S.11),BSI,M.ES.N.A.L20.A.1.U6.2240.Z01.E,,,M,2003-01
FI_FIN_DEP_002,ecb,7,Financial,FI,MFI Deposit liabilities – From NFCs (S.11),BSI,M.FI.N.A.L20.A.1.U6.2240.Z01.E,,,M,2003-01
FR_FIN_DEP_002,ecb,7,Financial,FR,MFI Deposit liabilities – From NFCs (S.11),BSI,M.FR.N.A.L20.A.1.U6.2240.Z01.E,,,M,2003-01
GR_FIN_DEP_002,ecb,7,Financial,GR,MFI Deposit liabilities – From NFCs (S.11),BSI,M.GR.N.A.L20.A.1.U6.2240.Z01.E,,,M,2003-01
IE_FIN_DEP_002,ecb,7,Financial,IE,MFI Deposit liabilities – From NFCs (S.11),BSI,M.IE.N.A.L20.A.1.U6.2240.Z01.E,,,M,2003-01
IT_FIN_DEP_002,ecb,7,Financial,IT,MFI Deposit liabilities – From NFCs (S.11),BSI,M.IT.N.A.L20.A.1.U6.2240.Z01.E,,,M,2003-01
LT_FIN_DEP_002,ecb,7,Financial,LT,MFI Deposit liabilities – From NFCs (S.11),BSI,M.LT.N.A.L20.A.1.U6.2240.Z01.E,,,M,2003-01
LU_FIN_DEP_002,ecb,7,Financial,LU,MFI Deposit liabilities – From NFCs (S.11),BSI,M.LU.N.A.L20.A.1.U6.2240.Z01.E,,,M,2003-01
LV_FIN_DEP_002,ecb,7,Financial,LV,MFI Deposit liabilities – From NFCs (S.11),BSI,M.LV.N.A.L20.A.1.U6.2240.Z01.E,,,M,2003-01
MT_FIN_DEP_002,ecb,7,Financial,MT,MFI Deposit liabilities – From NFCs (S.11),BSI,M.MT.N.A.L20.A.1.U6.2240.Z01.E,,,M,2003-01
NL_FIN_DEP_002,ecb,7,Financial,NL,MFI Deposit liabilities – From NFCs (S.11),BSI,M.NL.N.A.L20.A.1.U6.2240.Z01.E,,,M,2003-01
PT_FIN_DEP_002,ecb,7,Financial,PT,MFI Deposit liabilities – From NFCs (S.11),BSI,M.PT.N.A.L20.A.1.U6.2240.Z01.E,,,M,2003-01
SI_FIN_DEP_002,ecb,7,Financial,SI,MFI Deposit liabilities – From NFCs (S.11),BSI,M.SI.N.A.L20.A.1.U6.2240.Z01.E,,,M,2003-01
SK_FIN_DEP_002,ecb,7,Financial,SK,MFI Deposit liabilities – From NFCs (S.11),BSI,M.SK.N.A.L20.A.1.U6.2240.Z01.E,,,M,2003-01
AT_FIN_DEP_003,ecb,7,Financial,AT,MFI Deposit liabilities – From households (S.14+S.15),BSI,M.AT.N.A.L20.A.1.U6.2250.Z01.E,,,M,2003-01
BE_FIN_DEP_003,ecb,7,Financial,BE,MFI Deposit liabilities – From households (S.14+S.15),BSI,M.BE.N.A.L20.A.1.U6.2250.Z01.E,,,M,2003-01
CY_FIN_DEP_003,ecb,7,Financial,CY,MFI Deposit liabilities – From households (S.14+S.15),BSI,M.CY.N.A.L20.A.1.U6.2250.Z01.E,,,M,2003-01
DE_FIN_DEP_003,ecb,7,Financial,DE,MFI Deposit liabilities – From households (S.14+S.15),BSI,M.DE.N.A.L20.A.1.U6.2250.Z01.E,,,M,2003-01
EE_FIN_DEP_003,ecb,7,Financial,EE,MFI Deposit liabilities – From households (S.14+S.15),BSI,M.EE.N.A.L20.A.1.U6.2250.Z01.E,,,M,2003-01
ES_FIN_DEP_003,ecb,7,Financial,ES,MFI Deposit liabilities – From households (S.14+S.15),BSI,M.ES.N.A.L20.A.1.U6.2250.Z01.E,,,M,2003-01
FI_FIN_DEP_003,ecb,7,Financial,FI,MFI Deposit liabilities – From households (S.14+S.15),BSI,M.FI.N.A.L20.A.1.U6.2250.Z01.E,,,M,2003-01
FR_FIN_DEP_003,ecb,7,Financial,FR,MFI Deposit liabilities – From households (S.14+S.15),BSI,M.FR.N.A.L20.A.1.U6.2250.Z01.E,,,M,2003-01
GR_FIN_DEP_003,ecb,7,Financial,GR,MFI Deposit liabilities – From households (S.14+S.15),BSI,M.GR.N.A.L20.A.1.U6.2250.Z01.E,,,M,2003-01
IE_FIN_DEP_003,ecb,7,Financial,IE,MFI Deposit liabilities – From households (S.14+S.15),BSI,M.IE.N.A.L20.A.1.U6.2250.Z01.E,,,M,2003-01
IT_FIN_DEP_003,ecb,7,Financial,IT,MFI Deposit liabilities – From households (S.14+S.15),BSI,M.IT.N.A.L20.A.1.U6.2250.Z01.E,,,M,2003-01
LT_FIN_DEP_003,ecb,7,Financial,LT,MFI Deposit liabilities – From households (S.14+S.15),BSI,M.LT.N.A.L20.A.1.U6.2250.Z01.E,,,M,2003-01
LU_FIN_DEP_003,ecb,7,Financial,LU,MFI Deposit liabilities – From households (S.14+S.15),BSI,M.LU.N.A.L20.A.1.U6.2250.Z01.E,,,M,2003-01
LV_FIN_DEP_003,ecb,7,Financial,LV,MFI Deposit liabilities – From households (S.14+S.15),BSI,M.LV.N.A.L20.A.1.U6.2250.Z01.E,,,M,2003-01
MT_FIN_DEP_003,ecb,7,Financial,MT,MFI Deposit liabilities – From households (S.14+S.15),BSI,M.MT.N.A.L20.A.1.U6.2250.Z01.E,,,M,2003-01
NL_FIN_DEP_003,ecb,7,Financial,NL,MFI Deposit liabilities – From households (S.14+S.15),BSI,M.NL.N.A.L20.A.1.U6.2250.Z01.E,,,M,2003-01
PT_FIN_DEP_003,ecb,7,Financial,PT,MFI Deposit liabilities – From households (S.14+S.15),BSI,M.PT.N.A.L20.A.1.U6.2250.Z01.E,,,M,2003-01
SI_FIN_DEP_003,ecb,7,Financial,SI,MFI Deposit liabilities – From households (S.14+S.15),BSI,M.SI.N.A.L20.A.1.U6.2250.Z01.E,,,M,2003-01
SK_FIN_DEP_003,ecb,7,Financial,SK,MFI Deposit liabilities – From households (S.14+S.15),BSI,M.SK.N.A.L20.A.1.U6.2250.Z01.E,,,M,2003-01
AT_FIN_DSH_001,ecb,7,Financial,AT,MFI Debt securities held – Non-MFIs excl. general government,BSI,M.AT.N.A.A30.A.1.U6.2200.Z01.E,,,M,2003-01
BE_FIN_DSH_001,ecb,7,Financial,BE,MFI Debt securities held – Non-MFIs excl. general government,BSI,M.BE.N.A.A30.A.1.U6.2200.Z01.E,,,M,2003-01
CY_FIN_DSH_001,ecb,7,Financial,CY,MFI Debt securities held – Non-MFIs excl. general government,BSI,M.CY.N.A.A30.A.1.U6.2200.Z01.E,,,M,2003-01
DE_FIN_DSH_001,ecb,7,Financial,DE,MFI Debt securities held – Non-MFIs excl. general government,BSI,M.DE.N.A.A30.A.1.U6.2200.Z01.E,,,M,2003-01
EE_FIN_DSH_001,ecb,7,Financial,EE,MFI Debt securities held – Non-MFIs excl. general government,BSI,M.EE.N.A.A30.A.1.U6.2200.Z01.E,,,M,2003-01
ES_FIN_DSH_001,ecb,7,Financial,ES,MFI Debt securities held – Non-MFIs excl. general government,BSI,M.ES.N.A.A30.A.1.U6.2200.Z01.E,,,M,2003-01
FI_FIN_DSH_001,ecb,7,Financial,FI,MFI Debt securities held – Non-MFIs excl. general government,BSI,M.FI.N.A.A30.A.1.U6.2200.Z01.E,,,M,2003-01
FR_FIN_DSH_001,ecb,7,Financial,FR,MFI Debt securities held – Non-MFIs excl. general government,BSI,M.FR.N.A.A30.A.1.U6.2200.Z01.E,,,M,2003-01
GR_FIN_DSH_001,ecb,7,Financial,GR,MFI Debt securities held – Non-MFIs excl. general government,BSI,M.GR.N.A.A30.A.1.U6.2200.Z01.E,,,M,2003-01
IE_FIN_DSH_001,ecb,7,Financial,IE,MFI Debt securities held – Non-MFIs excl. general government,BSI,M.IE.N.A.A30.A.1.U6.2200.Z01.E,,,M,2003-01
IT_FIN_DSH_001,ecb,7,Financial,IT,MFI Debt securities held – Non-MFIs excl. general government,BSI,M.IT.N.A.A30.A.1.U6.2200.Z01.E,,,M,2003-01
LT_FIN_DSH_001,ecb,7,Financial,LT,MFI Debt securities held – Non-MFIs excl. general government,BSI,M.LT.N.A.A30.A.1.U6.2200.Z01.E,,,M,2003-01
LU_FIN_DSH_001,ecb,7,Financial,LU,MFI Debt securities held – Non-MFIs excl. general government,BSI,M.LU.N.A.A30.A.1.U6.2200.Z01.E,,,M,2003-01
LV_FIN_DSH_001,ecb,7,Financial,LV,MFI Debt securities held – Non-MFIs excl. general government,BSI,M.LV.N.A.A30.A.1.U6.2200.Z01.E,,,M,2003-01
MT_FIN_DSH_001,ecb,7,Financial,MT,MFI Debt securities held – Non-MFIs excl. general government,BSI,M.MT.N.A.A30.A.1.U6.2200.Z01.E,,,M,2003-01
NL_FIN_DSH_001,ecb,7,Financial,NL,MFI Debt securities held – Non-MFIs excl. general government,BSI,M.NL.N.A.A30.A.1.U6.2200.Z01.E,,,M,2003-01
PT_FIN_DSH_001,ecb,7,Financial,PT,MFI Debt securities held – Non-MFIs excl. general government,BSI,M.PT.N.A.A30.A.1.U6.2200.Z01.E,,,M,2003-01
SI_FIN_DSH_001,ecb,7,Financial,SI,MFI Debt securities held – Non-MFIs excl. general government,BSI,M.SI.N.A.A30.A.1.U6.2200.Z01.E,,,M,2003-01
SK_FIN_DSH_001,ecb,7,Financial,SK,MFI Debt securities held – Non-MFIs excl. general government,BSI,M.SK.N.A.A30.A.1.U6.2200.Z01.E,,,M,2003-01
AT_FIN_DSH_002,ecb,7,Financial,AT,MFI Debt securities held – MFIs (S.12),BSI,M.AT.N.A.A30.A.1.U6.1000.Z01.E,,,M,2003-01
BE_FIN_DSH_002,ecb,7,Financial,BE,MFI Debt securities held – MFIs (S.12),BSI,M.BE.N.A.A30.A.1.U6.1000.Z01.E,,,M,2003-01
CY_FIN_DSH_002,ecb,7,Financial,CY,MFI Debt securities held – MFIs (S.12),BSI,M.CY.N.A.A30.A.1.U6.1000.Z01.E,,,M,2003-01
DE_FIN_DSH_002,ecb,7,Financial,DE,MFI Debt securities held – MFIs (S.12),BSI,M.DE.N.A.A30.A.1.U6.1000.Z01.E,,,M,2003-01
EE_FIN_DSH_002,ecb,7,Financial,EE,MFI Debt securities held – MFIs (S.12),BSI,M.EE.N.A.A30.A.1.U6.1000.Z01.E,,,M,2003-01
ES_FIN_DSH_002,ecb,7,Financial,ES,MFI Debt securities held – MFIs (S.12),BSI,M.ES.N.A.A30.A.1.U6.1000.Z01.E,,,M,2003-01
FI_FIN_DSH_002,ecb,7,Financial,FI,MFI Debt securities held – MFIs (S.12),BSI,M.FI.N.A.A30.A.1.U6.1000.Z01.E,,,M,2003-01
FR_FIN_DSH_002,ecb,7,Financial,FR,MFI Debt securities held – MFIs (S.12),BSI,M.FR.N.A.A30.A.1.U6.1000.Z01.E,,,M,2003-01
GR_FIN_DSH_002,ecb,7,Financial,GR,MFI Debt securities held – MFIs (S.12),BSI,M.GR.N.A.A30.A.1.U6.1000.Z01.E,,,M,2003-01
IE_FIN_DSH_002,ecb,7,Financial,IE,MFI Debt securities held – MFIs (S.12),BSI,M.IE.N.A.A30.A.1.U6.1000.Z01.E,,,M,2003-01
IT_FIN_DSH_002,ecb,7,Financial,IT,MFI Debt securities held – MFIs (S.12),BSI,M.IT.N.A.A30.A.1.U6.1000.Z01.E,,,M,2003-01
LT_FIN_DSH_002,ecb,7,Financial,LT,MFI Debt securities held – MFIs (S.12),BSI,M.LT.N.A.A30.A.1.U6.1000.Z01.E,,,M,2003-01
LU_FIN_DSH_002,ecb,7,Financial,LU,MFI Debt securities held – MFIs (S.12),BSI,M.LU.N.A.A30.A.1.U6.1000.Z01.E,,,M,2003-01
LV_FIN_DSH_002,ecb,7,Financial,LV,MFI Debt securities held – MFIs (S.12),BSI,M.LV.N.A.A30.A.1.U6.1000.Z01.E,,,M,2003-01
MT_FIN_DSH_002,ecb,7,Financial,MT,MFI Debt securities held – MFIs (S.12),BSI,M.MT.N.A.A30.A.1.U6.1000.Z01.E,,,M,2003-01
NL_FIN_DSH_002,ecb,7,Financial,NL,MFI Debt securities held – MFIs (S.12),BSI,M.NL.N.A.A30.A.1.U6.1000.Z01.E,,,M,2003-01
PT_FIN_DSH_002,ecb,7,Financial,PT,MFI Debt securities held – MFIs (S.12),BSI,M.PT.N.A.A30.A.1.U6.1000.Z01.E,,,M,2003-01
SI_FIN_DSH_002,ecb,7,Financial,SI,MFI Debt securities held – MFIs (S.12),BSI,M.SI.N.A.A30.A.1.U6.1000.Z01.E,,,M,2003-01
SK_FIN_DSH_002,ecb,7,Financial,SK,MFI Debt securities held – MFIs (S.12),BSI,M.SK.N.A.A30.A.1.U6.1000.Z01.E,,,M,2003-01
AT_FIN_DSH_003,ecb,7,Financial,AT,MFI Debt securities held – General government (S.13),BSI,M.AT.N.A.A30.A.1.U6.2100.Z01.E,,,M,2003-01
BE_FIN_DSH_003,ecb,7,Financial,BE,MFI Debt securities held – General government (S.13),BSI,M.BE.N.A.A30.A.1.U6.2100.Z01.E,,,M,2003-01
CY_FIN_DSH_003,ecb,7,Financial,CY,MFI Debt securities held – General government (S.13),BSI,M.CY.N.A.A30.A.1.U6.2100.Z01.E,,,M,2003-01
DE_FIN_DSH_003,ecb,7,Financial,DE,MFI Debt securities held – General government (S.13),BSI,M.DE.N.A.A30.A.1.U6.2100.Z01.E,,,M,2003-01
EE_FIN_DSH_003,ecb,7,Financial,EE,MFI Debt securities held – General government (S.13),BSI,M.EE.N.A.A30.A.1.U6.2100.Z01.E,,,M,2003-01
ES_FIN_DSH_003,ecb,7,Financial,ES,MFI Debt securities held – General government (S.13),BSI,M.ES.N.A.A30.A.1.U6.2100.Z01.E,,,M,2003-01
FI_FIN_DSH_003,ecb,7,Financial,FI,MFI Debt securities held – General government (S.13),BSI,M.FI.N.A.A30.A.1.U6.2100.Z01.E,,,M,2003-01
FR_FIN_DSH_003,ecb,7,Financial,FR,MFI Debt securities held – General government (S.13),BSI,M.FR.N.A.A30.A.1.U6.2100.Z01.E,,,M,2003-01
GR_FIN_DSH_003,ecb,7,Financial,GR,MFI Debt securities held – General government (S.13),BSI,M.GR.N.A.A30.A.1.U6.2100.Z01.E,,,M,2003-01
IE_FIN_DSH_003,ecb,7,Financial,IE,MFI Debt securities held – General government (S.13),BSI,M.IE.N.A.A30.A.1.U6.2100.Z01.E,,,M,2003-01
IT_FIN_DSH_003,ecb,7,Financial,IT,MFI Debt securities held – General government (S.13),BSI,M.IT.N.A.A30.A.1.U6.2100.Z01.E,,,M,2003-01
LT_FIN_DSH_003,ecb,7,Financial,LT,MFI Debt securities held – General government (S.13),BSI,M.LT.N.A.A30.A.1.U6.2100.Z01.E,,,M,2003-01
LU_FIN_DSH_003,ecb,7,Financial,LU,MFI Debt securities held – General government (S.13),BSI,M.LU.N.A.A30.A.1.U6.2100.Z01.E,,,M,2003-01
LV_FIN_DSH_003,ecb,7,Financial,LV,MFI Debt securities held – General government (S.13),BSI,M.LV.N.A.A30.A.1.U6.2100.Z01.E,,,M,2003-01
MT_FIN_DSH_003,ecb,7,Financial,MT,MFI Debt securities held – General government (S.13),BSI,M.MT.N.A.A30.A.1.U6.2100.Z01.E,,,M,2003-01
NL_FIN_DSH_003,ecb,7,Financial,NL,MFI Debt securities held – General government (S.13),BSI,M.NL.N.A.A30.A.1.U6.2100.Z01.E,,,M,2003-01
PT_FIN_DSH_003,ecb,7,Financial,PT,MFI Debt securities held – General government (S.13),BSI,M.PT.N.A.A30.A.1.U6.2100.Z01.E,,,M,2003-01
SI_FIN_DSH_003,ecb,7,Financial,SI,MFI Debt securities held – General government (S.13),BSI,M.SI.N.A.A30.A.1.U6.2100.Z01.E,,,M,2003-01
SK_FIN_DSH_003,ecb,7,Financial,SK,MFI Debt securities held – General government (S.13),BSI,M.SK.N.A.A30.A.1.U6.2100.Z01.E,,,M,2003-01
U2_MON_001,ecb,8,EA_Financial,U2,M1 – Index of Notional Stocks (SA+WDA),BSI,M.U2.Y.V.M10.X.I.U2.2300.Z01.E,,,M,2003-01
U2_MON_002,ecb,8,EA_Financial,U2,M3 – Index of Notional Stocks (SA+WDA),BSI,M.U2.Y.V.M30.X.I.U2.2300.Z01.E,,,M,2003-01
U2_MON_003,ecb,8,EA_Financial,U2,Currency in circulation – Index of Notional Stocks (SA+WDA),BSI,M.U2.Y.V.L10.X.I.U2.2300.Z01.E,,,M,2003-01
AT_FIN_MIR_LEN_001,ecb,7,Financial,AT,"MIR – Lending for house purchase, total maturity (new business)",MIR,M.AT.B.A2C.A.R.A.2250.EUR.N,,,M,2003-01
BE_FIN_MIR_LEN_001,ecb,7,Financial,BE,"MIR – Lending for house purchase, total maturity (new business)",MIR,M.BE.B.A2C.A.R.A.2250.EUR.N,,,M,2003-01
CY_FIN_MIR_LEN_001,ecb,7,Financial,CY,"MIR – Lending for house purchase, total maturity (new business)",MIR,M.CY.B.A2C.A.R.A.2250.EUR.N,,,M,2003-01
DE_FIN_MIR_LEN_001,ecb,7,Financial,DE,"MIR – Lending for house purchase, total maturity (new business)",MIR,M.DE.B.A2C.A.R.A.2250.EUR.N,,,M,2003-01
EE_FIN_MIR_LEN_001,ecb,7,Financial,EE,"MIR – Lending for house purchase, total maturity (new business)",MIR,M.EE.B.A2C.A.R.A.2250.EUR.N,,,M,2003-01
ES_FIN_MIR_LEN_001,ecb,7,Financial,ES,"MIR – Lending for house purchase, total maturity (new business)",MIR,M.ES.B.A2C.A.R.A.2250.EUR.N,,,M,2003-01
FI_FIN_MIR_LEN_001,ecb,7,Financial,FI,"MIR – Lending for house purchase, total maturity (new business)",MIR,M.FI.B.A2C.A.R.A.2250.EUR.N,,,M,2003-01
FR_FIN_MIR_LEN_001,ecb,7,Financial,FR,"MIR – Lending for house purchase, total maturity (new business)",MIR,M.FR.B.A2C.A.R.A.2250.EUR.N,,,M,2003-01
GR_FIN_MIR_LEN_001,ecb,7,Financial,GR,"MIR – Lending for house purchase, total maturity (new business)",MIR,M.GR.B.A2C.A.R.A.2250.EUR.N,,,M,2003-01
IE_FIN_MIR_LEN_001,ecb,7,Financial,IE,"MIR – Lending for house purchase, total maturity (new business)",MIR,M.IE.B.A2C.A.R.A.2250.EUR.N,,,M,2003-01
IT_FIN_MIR_LEN_001,ecb,7,Financial,IT,"MIR – Lending for house purchase, total maturity (new business)",MIR,M.IT.B.A2C.A.R.A.2250.EUR.N,,,M,2003-01
LT_FIN_MIR_LEN_001,ecb,7,Financial,LT,"MIR – Lending for house purchase, total maturity (new business)",MIR,M.LT.B.A2C.A.R.A.2250.EUR.N,,,M,2003-01
LU_FIN_MIR_LEN_001,ecb,7,Financial,LU,"MIR – Lending for house purchase, total maturity (new business)",MIR,M.LU.B.A2C.A.R.A.2250.EUR.N,,,M,2003-01
LV_FIN_MIR_LEN_001,ecb,7,Financial,LV,"MIR – Lending for house purchase, total maturity (new business)",MIR,M.LV.B.A2C.A.R.A.2250.EUR.N,,,M,2003-01
MT_FIN_MIR_LEN_001,ecb,7,Financial,MT,"MIR – Lending for house purchase, total maturity (new business)",MIR,M.MT.B.A2C.A.R.A.2250.EUR.N,,,M,2003-01
NL_FIN_MIR_LEN_001,ecb,7,Financial,NL,"MIR – Lending for house purchase, total maturity (new business)",MIR,M.NL.B.A2C.A.R.A.2250.EUR.N,,,M,2003-01
PT_FIN_MIR_LEN_001,ecb,7,Financial,PT,"MIR – Lending for house purchase, total maturity (new business)",MIR,M.PT.B.A2C.A.R.A.2250.EUR.N,,,M,2003-01
SI_FIN_MIR_LEN_001,ecb,7,Financial,SI,"MIR – Lending for house purchase, total maturity (new business)",MIR,M.SI.B.A2C.A.R.A.2250.EUR.N,,,M,2003-01
SK_FIN_MIR_LEN_001,ecb,7,Financial,SK,"MIR – Lending for house purchase, total maturity (new business)",MIR,M.SK.B.A2C.A.R.A.2250.EUR.N,,,M,2003-01
AT_FIN_MIR_LEN_002,ecb,7,Financial,AT,"MIR – Other lending, households excl. revolving (new business)",MIR,M.AT.B.A2D.A.R.A.2250.EUR.N,,,M,2003-01
BE_FIN_MIR_LEN_002,ecb,7,Financial,BE,"MIR – Other lending, households excl. revolving (new business)",MIR,M.BE.B.A2D.A.R.A.2250.EUR.N,,,M,2003-01
CY_FIN_MIR_LEN_002,ecb,7,Financial,CY,"MIR – Other lending, households excl. revolving (new business)",MIR,M.CY.B.A2D.A.R.A.2250.EUR.N,,,M,2003-01
DE_FIN_MIR_LEN_002,ecb,7,Financial,DE,"MIR – Other lending, households excl. revolving (new business)",MIR,M.DE.B.A2D.A.R.A.2250.EUR.N,,,M,2003-01
EE_FIN_MIR_LEN_002,ecb,7,Financial,EE,"MIR – Other lending, households excl. revolving (new business)",MIR,M.EE.B.A2D.A.R.A.2250.EUR.N,,,M,2003-01
ES_FIN_MIR_LEN_002,ecb,7,Financial,ES,"MIR – Other lending, households excl. revolving (new business)",MIR,M.ES.B.A2D.A.R.A.2250.EUR.N,,,M,2003-01
FI_FIN_MIR_LEN_002,ecb,7,Financial,FI,"MIR – Other lending, households excl. revolving (new business)",MIR,M.FI.B.A2D.A.R.A.2250.EUR.N,,,M,2003-01
FR_FIN_MIR_LEN_002,ecb,7,Financial,FR,"MIR – Other lending, households excl. revolving (new business)",MIR,M.FR.B.A2D.A.R.A.2250.EUR.N,,,M,2003-01
GR_FIN_MIR_LEN_002,ecb,7,Financial,GR,"MIR – Other lending, households excl. revolving (new business)",MIR,M.GR.B.A2D.A.R.A.2250.EUR.N,,,M,2003-01
IE_FIN_MIR_LEN_002,ecb,7,Financial,IE,"MIR – Other lending, households excl. revolving (new business)",MIR,M.IE.B.A2D.A.R.A.2250.EUR.N,,,M,2003-01
IT_FIN_MIR_LEN_002,ecb,7,Financial,IT,"MIR – Other lending, households excl. revolving (new business)",MIR,M.IT.B.A2D.A.R.A.2250.EUR.N,,,M,2003-01
LT_FIN_MIR_LEN_002,ecb,7,Financial,LT,"MIR – Other lending, households excl. revolving (new business)",MIR,M.LT.B.A2D.A.R.A.2250.EUR.N,,,M,2003-01
LU_FIN_MIR_LEN_002,ecb,7,Financial,LU,"MIR – Other lending, households excl. revolving (new business)",MIR,M.LU.B.A2D.A.R.A.2250.EUR.N,,,M,2003-01
LV_FIN_MIR_LEN_002,ecb,7,Financial,LV,"MIR – Other lending, households excl. revolving (new business)",MIR,M.LV.B.A2D.A.R.A.2250.EUR.N,,,M,2003-01
MT_FIN_MIR_LEN_002,ecb,7,Financial,MT,"MIR – Other lending, households excl. revolving (new business)",MIR,M.MT.B.A2D.A.R.A.2250.EUR.N,,,M,2003-01
NL_FIN_MIR_LEN_002,ecb,7,Financial,NL,"MIR – Other lending, households excl. revolving (new business)",MIR,M.NL.B.A2D.A.R.A.2250.EUR.N,,,M,2003-01
PT_FIN_MIR_LEN_002,ecb,7,Financial,PT,"MIR – Other lending, households excl. revolving (new business)",MIR,M.PT.B.A2D.A.R.A.2250.EUR.N,,,M,2003-01
SI_FIN_MIR_LEN_002,ecb,7,Financial,SI,"MIR – Other lending, households excl. revolving (new business)",MIR,M.SI.B.A2D.A.R.A.2250.EUR.N,,,M,2003-01
SK_FIN_MIR_LEN_002,ecb,7,Financial,SK,"MIR – Other lending, households excl. revolving (new business)",MIR,M.SK.B.A2D.A.R.A.2250.EUR.N,,,M,2003-01
AT_FIN_MIR_LEN_003,ecb,7,Financial,AT,"MIR – Cost-of-borrowing loans, up to 1 year, NFC+HH (new business)",MIR,M.AT.B.A2J.FM.R.A.2230.EUR.N,,,M,2003-01
BE_FIN_MIR_LEN_003,ecb,7,Financial,BE,"MIR – Cost-of-borrowing loans, up to 1 year, NFC+HH (new business)",MIR,M.BE.B.A2J.FM.R.A.2230.EUR.N,,,M,2003-01
CY_FIN_MIR_LEN_003,ecb,7,Financial,CY,"MIR – Cost-of-borrowing loans, up to 1 year, NFC+HH (new business)",MIR,M.CY.B.A2J.FM.R.A.2230.EUR.N,,,M,2003-01
DE_FIN_MIR_LEN_003,ecb,7,Financial,DE,"MIR – Cost-of-borrowing loans, up to 1 year, NFC+HH (new business)",MIR,M.DE.B.A2J.FM.R.A.2230.EUR.N,,,M,2003-01
EE_FIN_MIR_LEN_003,ecb,7,Financial,EE,"MIR – Cost-of-borrowing loans, up to 1 year, NFC+HH (new business)",MIR,M.EE.B.A2J.FM.R.A.2230.EUR.N,,,M,2003-01
ES_FIN_MIR_LEN_003,ecb,7,Financial,ES,"MIR – Cost-of-borrowing loans, up to 1 year, NFC+HH (new business)",MIR,M.ES.B.A2J.FM.R.A.2230.EUR.N,,,M,2003-01
FI_FIN_MIR_LEN_003,ecb,7,Financial,FI,"MIR – Cost-of-borrowing loans, up to 1 year, NFC+HH (new business)",MIR,M.FI.B.A2J.FM.R.A.2230.EUR.N,,,M,2003-01
FR_FIN_MIR_LEN_003,ecb,7,Financial,FR,"MIR – Cost-of-borrowing loans, up to 1 year, NFC+HH (new business)",MIR,M.FR.B.A2J.FM.R.A.2230.EUR.N,,,M,2003-01
GR_FIN_MIR_LEN_003,ecb,7,Financial,GR,"MIR – Cost-of-borrowing loans, up to 1 year, NFC+HH (new business)",MIR,M.GR.B.A2J.FM.R.A.2230.EUR.N,,,M,2003-01
IE_FIN_MIR_LEN_003,ecb,7,Financial,IE,"MIR – Cost-of-borrowing loans, up to 1 year, NFC+HH (new business)",MIR,M.IE.B.A2J.FM.R.A.2230.EUR.N,,,M,2003-01
IT_FIN_MIR_LEN_003,ecb,7,Financial,IT,"MIR – Cost-of-borrowing loans, up to 1 year, NFC+HH (new business)",MIR,M.IT.B.A2J.FM.R.A.2230.EUR.N,,,M,2003-01
LT_FIN_MIR_LEN_003,ecb,7,Financial,LT,"MIR – Cost-of-borrowing loans, up to 1 year, NFC+HH (new business)",MIR,M.LT.B.A2J.FM.R.A.2230.EUR.N,,,M,2003-01
LU_FIN_MIR_LEN_003,ecb,7,Financial,LU,"MIR – Cost-of-borrowing loans, up to 1 year, NFC+HH (new business)",MIR,M.LU.B.A2J.FM.R.A.2230.EUR.N,,,M,2003-01
LV_FIN_MIR_LEN_003,ecb,7,Financial,LV,"MIR – Cost-of-borrowing loans, up to 1 year, NFC+HH (new business)",MIR,M.LV.B.A2J.FM.R.A.2230.EUR.N,,,M,2003-01
MT_FIN_MIR_LEN_003,ecb,7,Financial,MT,"MIR – Cost-of-borrowing loans, up to 1 year, NFC+HH (new business)",MIR,M.MT.B.A2J.FM.R.A.2230.EUR.N,,,M,2003-01
NL_FIN_MIR_LEN_003,ecb,7,Financial,NL,"MIR – Cost-of-borrowing loans, up to 1 year, NFC+HH (new business)",MIR,M.NL.B.A2J.FM.R.A.2230.EUR.N,,,M,2003-01
PT_FIN_MIR_LEN_003,ecb,7,Financial,PT,"MIR – Cost-of-borrowing loans, up to 1 year, NFC+HH (new business)",MIR,M.PT.B.A2J.FM.R.A.2230.EUR.N,,,M,2003-01
SI_FIN_MIR_LEN_003,ecb,7,Financial,SI,"MIR – Cost-of-borrowing loans, up to 1 year, NFC+HH (new business)",MIR,M.SI.B.A2J.FM.R.A.2230.EUR.N,,,M,2003-01
SK_FIN_MIR_LEN_003,ecb,7,Financial,SK,"MIR – Cost-of-borrowing loans, up to 1 year, NFC+HH (new business)",MIR,M.SK.B.A2J.FM.R.A.2230.EUR.N,,,M,2003-01
AT_FIN_MIR_LEN_004,ecb,7,Financial,AT,"MIR – Cost-of-borrowing loans, over 1 year, NFC+HH (new business)",MIR,M.AT.B.A2J.KM.R.A.2230.EUR.N,,,M,2003-01
BE_FIN_MIR_LEN_004,ecb,7,Financial,BE,"MIR – Cost-of-borrowing loans, over 1 year, NFC+HH (new business)",MIR,M.BE.B.A2J.KM.R.A.2230.EUR.N,,,M,2003-01
CY_FIN_MIR_LEN_004,ecb,7,Financial,CY,"MIR – Cost-of-borrowing loans, over 1 year, NFC+HH (new business)",MIR,M.CY.B.A2J.KM.R.A.2230.EUR.N,,,M,2003-01
DE_FIN_MIR_LEN_004,ecb,7,Financial,DE,"MIR – Cost-of-borrowing loans, over 1 year, NFC+HH (new business)",MIR,M.DE.B.A2J.KM.R.A.2230.EUR.N,,,M,2003-01
EE_FIN_MIR_LEN_004,ecb,7,Financial,EE,"MIR – Cost-of-borrowing loans, over 1 year, NFC+HH (new business)",MIR,M.EE.B.A2J.KM.R.A.2230.EUR.N,,,M,2003-01
ES_FIN_MIR_LEN_004,ecb,7,Financial,ES,"MIR – Cost-of-borrowing loans, over 1 year, NFC+HH (new business)",MIR,M.ES.B.A2J.KM.R.A.2230.EUR.N,,,M,2003-01
FI_FIN_MIR_LEN_004,ecb,7,Financial,FI,"MIR – Cost-of-borrowing loans, over 1 year, NFC+HH (new business)",MIR,M.FI.B.A2J.KM.R.A.2230.EUR.N,,,M,2003-01
FR_FIN_MIR_LEN_004,ecb,7,Financial,FR,"MIR – Cost-of-borrowing loans, over 1 year, NFC+HH (new business)",MIR,M.FR.B.A2J.KM.R.A.2230.EUR.N,,,M,2003-01
GR_FIN_MIR_LEN_004,ecb,7,Financial,GR,"MIR – Cost-of-borrowing loans, over 1 year, NFC+HH (new business)",MIR,M.GR.B.A2J.KM.R.A.2230.EUR.N,,,M,2003-01
IE_FIN_MIR_LEN_004,ecb,7,Financial,IE,"MIR – Cost-of-borrowing loans, over 1 year, NFC+HH (new business)",MIR,M.IE.B.A2J.KM.R.A.2230.EUR.N,,,M,2003-01
IT_FIN_MIR_LEN_004,ecb,7,Financial,IT,"MIR – Cost-of-borrowing loans, over 1 year, NFC+HH (new business)",MIR,M.IT.B.A2J.KM.R.A.2230.EUR.N,,,M,2003-01
LT_FIN_MIR_LEN_004,ecb,7,Financial,LT,"MIR – Cost-of-borrowing loans, over 1 year, NFC+HH (new business)",MIR,M.LT.B.A2J.KM.R.A.2230.EUR.N,,,M,2003-01
LU_FIN_MIR_LEN_004,ecb,7,Financial,LU,"MIR – Cost-of-borrowing loans, over 1 year, NFC+HH (new business)",MIR,M.LU.B.A2J.KM.R.A.2230.EUR.N,,,M,2003-01
LV_FIN_MIR_LEN_004,ecb,7,Financial,LV,"MIR – Cost-of-borrowing loans, over 1 year, NFC+HH (new business)",MIR,M.LV.B.A2J.KM.R.A.2230.EUR.N,,,M,2003-01
MT_FIN_MIR_LEN_004,ecb,7,Financial,MT,"MIR – Cost-of-borrowing loans, over 1 year, NFC+HH (new business)",MIR,M.MT.B.A2J.KM.R.A.2230.EUR.N,,,M,2003-01
NL_FIN_MIR_LEN_004,ecb,7,Financial,NL,"MIR – Cost-of-borrowing loans, over 1 year, NFC+HH (new business)",MIR,M.NL.B.A2J.KM.R.A.2230.EUR.N,,,M,2003-01
PT_FIN_MIR_LEN_004,ecb,7,Financial,PT,"MIR – Cost-of-borrowing loans, over 1 year, NFC+HH (new business)",MIR,M.PT.B.A2J.KM.R.A.2230.EUR.N,,,M,2003-01
SI_FIN_MIR_LEN_004,ecb,7,Financial,SI,"MIR – Cost-of-borrowing loans, over 1 year, NFC+HH (new business)",MIR,M.SI.B.A2J.KM.R.A.2230.EUR.N,,,M,2003-01
SK_FIN_MIR_LEN_004,ecb,7,Financial,SK,"MIR – Cost-of-borrowing loans, over 1 year, NFC+HH (new business)",MIR,M.SK.B.A2J.KM.R.A.2230.EUR.N,,,M,2003-01
AT_FIN_MIR_DEP_001,ecb,7,Financial,AT,"MIR – Deposit rate, total new business (S.11+S.14+S.15)",MIR,M.AT.B.L22.A.R.A.2230.EUR.N,,,M,2003-01
BE_FIN_MIR_DEP_001,ecb,7,Financial,BE,"MIR – Deposit rate, total new business (S.11+S.14+S.15)",MIR,M.BE.B.L22.A.R.A.2230.EUR.N,,,M,2003-01
CY_FIN_MIR_DEP_001,ecb,7,Financial,CY,"MIR – Deposit rate, total new business (S.11+S.14+S.15)",MIR,M.CY.B.L22.A.R.A.2230.EUR.N,,,M,2003-01
DE_FIN_MIR_DEP_001,ecb,7,Financial,DE,"MIR – Deposit rate, total new business (S.11+S.14+S.15)",MIR,M.DE.B.L22.A.R.A.2230.EUR.N,,,M,2003-01
EE_FIN_MIR_DEP_001,ecb,7,Financial,EE,"MIR – Deposit rate, total new business (S.11+S.14+S.15)",MIR,M.EE.B.L22.A.R.A.2230.EUR.N,,,M,2003-01
ES_FIN_MIR_DEP_001,ecb,7,Financial,ES,"MIR – Deposit rate, total new business (S.11+S.14+S.15)",MIR,M.ES.B.L22.A.R.A.2230.EUR.N,,,M,2003-01
FI_FIN_MIR_DEP_001,ecb,7,Financial,FI,"MIR – Deposit rate, total new business (S.11+S.14+S.15)",MIR,M.FI.B.L22.A.R.A.2230.EUR.N,,,M,2003-01
FR_FIN_MIR_DEP_001,ecb,7,Financial,FR,"MIR – Deposit rate, total new business (S.11+S.14+S.15)",MIR,M.FR.B.L22.A.R.A.2230.EUR.N,,,M,2003-01
GR_FIN_MIR_DEP_001,ecb,7,Financial,GR,"MIR – Deposit rate, total new business (S.11+S.14+S.15)",MIR,M.GR.B.L22.A.R.A.2230.EUR.N,,,M,2003-01
IE_FIN_MIR_DEP_001,ecb,7,Financial,IE,"MIR – Deposit rate, total new business (S.11+S.14+S.15)",MIR,M.IE.B.L22.A.R.A.2230.EUR.N,,,M,2003-01
IT_FIN_MIR_DEP_001,ecb,7,Financial,IT,"MIR – Deposit rate, total new business (S.11+S.14+S.15)",MIR,M.IT.B.L22.A.R.A.2230.EUR.N,,,M,2003-01
LT_FIN_MIR_DEP_001,ecb,7,Financial,LT,"MIR – Deposit rate, total new business (S.11+S.14+S.15)",MIR,M.LT.B.L22.A.R.A.2230.EUR.N,,,M,2003-01
LU_FIN_MIR_DEP_001,ecb,7,Financial,LU,"MIR – Deposit rate, total new business (S.11+S.14+S.15)",MIR,M.LU.B.L22.A.R.A.2230.EUR.N,,,M,2003-01
LV_FIN_MIR_DEP_001,ecb,7,Financial,LV,"MIR – Deposit rate, total new business (S.11+S.14+S.15)",MIR,M.LV.B.L22.A.R.A.2230.EUR.N,,,M,2003-01
MT_FIN_MIR_DEP_001,ecb,7,Financial,MT,"MIR – Deposit rate, total new business (S.11+S.14+S.15)",MIR,M.MT.B.L22.A.R.A.2230.EUR.N,,,M,2003-01
NL_FIN_MIR_DEP_001,ecb,7,Financial,NL,"MIR – Deposit rate, total new business (S.11+S.14+S.15)",MIR,M.NL.B.L22.A.R.A.2230.EUR.N,,,M,2003-01
PT_FIN_MIR_DEP_001,ecb,7,Financial,PT,"MIR – Deposit rate, total new business (S.11+S.14+S.15)",MIR,M.PT.B.L22.A.R.A.2230.EUR.N,,,M,2003-01
SI_FIN_MIR_DEP_001,ecb,7,Financial,SI,"MIR – Deposit rate, total new business (S.11+S.14+S.15)",MIR,M.SI.B.L22.A.R.A.2230.EUR.N,,,M,2003-01
SK_FIN_MIR_DEP_001,ecb,7,Financial,SK,"MIR – Deposit rate, total new business (S.11+S.14+S.15)",MIR,M.SK.B.L22.A.R.A.2230.EUR.N,,,M,2003-01
AT_FIN_MIR_DEP_002,ecb,7,Financial,AT,"MIR – Deposit rate, up to 1 year (new business)",MIR,M.AT.B.L22.F.R.A.2230.EUR.N,,,M,2003-01
BE_FIN_MIR_DEP_002,ecb,7,Financial,BE,"MIR – Deposit rate, up to 1 year (new business)",MIR,M.BE.B.L22.F.R.A.2230.EUR.N,,,M,2003-01
CY_FIN_MIR_DEP_002,ecb,7,Financial,CY,"MIR – Deposit rate, up to 1 year (new business)",MIR,M.CY.B.L22.F.R.A.2230.EUR.N,,,M,2003-01
DE_FIN_MIR_DEP_002,ecb,7,Financial,DE,"MIR – Deposit rate, up to 1 year (new business)",MIR,M.DE.B.L22.F.R.A.2230.EUR.N,,,M,2003-01
EE_FIN_MIR_DEP_002,ecb,7,Financial,EE,"MIR – Deposit rate, up to 1 year (new business)",MIR,M.EE.B.L22.F.R.A.2230.EUR.N,,,M,2003-01
ES_FIN_MIR_DEP_002,ecb,7,Financial,ES,"MIR – Deposit rate, up to 1 year (new business)",MIR,M.ES.B.L22.F.R.A.2230.EUR.N,,,M,2003-01
FI_FIN_MIR_DEP_002,ecb,7,Financial,FI,"MIR – Deposit rate, up to 1 year (new business)",MIR,M.FI.B.L22.F.R.A.2230.EUR.N,,,M,2003-01
FR_FIN_MIR_DEP_002,ecb,7,Financial,FR,"MIR – Deposit rate, up to 1 year (new business)",MIR,M.FR.B.L22.F.R.A.2230.EUR.N,,,M,2003-01
GR_FIN_MIR_DEP_002,ecb,7,Financial,GR,"MIR – Deposit rate, up to 1 year (new business)",MIR,M.GR.B.L22.F.R.A.2230.EUR.N,,,M,2003-01
IE_FIN_MIR_DEP_002,ecb,7,Financial,IE,"MIR – Deposit rate, up to 1 year (new business)",MIR,M.IE.B.L22.F.R.A.2230.EUR.N,,,M,2003-01
IT_FIN_MIR_DEP_002,ecb,7,Financial,IT,"MIR – Deposit rate, up to 1 year (new business)",MIR,M.IT.B.L22.F.R.A.2230.EUR.N,,,M,2003-01
LT_FIN_MIR_DEP_002,ecb,7,Financial,LT,"MIR – Deposit rate, up to 1 year (new business)",MIR,M.LT.B.L22.F.R.A.2230.EUR.N,,,M,2003-01
LU_FIN_MIR_DEP_002,ecb,7,Financial,LU,"MIR – Deposit rate, up to 1 year (new business)",MIR,M.LU.B.L22.F.R.A.2230.EUR.N,,,M,2003-01
LV_FIN_MIR_DEP_002,ecb,7,Financial,LV,"MIR – Deposit rate, up to 1 year (new business)",MIR,M.LV.B.L22.F.R.A.2230.EUR.N,,,M,2003-01
MT_FIN_MIR_DEP_002,ecb,7,Financial,MT,"MIR – Deposit rate, up to 1 year (new business)",MIR,M.MT.B.L22.F.R.A.2230.EUR.N,,,M,2003-01
NL_FIN_MIR_DEP_002,ecb,7,Financial,NL,"MIR – Deposit rate, up to 1 year (new business)",MIR,M.NL.B.L22.F.R.A.2230.EUR.N,,,M,2003-01
PT_FIN_MIR_DEP_002,ecb,7,Financial,PT,"MIR – Deposit rate, up to 1 year (new business)",MIR,M.PT.B.L22.F.R.A.2230.EUR.N,,,M,2003-01
SI_FIN_MIR_DEP_002,ecb,7,Financial,SI,"MIR – Deposit rate, up to 1 year (new business)",MIR,M.SI.B.L22.F.R.A.2230.EUR.N,,,M,2003-01
SK_FIN_MIR_DEP_002,ecb,7,Financial,SK,"MIR – Deposit rate, up to 1 year (new business)",MIR,M.SK.B.L22.F.R.A.2230.EUR.N,,,M,2003-01
AT_FIN_MIR_DEP_003,ecb,7,Financial,AT,"MIR – Deposit rate, over 1Y up to 2Y (new business)",MIR,M.AT.B.L22.G.R.A.2230.EUR.N,,,M,2003-01
BE_FIN_MIR_DEP_003,ecb,7,Financial,BE,"MIR – Deposit rate, over 1Y up to 2Y (new business)",MIR,M.BE.B.L22.G.R.A.2230.EUR.N,,,M,2003-01
CY_FIN_MIR_DEP_003,ecb,7,Financial,CY,"MIR – Deposit rate, over 1Y up to 2Y (new business)",MIR,M.CY.B.L22.G.R.A.2230.EUR.N,,,M,2003-01
DE_FIN_MIR_DEP_003,ecb,7,Financial,DE,"MIR – Deposit rate, over 1Y up to 2Y (new business)",MIR,M.DE.B.L22.G.R.A.2230.EUR.N,,,M,2003-01
EE_FIN_MIR_DEP_003,ecb,7,Financial,EE,"MIR – Deposit rate, over 1Y up to 2Y (new business)",MIR,M.EE.B.L22.G.R.A.2230.EUR.N,,,M,2003-01
ES_FIN_MIR_DEP_003,ecb,7,Financial,ES,"MIR – Deposit rate, over 1Y up to 2Y (new business)",MIR,M.ES.B.L22.G.R.A.2230.EUR.N,,,M,2003-01
FI_FIN_MIR_DEP_003,ecb,7,Financial,FI,"MIR – Deposit rate, over 1Y up to 2Y (new business)",MIR,M.FI.B.L22.G.R.A.2230.EUR.N,,,M,2003-01
FR_FIN_MIR_DEP_003,ecb,7,Financial,FR,"MIR – Deposit rate, over 1Y up to 2Y (new business)",MIR,M.FR.B.L22.G.R.A.2230.EUR.N,,,M,2003-01
GR_FIN_MIR_DEP_003,ecb,7,Financial,GR,"MIR – Deposit rate, over 1Y up to 2Y (new business)",MIR,M.GR.B.L22.G.R.A.2230.EUR.N,,,M,2003-01
IE_FIN_MIR_DEP_003,ecb,7,Financial,IE,"MIR – Deposit rate, over 1Y up to 2Y (new business)",MIR,M.IE.B.L22.G.R.A.2230.EUR.N,,,M,2003-01
IT_FIN_MIR_DEP_003,ecb,7,Financial,IT,"MIR – Deposit rate, over 1Y up to 2Y (new business)",MIR,M.IT.B.L22.G.R.A.2230.EUR.N,,,M,2003-01
LT_FIN_MIR_DEP_003,ecb,7,Financial,LT,"MIR – Deposit rate, over 1Y up to 2Y (new business)",MIR,M.LT.B.L22.G.R.A.2230.EUR.N,,,M,2003-01
LU_FIN_MIR_DEP_003,ecb,7,Financial,LU,"MIR – Deposit rate, over 1Y up to 2Y (new business)",MIR,M.LU.B.L22.G.R.A.2230.EUR.N,,,M,2003-01
LV_FIN_MIR_DEP_003,ecb,7,Financial,LV,"MIR – Deposit rate, over 1Y up to 2Y (new business)",MIR,M.LV.B.L22.G.R.A.2230.EUR.N,,,M,2003-01
MT_FIN_MIR_DEP_003,ecb,7,Financial,MT,"MIR – Deposit rate, over 1Y up to 2Y (new business)",MIR,M.MT.B.L22.G.R.A.2230.EUR.N,,,M,2003-01
NL_FIN_MIR_DEP_003,ecb,7,Financial,NL,"MIR – Deposit rate, over 1Y up to 2Y (new business)",MIR,M.NL.B.L22.G.R.A.2230.EUR.N,,,M,2003-01
PT_FIN_MIR_DEP_003,ecb,7,Financial,PT,"MIR – Deposit rate, over 1Y up to 2Y (new business)",MIR,M.PT.B.L22.G.R.A.2230.EUR.N,,,M,2003-01
SI_FIN_MIR_DEP_003,ecb,7,Financial,SI,"MIR – Deposit rate, over 1Y up to 2Y (new business)",MIR,M.SI.B.L22.G.R.A.2230.EUR.N,,,M,2003-01
SK_FIN_MIR_DEP_003,ecb,7,Financial,SK,"MIR – Deposit rate, over 1Y up to 2Y (new business)",MIR,M.SK.B.L22.G.R.A.2230.EUR.N,,,M,2003-01
AT_FIN_MIR_DEP_004,ecb,7,Financial,AT,"MIR – Deposit rate, over 2 years (new business)",MIR,M.AT.B.L22.H.R.A.2230.EUR.N,,,M,2003-01
BE_FIN_MIR_DEP_004,ecb,7,Financial,BE,"MIR – Deposit rate, over 2 years (new business)",MIR,M.BE.B.L22.H.R.A.2230.EUR.N,,,M,2003-01
CY_FIN_MIR_DEP_004,ecb,7,Financial,CY,"MIR – Deposit rate, over 2 years (new business)",MIR,M.CY.B.L22.H.R.A.2230.EUR.N,,,M,2003-01
DE_FIN_MIR_DEP_004,ecb,7,Financial,DE,"MIR – Deposit rate, over 2 years (new business)",MIR,M.DE.B.L22.H.R.A.2230.EUR.N,,,M,2003-01
EE_FIN_MIR_DEP_004,ecb,7,Financial,EE,"MIR – Deposit rate, over 2 years (new business)",MIR,M.EE.B.L22.H.R.A.2230.EUR.N,,,M,2003-01
ES_FIN_MIR_DEP_004,ecb,7,Financial,ES,"MIR – Deposit rate, over 2 years (new business)",MIR,M.ES.B.L22.H.R.A.2230.EUR.N,,,M,2003-01
FI_FIN_MIR_DEP_004,ecb,7,Financial,FI,"MIR – Deposit rate, over 2 years (new business)",MIR,M.FI.B.L22.H.R.A.2230.EUR.N,,,M,2003-01
FR_FIN_MIR_DEP_004,ecb,7,Financial,FR,"MIR – Deposit rate, over 2 years (new business)",MIR,M.FR.B.L22.H.R.A.2230.EUR.N,,,M,2003-01
GR_FIN_MIR_DEP_004,ecb,7,Financial,GR,"MIR – Deposit rate, over 2 years (new business)",MIR,M.GR.B.L22.H.R.A.2230.EUR.N,,,M,2003-01
IE_FIN_MIR_DEP_004,ecb,7,Financial,IE,"MIR – Deposit rate, over 2 years (new business)",MIR,M.IE.B.L22.H.R.A.2230.EUR.N,,,M,2003-01
IT_FIN_MIR_DEP_004,ecb,7,Financial,IT,"MIR – Deposit rate, over 2 years (new business)",MIR,M.IT.B.L22.H.R.A.2230.EUR.N,,,M,2003-01
LT_FIN_MIR_DEP_004,ecb,7,Financial,LT,"MIR – Deposit rate, over 2 years (new business)",MIR,M.LT.B.L22.H.R.A.2230.EUR.N,,,M,2003-01
LU_FIN_MIR_DEP_004,ecb,7,Financial,LU,"MIR – Deposit rate, over 2 years (new business)",MIR,M.LU.B.L22.H.R.A.2230.EUR.N,,,M,2003-01
LV_FIN_MIR_DEP_004,ecb,7,Financial,LV,"MIR – Deposit rate, over 2 years (new business)",MIR,M.LV.B.L22.H.R.A.2230.EUR.N,,,M,2003-01
MT_FIN_MIR_DEP_004,ecb,7,Financial,MT,"MIR – Deposit rate, over 2 years (new business)",MIR,M.MT.B.L22.H.R.A.2230.EUR.N,,,M,2003-01
NL_FIN_MIR_DEP_004,ecb,7,Financial,NL,"MIR – Deposit rate, over 2 years (new business)",MIR,M.NL.B.L22.H.R.A.2230.EUR.N,,,M,2003-01
PT_FIN_MIR_DEP_004,ecb,7,Financial,PT,"MIR – Deposit rate, over 2 years (new business)",MIR,M.PT.B.L22.H.R.A.2230.EUR.N,,,M,2003-01
SI_FIN_MIR_DEP_004,ecb,7,Financial,SI,"MIR – Deposit rate, over 2 years (new business)",MIR,M.SI.B.L22.H.R.A.2230.EUR.N,,,M,2003-01
SK_FIN_MIR_DEP_004,ecb,7,Financial,SK,"MIR – Deposit rate, over 2 years (new business)",MIR,M.SK.B.L22.H.R.A.2230.EUR.N,,,M,2003-01
AT_FIN_MIR_DEP_005,ecb,7,Financial,AT,"MIR – Deposit rate, over 1 year (cost-of-borrowing, new business)",MIR,M.AT.B.L22.K.R.A.2230.EUR.N,,,M,2003-01
BE_FIN_MIR_DEP_005,ecb,7,Financial,BE,"MIR – Deposit rate, over 1 year (cost-of-borrowing, new business)",MIR,M.BE.B.L22.K.R.A.2230.EUR.N,,,M,2003-01
CY_FIN_MIR_DEP_005,ecb,7,Financial,CY,"MIR – Deposit rate, over 1 year (cost-of-borrowing, new business)",MIR,M.CY.B.L22.K.R.A.2230.EUR.N,,,M,2003-01
DE_FIN_MIR_DEP_005,ecb,7,Financial,DE,"MIR – Deposit rate, over 1 year (cost-of-borrowing, new business)",MIR,M.DE.B.L22.K.R.A.2230.EUR.N,,,M,2003-01
EE_FIN_MIR_DEP_005,ecb,7,Financial,EE,"MIR – Deposit rate, over 1 year (cost-of-borrowing, new business)",MIR,M.EE.B.L22.K.R.A.2230.EUR.N,,,M,2003-01
ES_FIN_MIR_DEP_005,ecb,7,Financial,ES,"MIR – Deposit rate, over 1 year (cost-of-borrowing, new business)",MIR,M.ES.B.L22.K.R.A.2230.EUR.N,,,M,2003-01
FI_FIN_MIR_DEP_005,ecb,7,Financial,FI,"MIR – Deposit rate, over 1 year (cost-of-borrowing, new business)",MIR,M.FI.B.L22.K.R.A.2230.EUR.N,,,M,2003-01
FR_FIN_MIR_DEP_005,ecb,7,Financial,FR,"MIR – Deposit rate, over 1 year (cost-of-borrowing, new business)",MIR,M.FR.B.L22.K.R.A.2230.EUR.N,,,M,2003-01
GR_FIN_MIR_DEP_005,ecb,7,Financial,GR,"MIR – Deposit rate, over 1 year (cost-of-borrowing, new business)",MIR,M.GR.B.L22.K.R.A.2230.EUR.N,,,M,2003-01
IE_FIN_MIR_DEP_005,ecb,7,Financial,IE,"MIR – Deposit rate, over 1 year (cost-of-borrowing, new business)",MIR,M.IE.B.L22.K.R.A.2230.EUR.N,,,M,2003-01
IT_FIN_MIR_DEP_005,ecb,7,Financial,IT,"MIR – Deposit rate, over 1 year (cost-of-borrowing, new business)",MIR,M.IT.B.L22.K.R.A.2230.EUR.N,,,M,2003-01
LT_FIN_MIR_DEP_005,ecb,7,Financial,LT,"MIR – Deposit rate, over 1 year (cost-of-borrowing, new business)",MIR,M.LT.B.L22.K.R.A.2230.EUR.N,,,M,2003-01
LU_FIN_MIR_DEP_005,ecb,7,Financial,LU,"MIR – Deposit rate, over 1 year (cost-of-borrowing, new business)",MIR,M.LU.B.L22.K.R.A.2230.EUR.N,,,M,2003-01
LV_FIN_MIR_DEP_005,ecb,7,Financial,LV,"MIR – Deposit rate, over 1 year (cost-of-borrowing, new business)",MIR,M.LV.B.L22.K.R.A.2230.EUR.N,,,M,2003-01
MT_FIN_MIR_DEP_005,ecb,7,Financial,MT,"MIR – Deposit rate, over 1 year (cost-of-borrowing, new business)",MIR,M.MT.B.L22.K.R.A.2230.EUR.N,,,M,2003-01
NL_FIN_MIR_DEP_005,ecb,7,Financial,NL,"MIR – Deposit rate, over 1 year (cost-of-borrowing, new business)",MIR,M.NL.B.L22.K.R.A.2230.EUR.N,,,M,2003-01
PT_FIN_MIR_DEP_005,ecb,7,Financial,PT,"MIR – Deposit rate, over 1 year (cost-of-borrowing, new business)",MIR,M.PT.B.L22.K.R.A.2230.EUR.N,,,M,2003-01
SI_FIN_MIR_DEP_005,ecb,7,Financial,SI,"MIR – Deposit rate, over 1 year (cost-of-borrowing, new business)",MIR,M.SI.B.L22.K.R.A.2230.EUR.N,,,M,2003-01
SK_FIN_MIR_DEP_005,ecb,7,Financial,SK,"MIR – Deposit rate, over 1 year (cost-of-borrowing, new business)",MIR,M.SK.B.L22.K.R.A.2230.EUR.N,,,M,2003-01
AT_FIN_MIR_DEP_006,ecb,7,Financial,AT,"MIR – Deposit rate, up to 2 years aggregate (new business)",MIR,M.AT.B.L22.L.R.A.2230.EUR.N,,,M,2003-01
BE_FIN_MIR_DEP_006,ecb,7,Financial,BE,"MIR – Deposit rate, up to 2 years aggregate (new business)",MIR,M.BE.B.L22.L.R.A.2230.EUR.N,,,M,2003-01
CY_FIN_MIR_DEP_006,ecb,7,Financial,CY,"MIR – Deposit rate, up to 2 years aggregate (new business)",MIR,M.CY.B.L22.L.R.A.2230.EUR.N,,,M,2003-01
DE_FIN_MIR_DEP_006,ecb,7,Financial,DE,"MIR – Deposit rate, up to 2 years aggregate (new business)",MIR,M.DE.B.L22.L.R.A.2230.EUR.N,,,M,2003-01
EE_FIN_MIR_DEP_006,ecb,7,Financial,EE,"MIR – Deposit rate, up to 2 years aggregate (new business)",MIR,M.EE.B.L22.L.R.A.2230.EUR.N,,,M,2003-01
ES_FIN_MIR_DEP_006,ecb,7,Financial,ES,"MIR – Deposit rate, up to 2 years aggregate (new business)",MIR,M.ES.B.L22.L.R.A.2230.EUR.N,,,M,2003-01
FI_FIN_MIR_DEP_006,ecb,7,Financial,FI,"MIR – Deposit rate, up to 2 years aggregate (new business)",MIR,M.FI.B.L22.L.R.A.2230.EUR.N,,,M,2003-01
FR_FIN_MIR_DEP_006,ecb,7,Financial,FR,"MIR – Deposit rate, up to 2 years aggregate (new business)",MIR,M.FR.B.L22.L.R.A.2230.EUR.N,,,M,2003-01
GR_FIN_MIR_DEP_006,ecb,7,Financial,GR,"MIR – Deposit rate, up to 2 years aggregate (new business)",MIR,M.GR.B.L22.L.R.A.2230.EUR.N,,,M,2003-01
IE_FIN_MIR_DEP_006,ecb,7,Financial,IE,"MIR – Deposit rate, up to 2 years aggregate (new business)",MIR,M.IE.B.L22.L.R.A.2230.EUR.N,,,M,2003-01
IT_FIN_MIR_DEP_006,ecb,7,Financial,IT,"MIR – Deposit rate, up to 2 years aggregate (new business)",MIR,M.IT.B.L22.L.R.A.2230.EUR.N,,,M,2003-01
LT_FIN_MIR_DEP_006,ecb,7,Financial,LT,"MIR – Deposit rate, up to 2 years aggregate (new business)",MIR,M.LT.B.L22.L.R.A.2230.EUR.N,,,M,2003-01
LU_FIN_MIR_DEP_006,ecb,7,Financial,LU,"MIR – Deposit rate, up to 2 years aggregate (new business)",MIR,M.LU.B.L22.L.R.A.2230.EUR.N,,,M,2003-01
LV_FIN_MIR_DEP_006,ecb,7,Financial,LV,"MIR – Deposit rate, up to 2 years aggregate (new business)",MIR,M.LV.B.L22.L.R.A.2230.EUR.N,,,M,2003-01
MT_FIN_MIR_DEP_006,ecb,7,Financial,MT,"MIR – Deposit rate, up to 2 years aggregate (new business)",MIR,M.MT.B.L22.L.R.A.2230.EUR.N,,,M,2003-01
NL_FIN_MIR_DEP_006,ecb,7,Financial,NL,"MIR – Deposit rate, up to 2 years aggregate (new business)",MIR,M.NL.B.L22.L.R.A.2230.EUR.N,,,M,2003-01
PT_FIN_MIR_DEP_006,ecb,7,Financial,PT,"MIR – Deposit rate, up to 2 years aggregate (new business)",MIR,M.PT.B.L22.L.R.A.2230.EUR.N,,,M,2003-01
SI_FIN_MIR_DEP_006,ecb,7,Financial,SI,"MIR – Deposit rate, up to 2 years aggregate (new business)",MIR,M.SI.B.L22.L.R.A.2230.EUR.N,,,M,2003-01
SK_FIN_MIR_DEP_006,ecb,7,Financial,SK,"MIR – Deposit rate, up to 2 years aggregate (new business)",MIR,M.SK.B.L22.L.R.A.2230.EUR.N,,,M,2003-01
AT_ACT_CARS_001,ecb,4,Activity_indicators,AT,"Car registrations – New passenger cars (SA+WDA, absolute; 2003–2022)",STS,M.AT.Y.CREG.PC0000.3.ABS,,,M,2003-01
BE_ACT_CARS_001,ecb,4,Activity_indicators,BE,"Car registrations – New passenger cars (SA+WDA, absolute; 2003–2022)",STS,M.BE.Y.CREG.PC0000.3.ABS,,,M,2003-01
CY_ACT_CARS_001,ecb,4,Activity_indicators,CY,"Car registrations – New passenger cars (SA+WDA, absolute; 2003–2022)",STS,M.CY.Y.CREG.PC0000.3.ABS,,,M,2003-01
DE_ACT_CARS_001,ecb,4,Activity_indicators,DE,"Car registrations – New passenger cars (SA+WDA, absolute; 2003–2022)",STS,M.DE.Y.CREG.PC0000.3.ABS,,,M,2003-01
EE_ACT_CARS_001,ecb,4,Activity_indicators,EE,"Car registrations – New passenger cars (SA+WDA, absolute; 2003–2022)",STS,M.EE.Y.CREG.PC0000.3.ABS,,,M,2003-01
ES_ACT_CARS_001,ecb,4,Activity_indicators,ES,"Car registrations – New passenger cars (SA+WDA, absolute; 2003–2022)",STS,M.ES.Y.CREG.PC0000.3.ABS,,,M,2003-01
FI_ACT_CARS_001,ecb,4,Activity_indicators,FI,"Car registrations – New passenger cars (SA+WDA, absolute; 2003–2022)",STS,M.FI.Y.CREG.PC0000.3.ABS,,,M,2003-01
FR_ACT_CARS_001,ecb,4,Activity_indicators,FR,"Car registrations – New passenger cars (SA+WDA, absolute; 2003–2022)",STS,M.FR.Y.CREG.PC0000.3.ABS,,,M,2003-01
GR_ACT_CARS_001,ecb,4,Activity_indicators,GR,"Car registrations – New passenger cars (SA+WDA, absolute; 2003–2022)",STS,M.GR.Y.CREG.PC0000.3.ABS,,,M,2003-01
IE_ACT_CARS_001,ecb,4,Activity_indicators,IE,"Car registrations – New passenger cars (SA+WDA, absolute; 2003–2022)",STS,M.IE.Y.CREG.PC0000.3.ABS,,,M,2003-01
IT_ACT_CARS_001,ecb,4,Activity_indicators,IT,"Car registrations – New passenger cars (SA+WDA, absolute; 2003–2022)",STS,M.IT.Y.CREG.PC0000.3.ABS,,,M,2003-01
LT_ACT_CARS_001,ecb,4,Activity_indicators,LT,"Car registrations – New passenger cars (SA+WDA, absolute; 2003–2022)",STS,M.LT.Y.CREG.PC0000.3.ABS,,,M,2003-01
LU_ACT_CARS_001,ecb,4,Activity_indicators,LU,"Car registrations – New passenger cars (SA+WDA, absolute; 2003–2022)",STS,M.LU.Y.CREG.PC0000.3.ABS,,,M,2003-01
LV_ACT_CARS_001,ecb,4,Activity_indicators,LV,"Car registrations – New passenger cars (SA+WDA, absolute; 2003–2022)",STS,M.LV.Y.CREG.PC0000.3.ABS,,,M,2003-01
MT_ACT_CARS_001,ecb,4,Activity_indicators,MT,"Car registrations – New passenger cars (SA+WDA, absolute; 2003–2022)",STS,M.MT.Y.CREG.PC0000.3.ABS,,,M,2003-01
NL_ACT_CARS_001,ecb,4,Activity_indicators,NL,"Car registrations – New passenger cars (SA+WDA, absolute; 2003–2022)",STS,M.NL.Y.CREG.PC0000.3.ABS,,,M,2003-01
PT_ACT_CARS_001,ecb,4,Activity_indicators,PT,"Car registrations – New passenger cars (SA+WDA, absolute; 2003–2022)",STS,M.PT.Y.CREG.PC0000.3.ABS,,,M,2003-01
SI_ACT_CARS_001,ecb,4,Activity_indicators,SI,"Car registrations – New passenger cars (SA+WDA, absolute; 2003–2022)",STS,M.SI.Y.CREG.PC0000.3.ABS,,,M,2003-01
SK_ACT_CARS_001,ecb,4,Activity_indicators,SK,"Car registrations – New passenger cars (SA+WDA, absolute; 2003–2022)",STS,M.SK.Y.CREG.PC0000.3.ABS,,,M,2003-01
AT_ACT_CARS_002,ecb,4,Activity_indicators,AT,"Car registrations – New commercial vehicles (SA+WDA, absolute; 2003–2022)",STS,M.AT.Y.CREG.CV0000.3.ABS,,,M,2003-01
BE_ACT_CARS_002,ecb,4,Activity_indicators,BE,"Car registrations – New commercial vehicles (SA+WDA, absolute; 2003–2022)",STS,M.BE.Y.CREG.CV0000.3.ABS,,,M,2003-01
CY_ACT_CARS_002,ecb,4,Activity_indicators,CY,"Car registrations – New commercial vehicles (SA+WDA, absolute; 2003–2022)",STS,M.CY.Y.CREG.CV0000.3.ABS,,,M,2003-01
DE_ACT_CARS_002,ecb,4,Activity_indicators,DE,"Car registrations – New commercial vehicles (SA+WDA, absolute; 2003–2022)",STS,M.DE.Y.CREG.CV0000.3.ABS,,,M,2003-01
EE_ACT_CARS_002,ecb,4,Activity_indicators,EE,"Car registrations – New commercial vehicles (SA+WDA, absolute; 2003–2022)",STS,M.EE.Y.CREG.CV0000.3.ABS,,,M,2003-01
ES_ACT_CARS_002,ecb,4,Activity_indicators,ES,"Car registrations – New commercial vehicles (SA+WDA, absolute; 2003–2022)",STS,M.ES.Y.CREG.CV0000.3.ABS,,,M,2003-01
FI_ACT_CARS_002,ecb,4,Activity_indicators,FI,"Car registrations – New commercial vehicles (SA+WDA, absolute; 2003–2022)",STS,M.FI.Y.CREG.CV0000.3.ABS,,,M,2003-01
FR_ACT_CARS_002,ecb,4,Activity_indicators,FR,"Car registrations – New commercial vehicles (SA+WDA, absolute; 2003–2022)",STS,M.FR.Y.CREG.CV0000.3.ABS,,,M,2003-01
GR_ACT_CARS_002,ecb,4,Activity_indicators,GR,"Car registrations – New commercial vehicles (SA+WDA, absolute; 2003–2022)",STS,M.GR.Y.CREG.CV0000.3.ABS,,,M,2003-01
IE_ACT_CARS_002,ecb,4,Activity_indicators,IE,"Car registrations – New commercial vehicles (SA+WDA, absolute; 2003–2022)",STS,M.IE.Y.CREG.CV0000.3.ABS,,,M,2003-01
IT_ACT_CARS_002,ecb,4,Activity_indicators,IT,"Car registrations – New commercial vehicles (SA+WDA, absolute; 2003–2022)",STS,M.IT.Y.CREG.CV0000.3.ABS,,,M,2003-01
LT_ACT_CARS_002,ecb,4,Activity_indicators,LT,"Car registrations – New commercial vehicles (SA+WDA, absolute; 2003–2022)",STS,M.LT.Y.CREG.CV0000.3.ABS,,,M,2003-01
LU_ACT_CARS_002,ecb,4,Activity_indicators,LU,"Car registrations – New commercial vehicles (SA+WDA, absolute; 2003–2022)",STS,M.LU.Y.CREG.CV0000.3.ABS,,,M,2003-01
LV_ACT_CARS_002,ecb,4,Activity_indicators,LV,"Car registrations – New commercial vehicles (SA+WDA, absolute; 2003–2022)",STS,M.LV.Y.CREG.CV0000.3.ABS,,,M,2003-01
MT_ACT_CARS_002,ecb,4,Activity_indicators,MT,"Car registrations – New commercial vehicles (SA+WDA, absolute; 2003–2022)",STS,M.MT.Y.CREG.CV0000.3.ABS,,,M,2003-01
NL_ACT_CARS_002,ecb,4,Activity_indicators,NL,"Car registrations – New commercial vehicles (SA+WDA, absolute; 2003–2022)",STS,M.NL.Y.CREG.CV0000.3.ABS,,,M,2003-01
PT_ACT_CARS_002,ecb,4,Activity_indicators,PT,"Car registrations – New commercial vehicles (SA+WDA, absolute; 2003–2022)",STS,M.PT.Y.CREG.CV0000.3.ABS,,,M,2003-01
SI_ACT_CARS_002,ecb,4,Activity_indicators,SI,"Car registrations – New commercial vehicles (SA+WDA, absolute; 2003–2022)",STS,M.SI.Y.CREG.CV0000.3.ABS,,,M,2003-01
SK_ACT_CARS_002,ecb,4,Activity_indicators,SK,"Car registrations – New commercial vehicles (SA+WDA, absolute; 2003–2022)",STS,M.SK.Y.CREG.CV0000.3.ABS,,,M,2003-01
AT_ACT_CARS_003,ecb,4,Activity_indicators,AT,"Car registrations – New heavy commercial vehicles (SA+WDA, absolute; 2003–2022)",STS,M.AT.Y.CREG.CVH000.3.ABS,,,M,2003-01
BE_ACT_CARS_003,ecb,4,Activity_indicators,BE,"Car registrations – New heavy commercial vehicles (SA+WDA, absolute; 2003–2022)",STS,M.BE.Y.CREG.CVH000.3.ABS,,,M,2003-01
CY_ACT_CARS_003,ecb,4,Activity_indicators,CY,"Car registrations – New heavy commercial vehicles (SA+WDA, absolute; 2003–2022)",STS,M.CY.Y.CREG.CVH000.3.ABS,,,M,2003-01
DE_ACT_CARS_003,ecb,4,Activity_indicators,DE,"Car registrations – New heavy commercial vehicles (SA+WDA, absolute; 2003–2022)",STS,M.DE.Y.CREG.CVH000.3.ABS,,,M,2003-01
EE_ACT_CARS_003,ecb,4,Activity_indicators,EE,"Car registrations – New heavy commercial vehicles (SA+WDA, absolute; 2003–2022)",STS,M.EE.Y.CREG.CVH000.3.ABS,,,M,2003-01
ES_ACT_CARS_003,ecb,4,Activity_indicators,ES,"Car registrations – New heavy commercial vehicles (SA+WDA, absolute; 2003–2022)",STS,M.ES.Y.CREG.CVH000.3.ABS,,,M,2003-01
FI_ACT_CARS_003,ecb,4,Activity_indicators,FI,"Car registrations – New heavy commercial vehicles (SA+WDA, absolute; 2003–2022)",STS,M.FI.Y.CREG.CVH000.3.ABS,,,M,2003-01
FR_ACT_CARS_003,ecb,4,Activity_indicators,FR,"Car registrations – New heavy commercial vehicles (SA+WDA, absolute; 2003–2022)",STS,M.FR.Y.CREG.CVH000.3.ABS,,,M,2003-01
GR_ACT_CARS_003,ecb,4,Activity_indicators,GR,"Car registrations – New heavy commercial vehicles (SA+WDA, absolute; 2003–2022)",STS,M.GR.Y.CREG.CVH000.3.ABS,,,M,2003-01
IE_ACT_CARS_003,ecb,4,Activity_indicators,IE,"Car registrations – New heavy commercial vehicles (SA+WDA, absolute; 2003–2022)",STS,M.IE.Y.CREG.CVH000.3.ABS,,,M,2003-01
IT_ACT_CARS_003,ecb,4,Activity_indicators,IT,"Car registrations – New heavy commercial vehicles (SA+WDA, absolute; 2003–2022)",STS,M.IT.Y.CREG.CVH000.3.ABS,,,M,2003-01
LT_ACT_CARS_003,ecb,4,Activity_indicators,LT,"Car registrations – New heavy commercial vehicles (SA+WDA, absolute; 2003–2022)",STS,M.LT.Y.CREG.CVH000.3.ABS,,,M,2003-01
LU_ACT_CARS_003,ecb,4,Activity_indicators,LU,"Car registrations – New heavy commercial vehicles (SA+WDA, absolute; 2003–2022)",STS,M.LU.Y.CREG.CVH000.3.ABS,,,M,2003-01
LV_ACT_CARS_003,ecb,4,Activity_indicators,LV,"Car registrations – New heavy commercial vehicles (SA+WDA, absolute; 2003–2022)",STS,M.LV.Y.CREG.CVH000.3.ABS,,,M,2003-01
MT_ACT_CARS_003,ecb,4,Activity_indicators,MT,"Car registrations – New heavy commercial vehicles (SA+WDA, absolute; 2003–2022)",STS,M.MT.Y.CREG.CVH000.3.ABS,,,M,2003-01
NL_ACT_CARS_003,ecb,4,Activity_indicators,NL,"Car registrations – New heavy commercial vehicles (SA+WDA, absolute; 2003–2022)",STS,M.NL.Y.CREG.CVH000.3.ABS,,,M,2003-01
PT_ACT_CARS_003,ecb,4,Activity_indicators,PT,"Car registrations – New heavy commercial vehicles (SA+WDA, absolute; 2003–2022)",STS,M.PT.Y.CREG.CVH000.3.ABS,,,M,2003-01
SI_ACT_CARS_003,ecb,4,Activity_indicators,SI,"Car registrations – New heavy commercial vehicles (SA+WDA, absolute; 2003–2022)",STS,M.SI.Y.CREG.CVH000.3.ABS,,,M,2003-01
SK_ACT_CARS_003,ecb,4,Activity_indicators,SK,"Car registrations – New heavy commercial vehicles (SA+WDA, absolute; 2003–2022)",STS,M.SK.Y.CREG.CVH000.3.ABS,,,M,2003-01
AT_ACT_CARS_004,ecb,4,Activity_indicators,AT,"Car registrations – New light commercial vehicles (SA+WDA, absolute; 2003–2022)",STS,M.AT.Y.CREG.CVL000.3.ABS,,,M,2003-01
BE_ACT_CARS_004,ecb,4,Activity_indicators,BE,"Car registrations – New light commercial vehicles (SA+WDA, absolute; 2003–2022)",STS,M.BE.Y.CREG.CVL000.3.ABS,,,M,2003-01
CY_ACT_CARS_004,ecb,4,Activity_indicators,CY,"Car registrations – New light commercial vehicles (SA+WDA, absolute; 2003–2022)",STS,M.CY.Y.CREG.CVL000.3.ABS,,,M,2003-01
DE_ACT_CARS_004,ecb,4,Activity_indicators,DE,"Car registrations – New light commercial vehicles (SA+WDA, absolute; 2003–2022)",STS,M.DE.Y.CREG.CVL000.3.ABS,,,M,2003-01
EE_ACT_CARS_004,ecb,4,Activity_indicators,EE,"Car registrations – New light commercial vehicles (SA+WDA, absolute; 2003–2022)",STS,M.EE.Y.CREG.CVL000.3.ABS,,,M,2003-01
ES_ACT_CARS_004,ecb,4,Activity_indicators,ES,"Car registrations – New light commercial vehicles (SA+WDA, absolute; 2003–2022)",STS,M.ES.Y.CREG.CVL000.3.ABS,,,M,2003-01
FI_ACT_CARS_004,ecb,4,Activity_indicators,FI,"Car registrations – New light commercial vehicles (SA+WDA, absolute; 2003–2022)",STS,M.FI.Y.CREG.CVL000.3.ABS,,,M,2003-01
FR_ACT_CARS_004,ecb,4,Activity_indicators,FR,"Car registrations – New light commercial vehicles (SA+WDA, absolute; 2003–2022)",STS,M.FR.Y.CREG.CVL000.3.ABS,,,M,2003-01
GR_ACT_CARS_004,ecb,4,Activity_indicators,GR,"Car registrations – New light commercial vehicles (SA+WDA, absolute; 2003–2022)",STS,M.GR.Y.CREG.CVL000.3.ABS,,,M,2003-01
IE_ACT_CARS_004,ecb,4,Activity_indicators,IE,"Car registrations – New light commercial vehicles (SA+WDA, absolute; 2003–2022)",STS,M.IE.Y.CREG.CVL000.3.ABS,,,M,2003-01
IT_ACT_CARS_004,ecb,4,Activity_indicators,IT,"Car registrations – New light commercial vehicles (SA+WDA, absolute; 2003–2022)",STS,M.IT.Y.CREG.CVL000.3.ABS,,,M,2003-01
LT_ACT_CARS_004,ecb,4,Activity_indicators,LT,"Car registrations – New light commercial vehicles (SA+WDA, absolute; 2003–2022)",STS,M.LT.Y.CREG.CVL000.3.ABS,,,M,2003-01
LU_ACT_CARS_004,ecb,4,Activity_indicators,LU,"Car registrations – New light commercial vehicles (SA+WDA, absolute; 2003–2022)",STS,M.LU.Y.CREG.CVL000.3.ABS,,,M,2003-01
LV_ACT_CARS_004,ecb,4,Activity_indicators,LV,"Car registrations – New light commercial vehicles (SA+WDA, absolute; 2003–2022)",STS,M.LV.Y.CREG.CVL000.3.ABS,,,M,2003-01
MT_ACT_CARS_004,ecb,4,Activity_indicators,MT,"Car registrations – New light commercial vehicles (SA+WDA, absolute; 2003–2022)",STS,M.MT.Y.CREG.CVL000.3.ABS,,,M,2003-01
NL_ACT_CARS_004,ecb,4,Activity_indicators,NL,"Car registrations – New light commercial vehicles (SA+WDA, absolute; 2003–2022)",STS,M.NL.Y.CREG.CVL000.3.ABS,,,M,2003-01
PT_ACT_CARS_004,ecb,4,Activity_indicators,PT,"Car registrations – New light commercial vehicles (SA+WDA, absolute; 2003–2022)",STS,M.PT.Y.CREG.CVL000.3.ABS,,,M,2003-01
SI_ACT_CARS_004,ecb,4,Activity_indicators,SI,"Car registrations – New light commercial vehicles (SA+WDA, absolute; 2003–2022)",STS,M.SI.Y.CREG.CVL000.3.ABS,,,M,2003-01
SK_ACT_CARS_004,ecb,4,Activity_indicators,SK,"Car registrations – New light commercial vehicles (SA+WDA, absolute; 2003–2022)",STS,M.SK.Y.CREG.CVL000.3.ABS,,,M,2003-01
AT_OECD_SENT_001,oecd,6,Sentiment,AT,BTS Construction confidence indicator,"OECD.SDD.STES,DSD_STES@DF_BTS,4.0",AUT.M.BCICP.PB.F.Y._Z._Z.N,,,M,2003-01
BE_OECD_SENT_001,oecd,6,Sentiment,BE,BTS Construction confidence indicator,"OECD.SDD.STES,DSD_STES@DF_BTS,4.0",BEL.M.BCICP.PB.F.Y._Z._Z.N,,,M,2003-01
CY_OECD_SENT_001,oecd,6,Sentiment,CY,BTS Construction confidence indicator,"OECD.SDD.STES,DSD_STES@DF_BTS,4.0",CYP.M.BCICP.PB.F.Y._Z._Z.N,,,M,2003-01
DE_OECD_SENT_001,oecd,6,Sentiment,DE,BTS Construction confidence indicator,"OECD.SDD.STES,DSD_STES@DF_BTS,4.0",DEU.M.BCICP.PB.F.Y._Z._Z.N,,,M,2003-01
EE_OECD_SENT_001,oecd,6,Sentiment,EE,BTS Construction confidence indicator,"OECD.SDD.STES,DSD_STES@DF_BTS,4.0",EST.M.BCICP.PB.F.Y._Z._Z.N,,,M,2003-01
ES_OECD_SENT_001,oecd,6,Sentiment,ES,BTS Construction confidence indicator,"OECD.SDD.STES,DSD_STES@DF_BTS,4.0",ESP.M.BCICP.PB.F.Y._Z._Z.N,,,M,2003-01
FI_OECD_SENT_001,oecd,6,Sentiment,FI,BTS Construction confidence indicator,"OECD.SDD.STES,DSD_STES@DF_BTS,4.0",FIN.M.BCICP.PB.F.Y._Z._Z.N,,,M,2003-01
FR_OECD_SENT_001,oecd,6,Sentiment,FR,BTS Construction confidence indicator,"OECD.SDD.STES,DSD_STES@DF_BTS,4.0",FRA.M.BCICP.PB.F.Y._Z._Z.N,,,M,2003-01
GR_OECD_SENT_001,oecd,6,Sentiment,GR,BTS Construction confidence indicator,"OECD.SDD.STES,DSD_STES@DF_BTS,4.0",GRC.M.BCICP.PB.F.Y._Z._Z.N,,,M,2003-01
IE_OECD_SENT_001,oecd,6,Sentiment,IE,BTS Construction confidence indicator,"OECD.SDD.STES,DSD_STES@DF_BTS,4.0",IRL.M.BCICP.PB.F.Y._Z._Z.N,,,M,2003-01
IT_OECD_SENT_001,oecd,6,Sentiment,IT,BTS Construction confidence indicator,"OECD.SDD.STES,DSD_STES@DF_BTS,4.0",ITA.M.BCICP.PB.F.Y._Z._Z.N,,,M,2003-01
LT_OECD_SENT_001,oecd,6,Sentiment,LT,BTS Construction confidence indicator,"OECD.SDD.STES,DSD_STES@DF_BTS,4.0",LTU.M.BCICP.PB.F.Y._Z._Z.N,,,M,2003-01
LU_OECD_SENT_001,oecd,6,Sentiment,LU,BTS Construction confidence indicator,"OECD.SDD.STES,DSD_STES@DF_BTS,4.0",LUX.M.BCICP.PB.F.Y._Z._Z.N,,,M,2003-01
LV_OECD_SENT_001,oecd,6,Sentiment,LV,BTS Construction confidence indicator,"OECD.SDD.STES,DSD_STES@DF_BTS,4.0",LVA.M.BCICP.PB.F.Y._Z._Z.N,,,M,2003-01
MT_OECD_SENT_001,oecd,6,Sentiment,MT,BTS Construction confidence indicator,"OECD.SDD.STES,DSD_STES@DF_BTS,4.0",MLT.M.BCICP.PB.F.Y._Z._Z.N,,,M,2003-01
NL_OECD_SENT_001,oecd,6,Sentiment,NL,BTS Construction confidence indicator,"OECD.SDD.STES,DSD_STES@DF_BTS,4.0",NLD.M.BCICP.PB.F.Y._Z._Z.N,,,M,2003-01
PT_OECD_SENT_001,oecd,6,Sentiment,PT,BTS Construction confidence indicator,"OECD.SDD.STES,DSD_STES@DF_BTS,4.0",PRT.M.BCICP.PB.F.Y._Z._Z.N,,,M,2003-01
SI_OECD_SENT_001,oecd,6,Sentiment,SI,BTS Construction confidence indicator,"OECD.SDD.STES,DSD_STES@DF_BTS,4.0",SVN.M.BCICP.PB.F.Y._Z._Z.N,,,M,2003-01
SK_OECD_SENT_001,oecd,6,Sentiment,SK,BTS Construction confidence indicator,"OECD.SDD.STES,DSD_STES@DF_BTS,4.0",SVK.M.BCICP.PB.F.Y._Z._Z.N,,,M,2003-01
AT_OECD_SENT_002,oecd,6,Sentiment,AT,BTS Retail trade confidence indicator,"OECD.SDD.STES,DSD_STES@DF_BTS,4.0",AUT.M.BCICP.PB.G47.Y._Z._Z.N,,,M,2003-01
BE_OECD_SENT_002,oecd,6,Sentiment,BE,BTS Retail trade confidence indicator,"OECD.SDD.STES,DSD_STES@DF_BTS,4.0",BEL.M.BCICP.PB.G47.Y._Z._Z.N,,,M,2003-01
CY_OECD_SENT_002,oecd,6,Sentiment,CY,BTS Retail trade confidence indicator,"OECD.SDD.STES,DSD_STES@DF_BTS,4.0",CYP.M.BCICP.PB.G47.Y._Z._Z.N,,,M,2003-01
DE_OECD_SENT_002,oecd,6,Sentiment,DE,BTS Retail trade confidence indicator,"OECD.SDD.STES,DSD_STES@DF_BTS,4.0",DEU.M.BCICP.PB.G47.Y._Z._Z.N,,,M,2003-01
EE_OECD_SENT_002,oecd,6,Sentiment,EE,BTS Retail trade confidence indicator,"OECD.SDD.STES,DSD_STES@DF_BTS,4.0",EST.M.BCICP.PB.G47.Y._Z._Z.N,,,M,2003-01
ES_OECD_SENT_002,oecd,6,Sentiment,ES,BTS Retail trade confidence indicator,"OECD.SDD.STES,DSD_STES@DF_BTS,4.0",ESP.M.BCICP.PB.G47.Y._Z._Z.N,,,M,2003-01
FI_OECD_SENT_002,oecd,6,Sentiment,FI,BTS Retail trade confidence indicator,"OECD.SDD.STES,DSD_STES@DF_BTS,4.0",FIN.M.BCICP.PB.G47.Y._Z._Z.N,,,M,2003-01
FR_OECD_SENT_002,oecd,6,Sentiment,FR,BTS Retail trade confidence indicator,"OECD.SDD.STES,DSD_STES@DF_BTS,4.0",FRA.M.BCICP.PB.G47.Y._Z._Z.N,,,M,2003-01
GR_OECD_SENT_002,oecd,6,Sentiment,GR,BTS Retail trade confidence indicator,"OECD.SDD.STES,DSD_STES@DF_BTS,4.0",GRC.M.BCICP.PB.G47.Y._Z._Z.N,,,M,2003-01
IE_OECD_SENT_002,oecd,6,Sentiment,IE,BTS Retail trade confidence indicator,"OECD.SDD.STES,DSD_STES@DF_BTS,4.0",IRL.M.BCICP.PB.G47.Y._Z._Z.N,,,M,2003-01
IT_OECD_SENT_002,oecd,6,Sentiment,IT,BTS Retail trade confidence indicator,"OECD.SDD.STES,DSD_STES@DF_BTS,4.0",ITA.M.BCICP.PB.G47.Y._Z._Z.N,,,M,2003-01
LT_OECD_SENT_002,oecd,6,Sentiment,LT,BTS Retail trade confidence indicator,"OECD.SDD.STES,DSD_STES@DF_BTS,4.0",LTU.M.BCICP.PB.G47.Y._Z._Z.N,,,M,2003-01
LU_OECD_SENT_002,oecd,6,Sentiment,LU,BTS Retail trade confidence indicator,"OECD.SDD.STES,DSD_STES@DF_BTS,4.0",LUX.M.BCICP.PB.G47.Y._Z._Z.N,,,M,2003-01
LV_OECD_SENT_002,oecd,6,Sentiment,LV,BTS Retail trade confidence indicator,"OECD.SDD.STES,DSD_STES@DF_BTS,4.0",LVA.M.BCICP.PB.G47.Y._Z._Z.N,,,M,2003-01
MT_OECD_SENT_002,oecd,6,Sentiment,MT,BTS Retail trade confidence indicator,"OECD.SDD.STES,DSD_STES@DF_BTS,4.0",MLT.M.BCICP.PB.G47.Y._Z._Z.N,,,M,2003-01
NL_OECD_SENT_002,oecd,6,Sentiment,NL,BTS Retail trade confidence indicator,"OECD.SDD.STES,DSD_STES@DF_BTS,4.0",NLD.M.BCICP.PB.G47.Y._Z._Z.N,,,M,2003-01
PT_OECD_SENT_002,oecd,6,Sentiment,PT,BTS Retail trade confidence indicator,"OECD.SDD.STES,DSD_STES@DF_BTS,4.0",PRT.M.BCICP.PB.G47.Y._Z._Z.N,,,M,2003-01
SI_OECD_SENT_002,oecd,6,Sentiment,SI,BTS Retail trade confidence indicator,"OECD.SDD.STES,DSD_STES@DF_BTS,4.0",SVN.M.BCICP.PB.G47.Y._Z._Z.N,,,M,2003-01
SK_OECD_SENT_002,oecd,6,Sentiment,SK,BTS Retail trade confidence indicator,"OECD.SDD.STES,DSD_STES@DF_BTS,4.0",SVK.M.BCICP.PB.G47.Y._Z._Z.N,,,M,2003-01
AT_OECD_SENT_003,oecd,6,Sentiment,AT,BTS Manufacturing confidence indicator,"OECD.SDD.STES,DSD_STES@DF_BTS,4.0",AUT.M.BCICP.PB.C.Y._Z._Z.N,,,M,2003-01
BE_OECD_SENT_003,oecd,6,Sentiment,BE,BTS Manufacturing confidence indicator,"OECD.SDD.STES,DSD_STES@DF_BTS,4.0",BEL.M.BCICP.PB.C.Y._Z._Z.N,,,M,2003-01
CY_OECD_SENT_003,oecd,6,Sentiment,CY,BTS Manufacturing confidence indicator,"OECD.SDD.STES,DSD_STES@DF_BTS,4.0",CYP.M.BCICP.PB.C.Y._Z._Z.N,,,M,2003-01
DE_OECD_SENT_003,oecd,6,Sentiment,DE,BTS Manufacturing confidence indicator,"OECD.SDD.STES,DSD_STES@DF_BTS,4.0",DEU.M.BCICP.PB.C.Y._Z._Z.N,,,M,2003-01
EE_OECD_SENT_003,oecd,6,Sentiment,EE,BTS Manufacturing confidence indicator,"OECD.SDD.STES,DSD_STES@DF_BTS,4.0",EST.M.BCICP.PB.C.Y._Z._Z.N,,,M,2003-01
ES_OECD_SENT_003,oecd,6,Sentiment,ES,BTS Manufacturing confidence indicator,"OECD.SDD.STES,DSD_STES@DF_BTS,4.0",ESP.M.BCICP.PB.C.Y._Z._Z.N,,,M,2003-01
FI_OECD_SENT_003,oecd,6,Sentiment,FI,BTS Manufacturing confidence indicator,"OECD.SDD.STES,DSD_STES@DF_BTS,4.0",FIN.M.BCICP.PB.C.Y._Z._Z.N,,,M,2003-01
FR_OECD_SENT_003,oecd,6,Sentiment,FR,BTS Manufacturing confidence indicator,"OECD.SDD.STES,DSD_STES@DF_BTS,4.0",FRA.M.BCICP.PB.C.Y._Z._Z.N,,,M,2003-01
GR_OECD_SENT_003,oecd,6,Sentiment,GR,BTS Manufacturing confidence indicator,"OECD.SDD.STES,DSD_STES@DF_BTS,4.0",GRC.M.BCICP.PB.C.Y._Z._Z.N,,,M,2003-01
IE_OECD_SENT_003,oecd,6,Sentiment,IE,BTS Manufacturing confidence indicator,"OECD.SDD.STES,DSD_STES@DF_BTS,4.0",IRL.M.BCICP.PB.C.Y._Z._Z.N,,,M,2003-01
IT_OECD_SENT_003,oecd,6,Sentiment,IT,BTS Manufacturing confidence indicator,"OECD.SDD.STES,DSD_STES@DF_BTS,4.0",ITA.M.BCICP.PB.C.Y._Z._Z.N,,,M,2003-01
LT_OECD_SENT_003,oecd,6,Sentiment,LT,BTS Manufacturing confidence indicator,"OECD.SDD.STES,DSD_STES@DF_BTS,4.0",LTU.M.BCICP.PB.C.Y._Z._Z.N,,,M,2003-01
LU_OECD_SENT_003,oecd,6,Sentiment,LU,BTS Manufacturing confidence indicator,"OECD.SDD.STES,DSD_STES@DF_BTS,4.0",LUX.M.BCICP.PB.C.Y._Z._Z.N,,,M,2003-01
LV_OECD_SENT_003,oecd,6,Sentiment,LV,BTS Manufacturing confidence indicator,"OECD.SDD.STES,DSD_STES@DF_BTS,4.0",LVA.M.BCICP.PB.C.Y._Z._Z.N,,,M,2003-01
MT_OECD_SENT_003,oecd,6,Sentiment,MT,BTS Manufacturing confidence indicator,"OECD.SDD.STES,DSD_STES@DF_BTS,4.0",MLT.M.BCICP.PB.C.Y._Z._Z.N,,,M,2003-01
NL_OECD_SENT_003,oecd,6,Sentiment,NL,BTS Manufacturing confidence indicator,"OECD.SDD.STES,DSD_STES@DF_BTS,4.0",NLD.M.BCICP.PB.C.Y._Z._Z.N,,,M,2003-01
PT_OECD_SENT_003,oecd,6,Sentiment,PT,BTS Manufacturing confidence indicator,"OECD.SDD.STES,DSD_STES@DF_BTS,4.0",PRT.M.BCICP.PB.C.Y._Z._Z.N,,,M,2003-01
SI_OECD_SENT_003,oecd,6,Sentiment,SI,BTS Manufacturing confidence indicator,"OECD.SDD.STES,DSD_STES@DF_BTS,4.0",SVN.M.BCICP.PB.C.Y._Z._Z.N,,,M,2003-01
SK_OECD_SENT_003,oecd,6,Sentiment,SK,BTS Manufacturing confidence indicator,"OECD.SDD.STES,DSD_STES@DF_BTS,4.0",SVK.M.BCICP.PB.C.Y._Z._Z.N,,,M,2003-01
AT_OECD_SENT_004,oecd,6,Sentiment,AT,BTS Services confidence indicator,"OECD.SDD.STES,DSD_STES@DF_BTS,4.0",AUT.M.BCICP.PB.GTU.Y._Z._Z.N,,,M,2003-01
BE_OECD_SENT_004,oecd,6,Sentiment,BE,BTS Services confidence indicator,"OECD.SDD.STES,DSD_STES@DF_BTS,4.0",BEL.M.BCICP.PB.GTU.Y._Z._Z.N,,,M,2003-01
CY_OECD_SENT_004,oecd,6,Sentiment,CY,BTS Services confidence indicator,"OECD.SDD.STES,DSD_STES@DF_BTS,4.0",CYP.M.BCICP.PB.GTU.Y._Z._Z.N,,,M,2003-01
DE_OECD_SENT_004,oecd,6,Sentiment,DE,BTS Services confidence indicator,"OECD.SDD.STES,DSD_STES@DF_BTS,4.0",DEU.M.BCICP.PB.GTU.Y._Z._Z.N,,,M,2003-01
EE_OECD_SENT_004,oecd,6,Sentiment,EE,BTS Services confidence indicator,"OECD.SDD.STES,DSD_STES@DF_BTS,4.0",EST.M.BCICP.PB.GTU.Y._Z._Z.N,,,M,2003-01
ES_OECD_SENT_004,oecd,6,Sentiment,ES,BTS Services confidence indicator,"OECD.SDD.STES,DSD_STES@DF_BTS,4.0",ESP.M.BCICP.PB.GTU.Y._Z._Z.N,,,M,2003-01
FI_OECD_SENT_004,oecd,6,Sentiment,FI,BTS Services confidence indicator,"OECD.SDD.STES,DSD_STES@DF_BTS,4.0",FIN.M.BCICP.PB.GTU.Y._Z._Z.N,,,M,2003-01
FR_OECD_SENT_004,oecd,6,Sentiment,FR,BTS Services confidence indicator,"OECD.SDD.STES,DSD_STES@DF_BTS,4.0",FRA.M.BCICP.PB.GTU.Y._Z._Z.N,,,M,2003-01
GR_OECD_SENT_004,oecd,6,Sentiment,GR,BTS Services confidence indicator,"OECD.SDD.STES,DSD_STES@DF_BTS,4.0",GRC.M.BCICP.PB.GTU.Y._Z._Z.N,,,M,2003-01
IE_OECD_SENT_004,oecd,6,Sentiment,IE,BTS Services confidence indicator,"OECD.SDD.STES,DSD_STES@DF_BTS,4.0",IRL.M.BCICP.PB.GTU.Y._Z._Z.N,,,M,2003-01
IT_OECD_SENT_004,oecd,6,Sentiment,IT,BTS Services confidence indicator,"OECD.SDD.STES,DSD_STES@DF_BTS,4.0",ITA.M.BCICP.PB.GTU.Y._Z._Z.N,,,M,2003-01
LT_OECD_SENT_004,oecd,6,Sentiment,LT,BTS Services confidence indicator,"OECD.SDD.STES,DSD_STES@DF_BTS,4.0",LTU.M.BCICP.PB.GTU.Y._Z._Z.N,,,M,2003-01
LU_OECD_SENT_004,oecd,6,Sentiment,LU,BTS Services confidence indicator,"OECD.SDD.STES,DSD_STES@DF_BTS,4.0",LUX.M.BCICP.PB.GTU.Y._Z._Z.N,,,M,2003-01
LV_OECD_SENT_004,oecd,6,Sentiment,LV,BTS Services confidence indicator,"OECD.SDD.STES,DSD_STES@DF_BTS,4.0",LVA.M.BCICP.PB.GTU.Y._Z._Z.N,,,M,2003-01
MT_OECD_SENT_004,oecd,6,Sentiment,MT,BTS Services confidence indicator,"OECD.SDD.STES,DSD_STES@DF_BTS,4.0",MLT.M.BCICP.PB.GTU.Y._Z._Z.N,,,M,2003-01
NL_OECD_SENT_004,oecd,6,Sentiment,NL,BTS Services confidence indicator,"OECD.SDD.STES,DSD_STES@DF_BTS,4.0",NLD.M.BCICP.PB.GTU.Y._Z._Z.N,,,M,2003-01
PT_OECD_SENT_004,oecd,6,Sentiment,PT,BTS Services confidence indicator,"OECD.SDD.STES,DSD_STES@DF_BTS,4.0",PRT.M.BCICP.PB.GTU.Y._Z._Z.N,,,M,2003-01
SI_OECD_SENT_004,oecd,6,Sentiment,SI,BTS Services confidence indicator,"OECD.SDD.STES,DSD_STES@DF_BTS,4.0",SVN.M.BCICP.PB.GTU.Y._Z._Z.N,,,M,2003-01
SK_OECD_SENT_004,oecd,6,Sentiment,SK,BTS Services confidence indicator,"OECD.SDD.STES,DSD_STES@DF_BTS,4.0",SVK.M.BCICP.PB.GTU.Y._Z._Z.N,,,M,2003-01
AT_OECD_SENT_005,oecd,6,Sentiment,AT,Consumer confidence indicator,"OECD.SDD.STES,DSD_STES@DF_CS,4.0",AUT.M.CCICP.PB._Z.Y._Z._Z.N,,,M,2003-01
BE_OECD_SENT_005,oecd,6,Sentiment,BE,Consumer confidence indicator,"OECD.SDD.STES,DSD_STES@DF_CS,4.0",BEL.M.CCICP.PB._Z.Y._Z._Z.N,,,M,2003-01
CY_OECD_SENT_005,oecd,6,Sentiment,CY,Consumer confidence indicator,"OECD.SDD.STES,DSD_STES@DF_CS,4.0",CYP.M.CCICP.PB._Z.Y._Z._Z.N,,,M,2003-01
DE_OECD_SENT_005,oecd,6,Sentiment,DE,Consumer confidence indicator,"OECD.SDD.STES,DSD_STES@DF_CS,4.0",DEU.M.CCICP.PB._Z.Y._Z._Z.N,,,M,2003-01
EE_OECD_SENT_005,oecd,6,Sentiment,EE,Consumer confidence indicator,"OECD.SDD.STES,DSD_STES@DF_CS,4.0",EST.M.CCICP.PB._Z.Y._Z._Z.N,,,M,2003-01
ES_OECD_SENT_005,oecd,6,Sentiment,ES,Consumer confidence indicator,"OECD.SDD.STES,DSD_STES@DF_CS,4.0",ESP.M.CCICP.PB._Z.Y._Z._Z.N,,,M,2003-01
FI_OECD_SENT_005,oecd,6,Sentiment,FI,Consumer confidence indicator,"OECD.SDD.STES,DSD_STES@DF_CS,4.0",FIN.M.CCICP.PB._Z.Y._Z._Z.N,,,M,2003-01
FR_OECD_SENT_005,oecd,6,Sentiment,FR,Consumer confidence indicator,"OECD.SDD.STES,DSD_STES@DF_CS,4.0",FRA.M.CCICP.PB._Z.Y._Z._Z.N,,,M,2003-01
GR_OECD_SENT_005,oecd,6,Sentiment,GR,Consumer confidence indicator,"OECD.SDD.STES,DSD_STES@DF_CS,4.0",GRC.M.CCICP.PB._Z.Y._Z._Z.N,,,M,2003-01
IE_OECD_SENT_005,oecd,6,Sentiment,IE,Consumer confidence indicator,"OECD.SDD.STES,DSD_STES@DF_CS,4.0",IRL.M.CCICP.PB._Z.Y._Z._Z.N,,,M,2003-01
IT_OECD_SENT_005,oecd,6,Sentiment,IT,Consumer confidence indicator,"OECD.SDD.STES,DSD_STES@DF_CS,4.0",ITA.M.CCICP.PB._Z.Y._Z._Z.N,,,M,2003-01
LT_OECD_SENT_005,oecd,6,Sentiment,LT,Consumer confidence indicator,"OECD.SDD.STES,DSD_STES@DF_CS,4.0",LTU.M.CCICP.PB._Z.Y._Z._Z.N,,,M,2003-01
LU_OECD_SENT_005,oecd,6,Sentiment,LU,Consumer confidence indicator,"OECD.SDD.STES,DSD_STES@DF_CS,4.0",LUX.M.CCICP.PB._Z.Y._Z._Z.N,,,M,2003-01
LV_OECD_SENT_005,oecd,6,Sentiment,LV,Consumer confidence indicator,"OECD.SDD.STES,DSD_STES@DF_CS,4.0",LVA.M.CCICP.PB._Z.Y._Z._Z.N,,,M,2003-01
MT_OECD_SENT_005,oecd,6,Sentiment,MT,Consumer confidence indicator,"OECD.SDD.STES,DSD_STES@DF_CS,4.0",MLT.M.CCICP.PB._Z.Y._Z._Z.N,,,M,2003-01
NL_OECD_SENT_005,oecd,6,Sentiment,NL,Consumer confidence indicator,"OECD.SDD.STES,DSD_STES@DF_CS,4.0",NLD.M.CCICP.PB._Z.Y._Z._Z.N,,,M,2003-01
PT_OECD_SENT_005,oecd,6,Sentiment,PT,Consumer confidence indicator,"OECD.SDD.STES,DSD_STES@DF_CS,4.0",PRT.M.CCICP.PB._Z.Y._Z._Z.N,,,M,2003-01
SI_OECD_SENT_005,oecd,6,Sentiment,SI,Consumer confidence indicator,"OECD.SDD.STES,DSD_STES@DF_CS,4.0",SVN.M.CCICP.PB._Z.Y._Z._Z.N,,,M,2003-01
SK_OECD_SENT_005,oecd,6,Sentiment,SK,Consumer confidence indicator,"OECD.SDD.STES,DSD_STES@DF_CS,4.0",SVK.M.CCICP.PB._Z.Y._Z._Z.N,,,M,2003-01
AT_OECD_SENT_006,oecd,6,Sentiment,AT,CLI component: CS confidence indicator (normalised),"OECD.SDD.STES,DSD_STES@DF_CLI,4.1",AUT.M.LOCOCI.IX._Z.NOR.IX._Z.H,,,M,2003-01
BE_OECD_SENT_006,oecd,6,Sentiment,BE,CLI component: CS confidence indicator (normalised),"OECD.SDD.STES,DSD_STES@DF_CLI,4.1",BEL.M.LOCOCI.IX._Z.NOR.IX._Z.H,,,M,2003-01
CY_OECD_SENT_006,oecd,6,Sentiment,CY,CLI component: CS confidence indicator (normalised),"OECD.SDD.STES,DSD_STES@DF_CLI,4.1",CYP.M.LOCOCI.IX._Z.NOR.IX._Z.H,,,M,2003-01
DE_OECD_SENT_006,oecd,6,Sentiment,DE,CLI component: CS confidence indicator (normalised),"OECD.SDD.STES,DSD_STES@DF_CLI,4.1",DEU.M.LOCOCI.IX._Z.NOR.IX._Z.H,,,M,2003-01
EE_OECD_SENT_006,oecd,6,Sentiment,EE,CLI component: CS confidence indicator (normalised),"OECD.SDD.STES,DSD_STES@DF_CLI,4.1",EST.M.LOCOCI.IX._Z.NOR.IX._Z.H,,,M,2003-01
ES_OECD_SENT_006,oecd,6,Sentiment,ES,CLI component: CS confidence indicator (normalised),"OECD.SDD.STES,DSD_STES@DF_CLI,4.1",ESP.M.LOCOCI.IX._Z.NOR.IX._Z.H,,,M,2003-01
FI_OECD_SENT_006,oecd,6,Sentiment,FI,CLI component: CS confidence indicator (normalised),"OECD.SDD.STES,DSD_STES@DF_CLI,4.1",FIN.M.LOCOCI.IX._Z.NOR.IX._Z.H,,,M,2003-01
FR_OECD_SENT_006,oecd,6,Sentiment,FR,CLI component: CS confidence indicator (normalised),"OECD.SDD.STES,DSD_STES@DF_CLI,4.1",FRA.M.LOCOCI.IX._Z.NOR.IX._Z.H,,,M,2003-01
GR_OECD_SENT_006,oecd,6,Sentiment,GR,CLI component: CS confidence indicator (normalised),"OECD.SDD.STES,DSD_STES@DF_CLI,4.1",GRC.M.LOCOCI.IX._Z.NOR.IX._Z.H,,,M,2003-01
IE_OECD_SENT_006,oecd,6,Sentiment,IE,CLI component: CS confidence indicator (normalised),"OECD.SDD.STES,DSD_STES@DF_CLI,4.1",IRL.M.LOCOCI.IX._Z.NOR.IX._Z.H,,,M,2003-01
IT_OECD_SENT_006,oecd,6,Sentiment,IT,CLI component: CS confidence indicator (normalised),"OECD.SDD.STES,DSD_STES@DF_CLI,4.1",ITA.M.LOCOCI.IX._Z.NOR.IX._Z.H,,,M,2003-01
LT_OECD_SENT_006,oecd,6,Sentiment,LT,CLI component: CS confidence indicator (normalised),"OECD.SDD.STES,DSD_STES@DF_CLI,4.1",LTU.M.LOCOCI.IX._Z.NOR.IX._Z.H,,,M,2003-01
LU_OECD_SENT_006,oecd,6,Sentiment,LU,CLI component: CS confidence indicator (normalised),"OECD.SDD.STES,DSD_STES@DF_CLI,4.1",LUX.M.LOCOCI.IX._Z.NOR.IX._Z.H,,,M,2003-01
LV_OECD_SENT_006,oecd,6,Sentiment,LV,CLI component: CS confidence indicator (normalised),"OECD.SDD.STES,DSD_STES@DF_CLI,4.1",LVA.M.LOCOCI.IX._Z.NOR.IX._Z.H,,,M,2003-01
MT_OECD_SENT_006,oecd,6,Sentiment,MT,CLI component: CS confidence indicator (normalised),"OECD.SDD.STES,DSD_STES@DF_CLI,4.1",MLT.M.LOCOCI.IX._Z.NOR.IX._Z.H,,,M,2003-01
NL_OECD_SENT_006,oecd,6,Sentiment,NL,CLI component: CS confidence indicator (normalised),"OECD.SDD.STES,DSD_STES@DF_CLI,4.1",NLD.M.LOCOCI.IX._Z.NOR.IX._Z.H,,,M,2003-01
PT_OECD_SENT_006,oecd,6,Sentiment,PT,CLI component: CS confidence indicator (normalised),"OECD.SDD.STES,DSD_STES@DF_CLI,4.1",PRT.M.LOCOCI.IX._Z.NOR.IX._Z.H,,,M,2003-01
SI_OECD_SENT_006,oecd,6,Sentiment,SI,CLI component: CS confidence indicator (normalised),"OECD.SDD.STES,DSD_STES@DF_CLI,4.1",SVN.M.LOCOCI.IX._Z.NOR.IX._Z.H,,,M,2003-01
SK_OECD_SENT_006,oecd,6,Sentiment,SK,CLI component: CS confidence indicator (normalised),"OECD.SDD.STES,DSD_STES@DF_CLI,4.1",SVK.M.LOCOCI.IX._Z.NOR.IX._Z.H,,,M,2003-01
AT_OECD_FIN_001,oecd,7,Financial,AT,Long-term interest rate,"OECD.SDD.STES,DSD_STES@DF_FINMARK,4.0",AUT.M.IRLT.PA._Z._Z._Z._Z.N,,,M,2003-01
BE_OECD_FIN_001,oecd,7,Financial,BE,Long-term interest rate,"OECD.SDD.STES,DSD_STES@DF_FINMARK,4.0",BEL.M.IRLT.PA._Z._Z._Z._Z.N,,,M,2003-01
CY_OECD_FIN_001,oecd,7,Financial,CY,Long-term interest rate,"OECD.SDD.STES,DSD_STES@DF_FINMARK,4.0",CYP.M.IRLT.PA._Z._Z._Z._Z.N,,,M,2003-01
DE_OECD_FIN_001,oecd,7,Financial,DE,Long-term interest rate,"OECD.SDD.STES,DSD_STES@DF_FINMARK,4.0",DEU.M.IRLT.PA._Z._Z._Z._Z.N,,,M,2003-01
EE_OECD_FIN_001,oecd,7,Financial,EE,Long-term interest rate,"OECD.SDD.STES,DSD_STES@DF_FINMARK,4.0",EST.M.IRLT.PA._Z._Z._Z._Z.N,,,M,2003-01
ES_OECD_FIN_001,oecd,7,Financial,ES,Long-term interest rate,"OECD.SDD.STES,DSD_STES@DF_FINMARK,4.0",ESP.M.IRLT.PA._Z._Z._Z._Z.N,,,M,2003-01
FI_OECD_FIN_001,oecd,7,Financial,FI,Long-term interest rate,"OECD.SDD.STES,DSD_STES@DF_FINMARK,4.0",FIN.M.IRLT.PA._Z._Z._Z._Z.N,,,M,2003-01
FR_OECD_FIN_001,oecd,7,Financial,FR,Long-term interest rate,"OECD.SDD.STES,DSD_STES@DF_FINMARK,4.0",FRA.M.IRLT.PA._Z._Z._Z._Z.N,,,M,2003-01
GR_OECD_FIN_001,oecd,7,Financial,GR,Long-term interest rate,"OECD.SDD.STES,DSD_STES@DF_FINMARK,4.0",GRC.M.IRLT.PA._Z._Z._Z._Z.N,,,M,2003-01
IE_OECD_FIN_001,oecd,7,Financial,IE,Long-term interest rate,"OECD.SDD.STES,DSD_STES@DF_FINMARK,4.0",IRL.M.IRLT.PA._Z._Z._Z._Z.N,,,M,2003-01
IT_OECD_FIN_001,oecd,7,Financial,IT,Long-term interest rate,"OECD.SDD.STES,DSD_STES@DF_FINMARK,4.0",ITA.M.IRLT.PA._Z._Z._Z._Z.N,,,M,2003-01
LT_OECD_FIN_001,oecd,7,Financial,LT,Long-term interest rate,"OECD.SDD.STES,DSD_STES@DF_FINMARK,4.0",LTU.M.IRLT.PA._Z._Z._Z._Z.N,,,M,2003-01
LU_OECD_FIN_001,oecd,7,Financial,LU,Long-term interest rate,"OECD.SDD.STES,DSD_STES@DF_FINMARK,4.0",LUX.M.IRLT.PA._Z._Z._Z._Z.N,,,M,2003-01
LV_OECD_FIN_001,oecd,7,Financial,LV,Long-term interest rate,"OECD.SDD.STES,DSD_STES@DF_FINMARK,4.0",LVA.M.IRLT.PA._Z._Z._Z._Z.N,,,M,2003-01
MT_OECD_FIN_001,oecd,7,Financial,MT,Long-term interest rate,"OECD.SDD.STES,DSD_STES@DF_FINMARK,4.0",MLT.M.IRLT.PA._Z._Z._Z._Z.N,,,M,2003-01
NL_OECD_FIN_001,oecd,7,Financial,NL,Long-term interest rate,"OECD.SDD.STES,DSD_STES@DF_FINMARK,4.0",NLD.M.IRLT.PA._Z._Z._Z._Z.N,,,M,2003-01
PT_OECD_FIN_001,oecd,7,Financial,PT,Long-term interest rate,"OECD.SDD.STES,DSD_STES@DF_FINMARK,4.0",PRT.M.IRLT.PA._Z._Z._Z._Z.N,,,M,2003-01
SI_OECD_FIN_001,oecd,7,Financial,SI,Long-term interest rate,"OECD.SDD.STES,DSD_STES@DF_FINMARK,4.0",SVN.M.IRLT.PA._Z._Z._Z._Z.N,,,M,2003-01
SK_OECD_FIN_001,oecd,7,Financial,SK,Long-term interest rate,"OECD.SDD.STES,DSD_STES@DF_FINMARK,4.0",SVK.M.IRLT.PA._Z._Z._Z._Z.N,,,M,2003-01
AT_OECD_FIN_002,oecd,7,Financial,AT,"Share prices (all shares/broad, index 2015=100)","OECD.SDD.STES,DSD_STES@DF_FINMARK,4.0",AUT.M.SHARE.IX._Z._Z._Z._Z.N,,,M,2003-01
BE_OECD_FIN_002,oecd,7,Financial,BE,"Share prices (all shares/broad, index 2015=100)","OECD.SDD.STES,DSD_STES@DF_FINMARK,4.0",BEL.M.SHARE.IX._Z._Z._Z._Z.N,,,M,2003-01
CY_OECD_FIN_002,oecd,7,Financial,CY,"Share prices (all shares/broad, index 2015=100)","OECD.SDD.STES,DSD_STES@DF_FINMARK,4.0",CYP.M.SHARE.IX._Z._Z._Z._Z.N,,,M,2003-01
DE_OECD_FIN_002,oecd,7,Financial,DE,"Share prices (all shares/broad, index 2015=100)","OECD.SDD.STES,DSD_STES@DF_FINMARK,4.0",DEU.M.SHARE.IX._Z._Z._Z._Z.N,,,M,2003-01
EE_OECD_FIN_002,oecd,7,Financial,EE,"Share prices (all shares/broad, index 2015=100)","OECD.SDD.STES,DSD_STES@DF_FINMARK,4.0",EST.M.SHARE.IX._Z._Z._Z._Z.N,,,M,2003-01
ES_OECD_FIN_002,oecd,7,Financial,ES,"Share prices (all shares/broad, index 2015=100)","OECD.SDD.STES,DSD_STES@DF_FINMARK,4.0",ESP.M.SHARE.IX._Z._Z._Z._Z.N,,,M,2003-01
FI_OECD_FIN_002,oecd,7,Financial,FI,"Share prices (all shares/broad, index 2015=100)","OECD.SDD.STES,DSD_STES@DF_FINMARK,4.0",FIN.M.SHARE.IX._Z._Z._Z._Z.N,,,M,2003-01
FR_OECD_FIN_002,oecd,7,Financial,FR,"Share prices (all shares/broad, index 2015=100)","OECD.SDD.STES,DSD_STES@DF_FINMARK,4.0",FRA.M.SHARE.IX._Z._Z._Z._Z.N,,,M,2003-01
GR_OECD_FIN_002,oecd,7,Financial,GR,"Share prices (all shares/broad, index 2015=100)","OECD.SDD.STES,DSD_STES@DF_FINMARK,4.0",GRC.M.SHARE.IX._Z._Z._Z._Z.N,,,M,2003-01
IE_OECD_FIN_002,oecd,7,Financial,IE,"Share prices (all shares/broad, index 2015=100)","OECD.SDD.STES,DSD_STES@DF_FINMARK,4.0",IRL.M.SHARE.IX._Z._Z._Z._Z.N,,,M,2003-01
IT_OECD_FIN_002,oecd,7,Financial,IT,"Share prices (all shares/broad, index 2015=100)","OECD.SDD.STES,DSD_STES@DF_FINMARK,4.0",ITA.M.SHARE.IX._Z._Z._Z._Z.N,,,M,2003-01
LT_OECD_FIN_002,oecd,7,Financial,LT,"Share prices (all shares/broad, index 2015=100)","OECD.SDD.STES,DSD_STES@DF_FINMARK,4.0",LTU.M.SHARE.IX._Z._Z._Z._Z.N,,,M,2003-01
LU_OECD_FIN_002,oecd,7,Financial,LU,"Share prices (all shares/broad, index 2015=100)","OECD.SDD.STES,DSD_STES@DF_FINMARK,4.0",LUX.M.SHARE.IX._Z._Z._Z._Z.N,,,M,2003-01
LV_OECD_FIN_002,oecd,7,Financial,LV,"Share prices (all shares/broad, index 2015=100)","OECD.SDD.STES,DSD_STES@DF_FINMARK,4.0",LVA.M.SHARE.IX._Z._Z._Z._Z.N,,,M,2003-01
MT_OECD_FIN_002,oecd,7,Financial,MT,"Share prices (all shares/broad, index 2015=100)","OECD.SDD.STES,DSD_STES@DF_FINMARK,4.0",MLT.M.SHARE.IX._Z._Z._Z._Z.N,,,M,2003-01
NL_OECD_FIN_002,oecd,7,Financial,NL,"Share prices (all shares/broad, index 2015=100)","OECD.SDD.STES,DSD_STES@DF_FINMARK,4.0",NLD.M.SHARE.IX._Z._Z._Z._Z.N,,,M,2003-01
PT_OECD_FIN_002,oecd,7,Financial,PT,"Share prices (all shares/broad, index 2015=100)","OECD.SDD.STES,DSD_STES@DF_FINMARK,4.0",PRT.M.SHARE.IX._Z._Z._Z._Z.N,,,M,2003-01
SI_OECD_FIN_002,oecd,7,Financial,SI,"Share prices (all shares/broad, index 2015=100)","OECD.SDD.STES,DSD_STES@DF_FINMARK,4.0",SVN.M.SHARE.IX._Z._Z._Z._Z.N,,,M,2003-01
SK_OECD_FIN_002,oecd,7,Financial,SK,"Share prices (all shares/broad, index 2015=100)","OECD.SDD.STES,DSD_STES@DF_FINMARK,4.0",SVK.M.SHARE.IX._Z._Z._Z._Z.N,,,M,2003-01
AT_NEER_001,bis,7,Financial,AT,Nominal Effective Exchange Rate – broad (index 2020=100),WS_EER,M.N.B.AT,,,M,2003-01
BE_NEER_001,bis,7,Financial,BE,Nominal Effective Exchange Rate – broad (index 2020=100),WS_EER,M.N.B.BE,,,M,2003-01
CY_NEER_001,bis,7,Financial,CY,Nominal Effective Exchange Rate – broad (index 2020=100),WS_EER,M.N.B.CY,,,M,2003-01
DE_NEER_001,bis,7,Financial,DE,Nominal Effective Exchange Rate – broad (index 2020=100),WS_EER,M.N.B.DE,,,M,2003-01
EE_NEER_001,bis,7,Financial,EE,Nominal Effective Exchange Rate – broad (index 2020=100),WS_EER,M.N.B.EE,,,M,2003-01
ES_NEER_001,bis,7,Financial,ES,Nominal Effective Exchange Rate – broad (index 2020=100),WS_EER,M.N.B.ES,,,M,2003-01
FI_NEER_001,bis,7,Financial,FI,Nominal Effective Exchange Rate – broad (index 2020=100),WS_EER,M.N.B.FI,,,M,2003-01
FR_NEER_001,bis,7,Financial,FR,Nominal Effective Exchange Rate – broad (index 2020=100),WS_EER,M.N.B.FR,,,M,2003-01
GR_NEER_001,bis,7,Financial,GR,Nominal Effective Exchange Rate – broad (index 2020=100),WS_EER,M.N.B.GR,,,M,2003-01
IE_NEER_001,bis,7,Financial,IE,Nominal Effective Exchange Rate – broad (index 2020=100),WS_EER,M.N.B.IE,,,M,2003-01
IT_NEER_001,bis,7,Financial,IT,Nominal Effective Exchange Rate – broad (index 2020=100),WS_EER,M.N.B.IT,,,M,2003-01
LT_NEER_001,bis,7,Financial,LT,Nominal Effective Exchange Rate – broad (index 2020=100),WS_EER,M.N.B.LT,,,M,2003-01
LU_NEER_001,bis,7,Financial,LU,Nominal Effective Exchange Rate – broad (index 2020=100),WS_EER,M.N.B.LU,,,M,2003-01
LV_NEER_001,bis,7,Financial,LV,Nominal Effective Exchange Rate – broad (index 2020=100),WS_EER,M.N.B.LV,,,M,2003-01
MT_NEER_001,bis,7,Financial,MT,Nominal Effective Exchange Rate – broad (index 2020=100),WS_EER,M.N.B.MT,,,M,2003-01
NL_NEER_001,bis,7,Financial,NL,Nominal Effective Exchange Rate – broad (index 2020=100),WS_EER,M.N.B.NL,,,M,2003-01
PT_NEER_001,bis,7,Financial,PT,Nominal Effective Exchange Rate – broad (index 2020=100),WS_EER,M.N.B.PT,,,M,2003-01
SI_NEER_001,bis,7,Financial,SI,Nominal Effective Exchange Rate – broad (index 2020=100),WS_EER,M.N.B.SI,,,M,2003-01
SK_NEER_001,bis,7,Financial,SK,Nominal Effective Exchange Rate – broad (index 2020=100),WS_EER,M.N.B.SK,,,M,2003-01
